use openiam;

DELETE FROM res_to_res_membership WHERE MEMBER_RESOURCE_ID IN('TEMPLATE_SEARCH_CHILD', 'PAGE_TEMPLATE_ROOT', 'PAGE_TEMPLATE_SEARCH',
                                                              'PAGE_TEMPLATE_NEW', 'PAGE_TEMPLATE_EDIT','PAGE_TEMPLATE_EDIT_SEARCH',
                                                              'PAGE_TEMPLATE_EDIT_NEW', 'CUSTOM_FIELD_SEARCH_CHILD',
                                                              'CUSTOM_FIELD_ROOT','CUSTOM_FIELD_SEARCH','CUSTOM_FIELD_NEW',
                                                              'CUSTOM_FIELD_EDIT','CUSTOM_FIELD_EDIT_SEARCH','CUSTOM_FIELD_EDIT_NEW');

DELETE FROM res_to_res_membership WHERE RESOURCE_ID IN('TEMPLATE_SEARCH_CHILD', 'PAGE_TEMPLATE_ROOT', 'PAGE_TEMPLATE_SEARCH',
                                                       'PAGE_TEMPLATE_NEW', 'PAGE_TEMPLATE_EDIT','PAGE_TEMPLATE_EDIT_SEARCH',
                                                       'PAGE_TEMPLATE_EDIT_NEW', 'CUSTOM_FIELD_SEARCH_CHILD',
                                                       'CUSTOM_FIELD_ROOT','CUSTOM_FIELD_SEARCH','CUSTOM_FIELD_NEW',
                                                       'CUSTOM_FIELD_EDIT','CUSTOM_FIELD_EDIT_SEARCH','CUSTOM_FIELD_EDIT_NEW');

DELETE FROM RESOURCE_PROP WHERE RESOURCE_ID IN('TEMPLATE_SEARCH_CHILD', 'PAGE_TEMPLATE_ROOT', 'PAGE_TEMPLATE_SEARCH',
                                               'PAGE_TEMPLATE_NEW', 'PAGE_TEMPLATE_EDIT','PAGE_TEMPLATE_EDIT_SEARCH',
                                               'PAGE_TEMPLATE_EDIT_NEW', 'CUSTOM_FIELD_SEARCH_CHILD',
                                               'CUSTOM_FIELD_ROOT','CUSTOM_FIELD_SEARCH','CUSTOM_FIELD_NEW',
                                               'CUSTOM_FIELD_EDIT','CUSTOM_FIELD_EDIT_SEARCH','CUSTOM_FIELD_EDIT_NEW');

DELETE FROM RES WHERE RESOURCE_ID IN('TEMPLATE_SEARCH_CHILD', 'PAGE_TEMPLATE_ROOT', 'PAGE_TEMPLATE_SEARCH',
                                     'PAGE_TEMPLATE_NEW', 'PAGE_TEMPLATE_EDIT','PAGE_TEMPLATE_EDIT_SEARCH',
                                     'PAGE_TEMPLATE_EDIT_NEW', 'CUSTOM_FIELD_SEARCH_CHILD',
                                     'CUSTOM_FIELD_ROOT','CUSTOM_FIELD_SEARCH','CUSTOM_FIELD_NEW',
                                     'CUSTOM_FIELD_EDIT','CUSTOM_FIELD_EDIT_SEARCH','CUSTOM_FIELD_EDIT_NEW');


INSERT INTO RES (RESOURCE_ID, RESOURCE_TYPE_ID, NAME, DESCRIPTION, URL) VALUES('TEMPLATE_SEARCH_CHILD', 'MENU_ITEM', 'TEMPLATE_SEARCH_CHILD', 'Page Template Search', '/webconsole/pageTemplates.html');
INSERT INTO RESOURCE_PROP (RESOURCE_PROP_ID, RESOURCE_ID, NAME, PROP_VALUE) VALUES ('TEMPLATE_SEARCH_CHILD_PUB', 'TEMPLATE_SEARCH_CHILD', 'MENU_IS_PUBLIC', 'true');
INSERT INTO RESOURCE_PROP (RESOURCE_PROP_ID, RESOURCE_ID, NAME, PROP_VALUE) VALUES ('TEMPLATE_SEARCH_CHILD_DESC', 'TEMPLATE_SEARCH_CHILD', 'MENU_DISPLAY_NAME', 'Page Template');
INSERT INTO res_to_res_membership (RESOURCE_ID, MEMBER_RESOURCE_ID) VALUES('ADMIN', 'TEMPLATE_SEARCH_CHILD');

INSERT INTO RES (RESOURCE_ID, RESOURCE_TYPE_ID, NAME, DESCRIPTION) VALUES('PAGE_TEMPLATE_ROOT', 'MENU_ITEM', 'PAGE_TEMPLATE_ROOT', 'Page Template Root Menu');
INSERT INTO RESOURCE_PROP (RESOURCE_PROP_ID, RESOURCE_ID, NAME, PROP_VALUE) VALUES ('PAGE_TEMPLATE_ROOT_PUB', 'PAGE_TEMPLATE_ROOT', 'MENU_IS_PUBLIC', 'true');
INSERT INTO RESOURCE_PROP (RESOURCE_PROP_ID, RESOURCE_ID, NAME, PROP_VALUE) VALUES ('PAGE_TEMPLATE_ROOT_DESC', 'PAGE_TEMPLATE_ROOT', 'MENU_DISPLAY_NAME', 'Page Template Root Menu');


INSERT INTO RES (RESOURCE_ID, RESOURCE_TYPE_ID, NAME, DESCRIPTION, URL) VALUES('PAGE_TEMPLATE_SEARCH', 'MENU_ITEM', 'PAGE_TEMPLATE_SEARCH', 'Search Page Templates', '/webconsole/pageTemplates.html');
INSERT INTO RESOURCE_PROP (RESOURCE_PROP_ID, RESOURCE_ID, NAME, PROP_VALUE) VALUES ('PAGE_TEMPLATE_SEARCH_PUB', 'PAGE_TEMPLATE_SEARCH', 'MENU_IS_PUBLIC', 'true');
INSERT INTO RESOURCE_PROP (RESOURCE_PROP_ID, RESOURCE_ID, NAME, PROP_VALUE) VALUES ('PAGE_TEMPLATE_SEARCH_DESC', 'PAGE_TEMPLATE_SEARCH', 'MENU_DISPLAY_NAME', 'Search Page Templates');


INSERT INTO RES (RESOURCE_ID, RESOURCE_TYPE_ID, NAME, DESCRIPTION, URL) VALUES('PAGE_TEMPLATE_NEW', 'MENU_ITEM', 'PAGE_TEMPLATE_NEW', 'Create Content Provider', '/webconsole/newPageTemplate.html');
INSERT INTO RESOURCE_PROP (RESOURCE_PROP_ID, RESOURCE_ID, NAME, PROP_VALUE) VALUES ('PAGE_TEMPLATE_NEW_PUB', 'PAGE_TEMPLATE_NEW', 'MENU_IS_PUBLIC', 'true');
INSERT INTO RESOURCE_PROP (RESOURCE_PROP_ID, RESOURCE_ID, NAME, PROP_VALUE) VALUES ('PAGE_TEMPLATE_NEW_DSC', 'PAGE_TEMPLATE_NEW', 'MENU_DISPLAY_NAME', 'Create New Template');

INSERT INTO res_to_res_membership (RESOURCE_ID, MEMBER_RESOURCE_ID) VALUES('PAGE_TEMPLATE_ROOT', 'PAGE_TEMPLATE_SEARCH');
INSERT INTO res_to_res_membership (RESOURCE_ID, MEMBER_RESOURCE_ID) VALUES('PAGE_TEMPLATE_ROOT', 'PAGE_TEMPLATE_NEW');


INSERT INTO RES (RESOURCE_ID, RESOURCE_TYPE_ID, NAME, DESCRIPTION) VALUES('PAGE_TEMPLATE_EDIT', 'MENU_ITEM', 'PAGE_TEMPLATE_EDIT', 'Page Template Edit Menu');
INSERT INTO RESOURCE_PROP (RESOURCE_PROP_ID, RESOURCE_ID, NAME, PROP_VALUE) VALUES ('PAGE_TEMPLATE_EDIT_PUB', 'PAGE_TEMPLATE_EDIT', 'MENU_IS_PUBLIC', 'true');
INSERT INTO RESOURCE_PROP (RESOURCE_PROP_ID, RESOURCE_ID, NAME, PROP_VALUE) VALUES ('PAGE_TEMPLATE_EDIT_DESC', 'PAGE_TEMPLATE_EDIT', 'MENU_DISPLAY_NAME', 'Page Template Edit Menu');

INSERT INTO RES (RESOURCE_ID, RESOURCE_TYPE_ID, NAME, DESCRIPTION, URL) VALUES('PAGE_TEMPLATE_EDIT_SEARCH', 'MENU_ITEM', 'PAGE_TEMPLATE_EDIT_SEARCH', 'Back to Search', '/webconsole/pageTemplates.html');
INSERT INTO RESOURCE_PROP (RESOURCE_PROP_ID, RESOURCE_ID, NAME, PROP_VALUE) VALUES ('PAGE_TEMPLATE_EDIT_SEARCH_PUB', 'PAGE_TEMPLATE_EDIT_SEARCH', 'MENU_IS_PUBLIC', 'true');
INSERT INTO RESOURCE_PROP (RESOURCE_PROP_ID, RESOURCE_ID, NAME, PROP_VALUE) VALUES ('PAGE_TEMPLATE_EDIT_SEARCH_DESC', 'PAGE_TEMPLATE_EDIT_SEARCH', 'MENU_DISPLAY_NAME', 'Back to Search');

INSERT INTO RES (RESOURCE_ID, RESOURCE_TYPE_ID, NAME, DESCRIPTION, URL) VALUES('PAGE_TEMPLATE_EDIT_NEW', 'MENU_ITEM', 'PAGE_TEMPLATE_EDIT_NEW', 'Create New Template', '/webconsole/newPageTemplate.html');
INSERT INTO RESOURCE_PROP (RESOURCE_PROP_ID, RESOURCE_ID, NAME, PROP_VALUE) VALUES ('PAGE_TEMPLATE_EDIT_NEW_PUB', 'PAGE_TEMPLATE_EDIT_NEW', 'MENU_IS_PUBLIC', 'true');
INSERT INTO RESOURCE_PROP (RESOURCE_PROP_ID, RESOURCE_ID, NAME, PROP_VALUE) VALUES ('PAGE_TEMPLATE_EDIT_NEW_DESC', 'PAGE_TEMPLATE_EDIT_NEW', 'MENU_DISPLAY_NAME', 'Create New Template');


INSERT INTO res_to_res_membership (RESOURCE_ID, MEMBER_RESOURCE_ID) VALUES('PAGE_TEMPLATE_EDIT', 'PAGE_TEMPLATE_EDIT_SEARCH');
INSERT INTO res_to_res_membership (RESOURCE_ID, MEMBER_RESOURCE_ID) VALUES('PAGE_TEMPLATE_EDIT', 'PAGE_TEMPLATE_EDIT_NEW');




INSERT INTO RES (RESOURCE_ID, RESOURCE_TYPE_ID, NAME, DESCRIPTION, URL) VALUES('CUSTOM_FIELD_SEARCH_CHILD', 'MENU_ITEM', 'CUSTOM_FIELD_SEARCH_CHILD', 'Custom Field Search', '/webconsole/customFields.html');
INSERT INTO RESOURCE_PROP (RESOURCE_PROP_ID, RESOURCE_ID, NAME, PROP_VALUE) VALUES ('CUSTOM_FIELD_SEARCH_CHILD_PUB', 'CUSTOM_FIELD_SEARCH_CHILD', 'MENU_IS_PUBLIC', 'true');
INSERT INTO RESOURCE_PROP (RESOURCE_PROP_ID, RESOURCE_ID, NAME, PROP_VALUE) VALUES ('CUSTOM_FIELD_SEARCH_CHILD_DESC', 'CUSTOM_FIELD_SEARCH_CHILD', 'MENU_DISPLAY_NAME', 'Custom Fields');
INSERT INTO res_to_res_membership (RESOURCE_ID, MEMBER_RESOURCE_ID) VALUES('ADMIN', 'CUSTOM_FIELD_SEARCH_CHILD');

INSERT INTO RES (RESOURCE_ID, RESOURCE_TYPE_ID, NAME, DESCRIPTION) VALUES('CUSTOM_FIELD_ROOT', 'MENU_ITEM', 'CUSTOM_FIELD_ROOT', 'Custom Field Root Menu');
INSERT INTO RESOURCE_PROP (RESOURCE_PROP_ID, RESOURCE_ID, NAME, PROP_VALUE) VALUES ('CUSTOM_FIELD_ROOT_PUB', 'CUSTOM_FIELD_ROOT', 'MENU_IS_PUBLIC', 'true');
INSERT INTO RESOURCE_PROP (RESOURCE_PROP_ID, RESOURCE_ID, NAME, PROP_VALUE) VALUES ('CUSTOM_FIELD_ROOT_DESC', 'CUSTOM_FIELD_ROOT', 'MENU_DISPLAY_NAME', 'Custom Field Root Menu');


INSERT INTO RES (RESOURCE_ID, RESOURCE_TYPE_ID, NAME, DESCRIPTION, URL) VALUES('CUSTOM_FIELD_SEARCH', 'MENU_ITEM', 'CUSTOM_FIELD_SEARCH', 'Search Custom Fields', '/webconsole/customFields.html');
INSERT INTO RESOURCE_PROP (RESOURCE_PROP_ID, RESOURCE_ID, NAME, PROP_VALUE) VALUES ('CUSTOM_FIELD_SEARCH_PUB', 'CUSTOM_FIELD_SEARCH', 'MENU_IS_PUBLIC', 'true');
INSERT INTO RESOURCE_PROP (RESOURCE_PROP_ID, RESOURCE_ID, NAME, PROP_VALUE) VALUES ('CUSTOM_FIELD_SEARCH_DESC', 'CUSTOM_FIELD_SEARCH', 'MENU_DISPLAY_NAME', 'Search Custom Fields');


INSERT INTO RES (RESOURCE_ID, RESOURCE_TYPE_ID, NAME, DESCRIPTION, URL) VALUES('CUSTOM_FIELD_NEW', 'MENU_ITEM', 'CUSTOM_FIELD_NEW', 'Create New Custom Field', '/webconsole/newCustomField.html');
INSERT INTO RESOURCE_PROP (RESOURCE_PROP_ID, RESOURCE_ID, NAME, PROP_VALUE) VALUES ('CUSTOM_FIELD_NEW_PUB', 'CUSTOM_FIELD_NEW', 'MENU_IS_PUBLIC', 'true');
INSERT INTO RESOURCE_PROP (RESOURCE_PROP_ID, RESOURCE_ID, NAME, PROP_VALUE) VALUES ('CUSTOM_FIELD_NEW_DSC', 'CUSTOM_FIELD_NEW', 'MENU_DISPLAY_NAME', 'Create New Custom Field');

INSERT INTO res_to_res_membership (RESOURCE_ID, MEMBER_RESOURCE_ID) VALUES('CUSTOM_FIELD_ROOT', 'CUSTOM_FIELD_SEARCH');
INSERT INTO res_to_res_membership (RESOURCE_ID, MEMBER_RESOURCE_ID) VALUES('CUSTOM_FIELD_ROOT', 'CUSTOM_FIELD_NEW');


INSERT INTO RES (RESOURCE_ID, RESOURCE_TYPE_ID, NAME, DESCRIPTION) VALUES('CUSTOM_FIELD_EDIT', 'MENU_ITEM', 'CUSTOM_FIELD_EDIT', 'Custom Field Edit Menu');
INSERT INTO RESOURCE_PROP (RESOURCE_PROP_ID, RESOURCE_ID, NAME, PROP_VALUE) VALUES ('CUSTOM_FIELD_EDIT_PUB', 'CUSTOM_FIELD_EDIT', 'MENU_IS_PUBLIC', 'true');
INSERT INTO RESOURCE_PROP (RESOURCE_PROP_ID, RESOURCE_ID, NAME, PROP_VALUE) VALUES ('CUSTOM_FIELD_EDIT_DESC', 'CUSTOM_FIELD_EDIT', 'MENU_DISPLAY_NAME', 'Custom Field Edit Menu');

INSERT INTO RES (RESOURCE_ID, RESOURCE_TYPE_ID, NAME, DESCRIPTION, URL) VALUES('CUSTOM_FIELD_EDIT_SEARCH', 'MENU_ITEM', 'CUSTOM_FIELD_EDIT_SEARCH', 'Back to Search', '/webconsole/customFields.html');
INSERT INTO RESOURCE_PROP (RESOURCE_PROP_ID, RESOURCE_ID, NAME, PROP_VALUE) VALUES ('CUSTOM_FIELD_EDIT_SEARCH_PUB', 'CUSTOM_FIELD_EDIT_SEARCH', 'MENU_IS_PUBLIC', 'true');
INSERT INTO RESOURCE_PROP (RESOURCE_PROP_ID, RESOURCE_ID, NAME, PROP_VALUE) VALUES ('CUSTOM_FIELD_EDIT_SEARCH_DESC', 'CUSTOM_FIELD_EDIT_SEARCH', 'MENU_DISPLAY_NAME', 'Back to Search');

INSERT INTO RES (RESOURCE_ID, RESOURCE_TYPE_ID, NAME, DESCRIPTION, URL) VALUES('CUSTOM_FIELD_EDIT_NEW', 'MENU_ITEM', 'CUSTOM_FIELD_EDIT_NEW', 'Create New Custom Field', '/webconsole/newCustomField.html');
INSERT INTO RESOURCE_PROP (RESOURCE_PROP_ID, RESOURCE_ID, NAME, PROP_VALUE) VALUES ('CUSTOM_FIELD_EDIT_NEW_PUB', 'CUSTOM_FIELD_EDIT_NEW', 'MENU_IS_PUBLIC', 'true');
INSERT INTO RESOURCE_PROP (RESOURCE_PROP_ID, RESOURCE_ID, NAME, PROP_VALUE) VALUES ('CUSTOM_FIELD_EDIT_NEW_DESC', 'CUSTOM_FIELD_EDIT_NEW', 'MENU_DISPLAY_NAME', 'Create New Custom Field');


INSERT INTO res_to_res_membership (RESOURCE_ID, MEMBER_RESOURCE_ID) VALUES('CUSTOM_FIELD_EDIT', 'CUSTOM_FIELD_EDIT_SEARCH');
INSERT INTO res_to_res_membership (RESOURCE_ID, MEMBER_RESOURCE_ID) VALUES('CUSTOM_FIELD_EDIT', 'CUSTOM_FIELD_EDIT_NEW');





