UPDATE RES SET URL='/webconsole/resources.html' WHERE RESOURCE_ID='SECURITY_RES';

INSERT INTO RES (RESOURCE_ID, RESOURCE_TYPE_ID, NAME, DESCRIPTION) VALUES('RESOURCE_MENU_ROOT', 'MENU_ITEM', 'RESOURCE_MENU_ROOT', 'Root for Resource Context Menu');

UPDATE res_to_res_membership SET RESOURCE_ID='RESOURCE_MENU_ROOT' WHERE RESOURCE_ID='SECURITY_RES';

UPDATE RES SET URL='/webconsole/resources.html' WHERE RESOURCE_ID='RESSUMMARY';

INSERT INTO RES (RESOURCE_ID, RESOURCE_TYPE_ID, NAME, DESCRIPTION, URL) VALUES('CREATE_RESOURCE_MENU', 'MENU_ITEM', 'CREATE_RESOURCE_MENU', 'Resource for Menu Creation', '/webconsole/newResource.html');

INSERT INTO res_to_res_membership (RESOURCE_ID, MEMBER_RESOURCE_ID) VALUES('RESOURCE_MENU_ROOT', 'CREATE_RESOURCE_MENU');

INSERT INTO RESOURCE_PROP (RESOURCE_PROP_ID, RESOURCE_ID, NAME, PROP_VALUE) VALUES ('CR_RES_DISP_NAME', 'CREATE_RESOURCE_MENU', 'MENU_DISPLAY_NAME', 'Create New Resource');
INSERT INTO RESOURCE_PROP (RESOURCE_PROP_ID, RESOURCE_ID, NAME, PROP_VALUE) VALUES ('CR_RES_MENU_PUB', 'CREATE_RESOURCE_MENU', 'MENU_IS_PUBLIC', 'true'); 
/* update menus to have 'resouce page' */
UPDATE RES SET URL='/webconsole/editResource.html' WHERE RESOURCE_ID='CREATE_RESOURCE_MENU';



INSERT INTO RES (RESOURCE_ID, RESOURCE_TYPE_ID, NAME) VALUES('RESOURCE_EDIT_PAGE_ROOT', 'MENU_ITEM', 'RESOURCE_EDIT_PAGE_ROOT');
INSERT INTO RESOURCE_PROP (RESOURCE_PROP_ID, RESOURCE_ID, NAME, PROP_VALUE) VALUES ('RESOURCE_EDIT_PAGE_ROOT_PUB', 'RESOURCE_EDIT_PAGE_ROOT', 'MENU_IS_PUBLIC', 'true');
INSERT INTO RESOURCE_PROP (RESOURCE_PROP_ID, RESOURCE_ID, NAME, PROP_VALUE) VALUES ('RESOURCE_EDIT_PAGE_ROOT_DIS', 'RESOURCE_EDIT_PAGE_ROOT', 'MENU_DISPLAY_NAME', 'Resource Edit Page Root');

INSERT INTO RES (RESOURCE_ID, RESOURCE_TYPE_ID, NAME, DESCRIPTION, URL) VALUES('EDIT_RESOURCE', 'MENU_ITEM', 'EDIT_RESOURCE', 'Edit Resource','/webconsole/editResource.html');
INSERT INTO RESOURCE_PROP (RESOURCE_PROP_ID, RESOURCE_ID, NAME, PROP_VALUE) VALUES ('EDIT_RESOURCE_PUB', 'EDIT_RESOURCE', 'MENU_IS_PUBLIC', 'true');
INSERT INTO RESOURCE_PROP (RESOURCE_PROP_ID, RESOURCE_ID, NAME, PROP_VALUE) VALUES ('EDIT_RESOURCE_DIS', 'EDIT_RESOURCE', 'MENU_DISPLAY_NAME', 'Edit Resource');

INSERT INTO RES (RESOURCE_ID, RESOURCE_TYPE_ID, NAME, DESCRIPTION, URL) VALUES('RES_ATTR_PAGE', 'MENU_ITEM', 'RES_ATTR_PAGE', 'Resource Attributes','/webconsole/resourceAttributes.html');
INSERT INTO RESOURCE_PROP (RESOURCE_PROP_ID, RESOURCE_ID, NAME, PROP_VALUE) VALUES ('RES_ATTR_PAGE_PUB', 'RES_ATTR_PAGE', 'MENU_IS_PUBLIC', 'true');
INSERT INTO RESOURCE_PROP (RESOURCE_PROP_ID, RESOURCE_ID, NAME, PROP_VALUE) VALUES ('RES_ATTR_PAGE_DIS', 'RES_ATTR_PAGE', 'MENU_DISPLAY_NAME', 'Attributes & Patterns');

INSERT INTO RES (RESOURCE_ID, RESOURCE_TYPE_ID, NAME, DESCRIPTION, URL) VALUES('RES_ENT_SUB', 'MENU_ITEM', 'RES_ENT_SUB', 'Resouce Entitlements','/webconsole/resourceEntitlements.html');
INSERT INTO RESOURCE_PROP (RESOURCE_PROP_ID, RESOURCE_ID, NAME, PROP_VALUE) VALUES ('RES_ENT_SUB_PUB', 'RES_ENT_SUB', 'MENU_IS_PUBLIC', 'true');
INSERT INTO RESOURCE_PROP (RESOURCE_PROP_ID, RESOURCE_ID, NAME, PROP_VALUE) VALUES ('RES_ENT_SUB_DIS', 'RES_ENT_SUB', 'MENU_DISPLAY_NAME', 'Entitlements');


INSERT INTO res_to_res_membership (RESOURCE_ID, MEMBER_RESOURCE_ID) VALUES('RESOURCE_EDIT_PAGE_ROOT', 'RES_ENT_SUB');
INSERT INTO res_to_res_membership (RESOURCE_ID, MEMBER_RESOURCE_ID) VALUES('RESOURCE_EDIT_PAGE_ROOT', 'RES_ATTR_PAGE');
INSERT INTO res_to_res_membership (RESOURCE_ID, MEMBER_RESOURCE_ID) VALUES('RESOURCE_EDIT_PAGE_ROOT', 'EDIT_RESOURCE');
