UPDATE RES SET URL='/webconsole/resources.html' WHERE RESOURCE_ID='SECURITY_RES';

INSERT INTO RES (RESOURCE_ID, RESOURCE_TYPE_ID, NAME, DESCRIPTION) VALUES('RESOURCE_MENU_ROOT', 'MENU_ITEM', 'RESOURCE_MENU_ROOT', 'Root for Resource Context Menu');

UPDATE res_to_res_membership SET RESOURCE_ID='RESOURCE_MENU_ROOT' WHERE RESOURCE_ID='SECURITY_RES';

UPDATE RES SET URL='/webconsole/resources.html' WHERE RESOURCE_ID='RESSUMMARY';

INSERT INTO RES (RESOURCE_ID, RESOURCE_TYPE_ID, NAME, DESCRIPTION, URL) VALUES('CREATE_RESOURCE_MENU', 'MENU_ITEM', 'CREATE_RESOURCE_MENU', 'Resource for Menu Creation', '/webconsole/newResource.html');

INSERT INTO res_to_res_membership (RESOURCE_ID, MEMBER_RESOURCE_ID) VALUES('RESOURCE_MENU_ROOT', 'CREATE_RESOURCE_MENU');

INSERT INTO RESOURCE_PROP (RESOURCE_PROP_ID, RESOURCE_ID, NAME, PROP_VALUE) VALUES ('CR_RES_DISP_NAME', 'CREATE_RESOURCE_MENU', 'MENU_DISPLAY_NAME', 'Create New Resource');
INSERT INTO RESOURCE_PROP (RESOURCE_PROP_ID, RESOURCE_ID, NAME, PROP_VALUE) VALUES ('CR_RES_MENU_PUB', 'CREATE_RESOURCE_MENU', 'MENU_IS_PUBLIC', 'true');

/* script to edit menu for user management*/
UPDATE RES SET URL='/webconsole/users.html' WHERE RESOURCE_ID='USER';
UPDATE RES SET URL='/webconsole/users.html' WHERE RESOURCE_ID='QUERYUSER';

INSERT INTO RES (RESOURCE_ID, RESOURCE_TYPE_ID, NAME, DESCRIPTION) VALUES('USER_MENU_ROOT', 'MENU_ITEM', 'USER_MENU_ROOT', 'Root for User Context Menu');
INSERT INTO RES (RESOURCE_ID, RESOURCE_TYPE_ID, NAME, DESCRIPTION) VALUES('USER_EDIT_MENU_ROOT', 'MENU_ITEM', 'USER_EDIT_MENU_ROOT', 'Root for Edit User Context Menu');
INSERT INTO RES (RESOURCE_ID, RESOURCE_TYPE_ID, NAME, DESCRIPTION, URL) VALUES('NEW_USER', 'MENU_ITEM', 'NEW_USER', 'New User Context Menu','/webconsole/newUser.html');

UPDATE RES SET URL='/webconsole/newUser.html' WHERE RESOURCE_ID='ADDUSER';

UPDATE res_to_res_membership SET RESOURCE_ID='USER_MENU_ROOT' WHERE RESOURCE_ID='USER' and MEMBER_RESOURCE_ID='ADDUSER';
UPDATE res_to_res_membership SET RESOURCE_ID='USER_EDIT_MENU_ROOT' WHERE RESOURCE_ID='USER';
UPDATE res_to_res_membership SET RESOURCE_ID='USER_EDIT_MENU_ROOT' WHERE RESOURCE_ID='QUERYUSER';
INSERT INTO res_to_res_membership (RESOURCE_ID, MEMBER_RESOURCE_ID) VALUES('USER_EDIT_MENU_ROOT', 'NEW_USER');

INSERT INTO RESOURCE_PROP (RESOURCE_PROP_ID, RESOURCE_ID, NAME, PROP_VALUE) VALUES ('ADDUSER_MENU_PUB', 'ADDUSER', 'MENU_IS_PUBLIC', 'true');
INSERT INTO RESOURCE_PROP (RESOURCE_PROP_ID, RESOURCE_ID, NAME, PROP_VALUE) VALUES ('USER_MENU_PUB', 'USER', 'MENU_IS_PUBLIC', 'true');
INSERT INTO RESOURCE_PROP (RESOURCE_PROP_ID, RESOURCE_ID, NAME, PROP_VALUE) VALUES ('USER_BULK_MENU_PUB', 'USER_BULK', 'MENU_IS_PUBLIC', 'true');
INSERT INTO RESOURCE_PROP (RESOURCE_PROP_ID, RESOURCE_ID, NAME, PROP_VALUE) VALUES ('USERSUMMARY_MENU_PUB', 'USERSUMMARY', 'MENU_IS_PUBLIC', 'true');
INSERT INTO RESOURCE_PROP (RESOURCE_PROP_ID, RESOURCE_ID, NAME, PROP_VALUE) VALUES ('USERROLE_MENU_PUB', 'USERROLE', 'MENU_IS_PUBLIC', 'true');
INSERT INTO RESOURCE_PROP (RESOURCE_PROP_ID, RESOURCE_ID, NAME, PROP_VALUE) VALUES ('USERPSWDRESET_MENU_PUB', 'USERPSWDRESET', 'MENU_IS_PUBLIC', 'true');
INSERT INTO RESOURCE_PROP (RESOURCE_PROP_ID, RESOURCE_ID, NAME, PROP_VALUE) VALUES ('USERORG_MENU_PUB', 'USERORG', 'MENU_IS_PUBLIC', 'true');
INSERT INTO RESOURCE_PROP (RESOURCE_PROP_ID, RESOURCE_ID, NAME, PROP_VALUE) VALUES ('USERIDENTITY_MENU_PUB', 'USERIDENTITY', 'MENU_IS_PUBLIC', 'true');
INSERT INTO RESOURCE_PROP (RESOURCE_PROP_ID, RESOURCE_ID, NAME, PROP_VALUE) VALUES ('USERHISTORY_MENU_PUB', 'USERHISTORY', 'MENU_IS_PUBLIC', 'true');
INSERT INTO RESOURCE_PROP (RESOURCE_PROP_ID, RESOURCE_ID, NAME, PROP_VALUE) VALUES ('USERGROUP_MENU_PUB', 'USERGROUP', 'MENU_IS_PUBLIC', 'true');
INSERT INTO RESOURCE_PROP (RESOURCE_PROP_ID, RESOURCE_ID, NAME, PROP_VALUE) VALUES ('USERATTR_MENU_PUB', 'USERATTR', 'MENU_IS_PUBLIC', 'true');
INSERT INTO RESOURCE_PROP (RESOURCE_PROP_ID, RESOURCE_ID, NAME, PROP_VALUE) VALUES ('QUERYUSER_MENU_PUB', 'QUERYUSER', 'MENU_IS_PUBLIC', 'true');

INSERT INTO RESOURCE_PROP (RESOURCE_PROP_ID, RESOURCE_ID, NAME, PROP_VALUE) VALUES ('NEW_USER_MENU_PUB', 'NEW_USER', 'MENU_IS_PUBLIC', 'true');
INSERT INTO RESOURCE_PROP (RESOURCE_PROP_ID, RESOURCE_ID, NAME, PROP_VALUE) VALUES ('NEW_USER_MENU_DISPLAY', 'NEW_USER', 'MENU_DISPLAY_NAME', 'Add');


/* update menus to have 'resouce page' */
UPDATE RES SET URL='/webconsole/editResource.html' WHERE RESOURCE_ID='CREATE_RESOURCE_MENU'



INSERT INTO RES (RESOURCE_ID, RESOURCE_TYPE_ID, NAME) VALUES('RESOURCE_EDIT_PAGE_ROOT', 'MENU_ITEM', 'RESOURCE_EDIT_PAGE_ROOT');
INSERT INTO RESOURCE_PROP (RESOURCE_PROP_ID, RESOURCE_ID, NAME, PROP_VALUE) VALUES ('RESOURCE_EDIT_PAGE_ROOT_PUB', 'RESOURCE_EDIT_PAGE_ROOT', 'MENU_IS_PUBLIC', 'true');
INSERT INTO RESOURCE_PROP (RESOURCE_PROP_ID, RESOURCE_ID, NAME, PROP_VALUE) VALUES ('RESOURCE_EDIT_PAGE_ROOT_DIS', 'RESOURCE_EDIT_PAGE_ROOT', 'MENU_DISPLAY_NAME', 'Resource Edit Page Root');

INSERT INTO RES (RESOURCE_ID, RESOURCE_TYPE_ID, NAME, DESCRIPTION, URL) VALUES('EDIT_RESOURCE', 'MENU_ITEM', 'EDIT_RESOURCE', 'Edit Resource','/webconsole/editResource.html');
INSERT INTO RESOURCE_PROP (RESOURCE_PROP_ID, RESOURCE_ID, NAME, PROP_VALUE) VALUES ('EDIT_RESOURCE_PUB', 'EDIT_RESOURCE', 'MENU_IS_PUBLIC', 'true');
INSERT INTO RESOURCE_PROP (RESOURCE_PROP_ID, RESOURCE_ID, NAME, PROP_VALUE) VALUES ('EDIT_RESOURCE_DIS', 'EDIT_RESOURCE', 'MENU_DISPLAY_NAME', 'Edit Resource');

INSERT INTO RES (RESOURCE_ID, RESOURCE_TYPE_ID, NAME, DESCRIPTION, URL) VALUES('RES_ATTR_PAGE', 'MENU_ITEM', 'RES_ATTR_PAGE', 'Resource Attributes','/webconsole/resourceAttributes.html');
INSERT INTO RESOURCE_PROP (RESOURCE_PROP_ID, RESOURCE_ID, NAME, PROP_VALUE) VALUES ('RES_ATTR_PAGE_PUB', 'RES_ATTR_PAGE', 'MENU_IS_PUBLIC', 'true');
INSERT INTO RESOURCE_PROP (RESOURCE_PROP_ID, RESOURCE_ID, NAME, PROP_VALUE) VALUES ('RES_ATTR_PAGE_DIS', 'RES_ATTR_PAGE', 'MENU_DISPLAY_NAME', 'Attributes & Patterns');

INSERT INTO RES (RESOURCE_ID, RESOURCE_TYPE_ID, NAME, DESCRIPTION, URL) VALUES('RES_ENT_SUB', 'MENU_ITEM', 'RES_ENT_SUB', 'Resouce Entitlements','/webconsole/resourceEntitlements.html');
INSERT INTO RESOURCE_PROP (RESOURCE_PROP_ID, RESOURCE_ID, NAME, PROP_VALUE) VALUES ('RES_ENT_SUB_PUB', 'RES_ENT_SUB', 'MENU_IS_PUBLIC', 'true');
INSERT INTO RESOURCE_PROP (RESOURCE_PROP_ID, RESOURCE_ID, NAME, PROP_VALUE) VALUES ('RES_ENT_SUB_DIS', 'RES_ENT_SUB', 'MENU_DISPLAY_NAME', 'Entitlements');


INSERT INTO res_to_res_membership (RESOURCE_ID, MEMBER_RESOURCE_ID) VALUES('RESOURCE_EDIT_PAGE_ROOT', 'RES_ENT_SUB');
INSERT INTO res_to_res_membership (RESOURCE_ID, MEMBER_RESOURCE_ID) VALUES('RESOURCE_EDIT_PAGE_ROOT', 'RES_ATTR_PAGE');
INSERT INTO res_to_res_membership (RESOURCE_ID, MEMBER_RESOURCE_ID) VALUES('RESOURCE_EDIT_PAGE_ROOT', 'EDIT_RESOURCE');