use openiam;

UPDATE RES SET URL='/webconsole/groups.html' WHERE RESOURCE_ID='SECURITY_GROUP';
INSERT INTO RESOURCE_PROP (RESOURCE_PROP_ID, RESOURCE_ID, NAME, PROP_VALUE) VALUES ('SECURITY_GROUP_PUB', 'SECURITY_GROUP', 'MENU_IS_PUBLIC', 'true');

/* group root menus */
INSERT INTO RES (RESOURCE_ID, RESOURCE_TYPE_ID, NAME, DESCRIPTION, URL) VALUES('GROUP_ROOT_MENU', 'MENU_ITEM', 'GROUP_ROOT_MENU', 'Group Menus','/webconsole/groups.html');
INSERT INTO RESOURCE_PROP (RESOURCE_PROP_ID, RESOURCE_ID, NAME, PROP_VALUE) VALUES ('GROUP_ROOT_MENU_PUB', 'GROUP_ROOT_MENU', 'MENU_IS_PUBLIC', 'true');
INSERT INTO RESOURCE_PROP (RESOURCE_PROP_ID, RESOURCE_ID, NAME, PROP_VALUE) VALUES ('GROUP_ROOT_MENU_DESC', 'GROUP_ROOT_MENU', 'MENU_DISPLAY_NAME', 'Group Root Menu');


INSERT INTO RES (RESOURCE_ID, RESOURCE_TYPE_ID, NAME, DESCRIPTION, URL) VALUES('GROUP_SEARCH', 'MENU_ITEM', 'GROUP_SEARCH', 'Group Search','/webconsole/groups.html');
INSERT INTO RESOURCE_PROP (RESOURCE_PROP_ID, RESOURCE_ID, NAME, PROP_VALUE) VALUES ('GROUP_SEARCH_PUB', 'GROUP_SEARCH', 'MENU_IS_PUBLIC', 'true');
INSERT INTO RESOURCE_PROP (RESOURCE_PROP_ID, RESOURCE_ID, NAME, PROP_VALUE) VALUES ('GROUP_SEARCH_DESC', 'GROUP_SEARCH', 'MENU_DISPLAY_NAME', 'Group Search');

INSERT INTO RES (RESOURCE_ID, RESOURCE_TYPE_ID, NAME, DESCRIPTION, URL) VALUES('NEW_GROUP', 'MENU_ITEM', 'NEW_GROUP', 'Create New Group','/webconsole/editGroup.html');
INSERT INTO RESOURCE_PROP (RESOURCE_PROP_ID, RESOURCE_ID, NAME, PROP_VALUE) VALUES ('NEW_GROUP_PUB', 'NEW_GROUP', 'MENU_IS_PUBLIC', 'true');
INSERT INTO RESOURCE_PROP (RESOURCE_PROP_ID, RESOURCE_ID, NAME, PROP_VALUE) VALUES ('NEW_GROUP_DESC', 'NEW_GROUP', 'MENU_DISPLAY_NAME', 'Create New Group');

INSERT INTO res_to_res_membership (RESOURCE_ID, MEMBER_RESOURCE_ID) VALUES('GROUP_ROOT_MENU', 'GROUP_SEARCH');
INSERT INTO res_to_res_membership (RESOURCE_ID, MEMBER_RESOURCE_ID) VALUES('GROUP_ROOT_MENU', 'NEW_GROUP');


/* group edit menus */
INSERT INTO RES (RESOURCE_ID, RESOURCE_TYPE_ID, NAME, DESCRIPTION) VALUES('GROUP_EDIT_MENU', 'MENU_ITEM', 'GROUP_EDIT_MENU', 'Role Edit Menus');
INSERT INTO RESOURCE_PROP (RESOURCE_PROP_ID, RESOURCE_ID, NAME, PROP_VALUE) VALUES ('GROUP_EDIT_MENU_PUB', 'GROUP_EDIT_MENU', 'MENU_IS_PUBLIC', 'true');
INSERT INTO RESOURCE_PROP (RESOURCE_PROP_ID, RESOURCE_ID, NAME, PROP_VALUE) VALUES ('GROUP_EDIT_MENU_DESC', 'GROUP_EDIT_MENU', 'MENU_DISPLAY_NAME', 'Group Root Edit Menu');

INSERT INTO RES (RESOURCE_ID, RESOURCE_TYPE_ID, NAME, DESCRIPTION, URL) VALUES('EDIT_GROUP', 'MENU_ITEM', 'EDIT_GROUP', 'Edit Group','/webconsole/editGroup.html');
INSERT INTO RESOURCE_PROP (RESOURCE_PROP_ID, RESOURCE_ID, NAME, PROP_VALUE) VALUES ('EDIT_GROUP_PUB', 'EDIT_GROUP', 'MENU_IS_PUBLIC', 'true');
INSERT INTO RESOURCE_PROP (RESOURCE_PROP_ID, RESOURCE_ID, NAME, PROP_VALUE) VALUES ('EDIT_GROUP_DESC', 'EDIT_GROUP', 'MENU_DISPLAY_NAME', 'Edit Group');

INSERT INTO RES (RESOURCE_ID, RESOURCE_TYPE_ID, NAME, DESCRIPTION, URL) VALUES('GROUP_ATTRIBUTES', 'MENU_ITEM', 'GROUP_ATTRIBUTES', 'Group Attributes','/webconsole/groupAttributes.html');
INSERT INTO RESOURCE_PROP (RESOURCE_PROP_ID, RESOURCE_ID, NAME, PROP_VALUE) VALUES ('GROUP_ATTRIBUTES_PUB', 'GROUP_ATTRIBUTES', 'MENU_IS_PUBLIC', 'true');
INSERT INTO RESOURCE_PROP (RESOURCE_PROP_ID, RESOURCE_ID, NAME, PROP_VALUE) VALUES ('GROUP_ATTRIBUTES_DESC', 'GROUP_ATTRIBUTES', 'MENU_DISPLAY_NAME', 'Group Attributes');

INSERT INTO RES (RESOURCE_ID, RESOURCE_TYPE_ID, NAME, DESCRIPTION, URL) VALUES('GROUP_ENTITLEMENTS', 'MENU_ITEM', 'GROUP_ENTITLEMENTS', 'Group Entitlements','/webconsole/groupEntitlements.html');
INSERT INTO RESOURCE_PROP (RESOURCE_PROP_ID, RESOURCE_ID, NAME, PROP_VALUE) VALUES ('GROUP_ENTITLEMENTS_PUB', 'GROUP_ENTITLEMENTS', 'MENU_IS_PUBLIC', 'true');
INSERT INTO RESOURCE_PROP (RESOURCE_PROP_ID, RESOURCE_ID, NAME, PROP_VALUE) VALUES ('GROUP_ENTITLEMENTS_DESC', 'GROUP_ENTITLEMENTS', 'MENU_DISPLAY_NAME', 'Group Entitlements');

INSERT INTO res_to_res_membership (RESOURCE_ID, MEMBER_RESOURCE_ID) VALUES('GROUP_EDIT_MENU', 'EDIT_GROUP');
INSERT INTO res_to_res_membership (RESOURCE_ID, MEMBER_RESOURCE_ID) VALUES('GROUP_EDIT_MENU', 'GROUP_ATTRIBUTES');
INSERT INTO res_to_res_membership (RESOURCE_ID, MEMBER_RESOURCE_ID) VALUES('GROUP_EDIT_MENU', 'GROUP_ENTITLEMENTS');