use openiam;

DELETE FROM res_to_res_membership WHERE MEMBER_RESOURCE_ID IN(
	'AM_PROV_SEARCH_CHILD',
	'AM_PROV_ROOT',
	'AM_PROV_SEARCH',
	'AM_PROV_NEW',
	'AM_PROV_EDIT',
	'AM_PROV_EDIT_SEARCH',
	'AM_PROV_NEW_EDIT'
);

DELETE FROM res_to_res_membership WHERE RESOURCE_ID IN(
	'AM_PROV_SEARCH_CHILD',
	'AM_PROV_ROOT',
	'AM_PROV_SEARCH',
	'AM_PROV_NEW',
	'AM_PROV_EDIT',
	'AM_PROV_EDIT_SEARCH',
	'AM_PROV_NEW_EDIT'
);

DELETE FROM RESOURCE_PROP WHERE RESOURCE_ID IN(
	'AM_PROV_SEARCH_CHILD',
	'AM_PROV_ROOT',
	'AM_PROV_SEARCH',
	'AM_PROV_NEW',
	'AM_PROV_EDIT',
	'AM_PROV_EDIT_SEARCH',
	'AM_PROV_NEW_EDIT'
);

DELETE FROM RES WHERE RESOURCE_ID IN(
	'AM_PROV_SEARCH_CHILD',
	'AM_PROV_ROOT',
	'AM_PROV_SEARCH',
	'AM_PROV_NEW',
	'AM_PROV_EDIT',
	'AM_PROV_EDIT_SEARCH',
	'AM_PROV_NEW_EDIT'
);

INSERT INTO RES (RESOURCE_ID, RESOURCE_TYPE_ID, NAME, DESCRIPTION, URL) VALUES('AM_PROV_SEARCH_CHILD', 'MENU_ITEM', 'AM_PROV_SEARCH_CHILD', 'Authentication Provider Search', '/webconsole-am/authenticationProviders.html');
INSERT INTO RESOURCE_PROP (RESOURCE_PROP_ID, RESOURCE_ID, NAME, PROP_VALUE) VALUES ('AM_PROV_SEARCH_CHILD_PUB', 'AM_PROV_SEARCH_CHILD', 'MENU_IS_PUBLIC', 'true');
INSERT INTO RESOURCE_PROP (RESOURCE_PROP_ID, RESOURCE_ID, NAME, PROP_VALUE) VALUES ('AM_PROV_SEARCH_CHILD_PUB_DESC', 'AM_PROV_SEARCH_CHILD', 'MENU_DISPLAY_NAME', 'Authentication Providers');
INSERT INTO res_to_res_membership (RESOURCE_ID, MEMBER_RESOURCE_ID) VALUES('ACC_CONTROL', 'AM_PROV_SEARCH_CHILD');

INSERT INTO RES (RESOURCE_ID, RESOURCE_TYPE_ID, NAME, DESCRIPTION) VALUES('AM_PROV_ROOT', 'MENU_ITEM', 'AM_PROV_ROOT', 'Authentication Provider Root Menu');
INSERT INTO RESOURCE_PROP (RESOURCE_PROP_ID, RESOURCE_ID, NAME, PROP_VALUE) VALUES ('AM_PROV_ROOT_PUB', 'AM_PROV_ROOT', 'MENU_IS_PUBLIC', 'true');
INSERT INTO RESOURCE_PROP (RESOURCE_PROP_ID, RESOURCE_ID, NAME, PROP_VALUE) VALUES ('AM_PROV_ROOT_DESC', 'AM_PROV_ROOT', 'MENU_DISPLAY_NAME', 'Authentication Provider Root Menu');


INSERT INTO RES (RESOURCE_ID, RESOURCE_TYPE_ID, NAME, DESCRIPTION, URL) VALUES('AM_PROV_SEARCH', 'MENU_ITEM', 'AM_PROV_SEARCH', 'Search Authentication Providers', '/webconsole-am/authenticationProviders.html');
INSERT INTO RESOURCE_PROP (RESOURCE_PROP_ID, RESOURCE_ID, NAME, PROP_VALUE) VALUES ('AM_PROV_SEARCH_PUB', 'AM_PROV_SEARCH', 'MENU_IS_PUBLIC', 'true');
INSERT INTO RESOURCE_PROP (RESOURCE_PROP_ID, RESOURCE_ID, NAME, PROP_VALUE) VALUES ('AM_PROV_SEARCH_DESC', 'AM_PROV_SEARCH', 'MENU_DISPLAY_NAME', 'Search Providers');


INSERT INTO RES (RESOURCE_ID, RESOURCE_TYPE_ID, NAME, DESCRIPTION, URL) VALUES('AM_PROV_NEW', 'MENU_ITEM', 'AM_PROV_NEW', 'Create Authentication Provider', '/webconsole-am/newAuthProvider.html');
INSERT INTO RESOURCE_PROP (RESOURCE_PROP_ID, RESOURCE_ID, NAME, PROP_VALUE) VALUES ('AM_PROV_NEW_PUB', 'AM_PROV_NEW', 'MENU_IS_PUBLIC', 'true');
INSERT INTO RESOURCE_PROP (RESOURCE_PROP_ID, RESOURCE_ID, NAME, PROP_VALUE) VALUES ('AM_PROV_NEW_DSC', 'AM_PROV_NEW', 'MENU_DISPLAY_NAME', 'Create New Provider');

INSERT INTO res_to_res_membership (RESOURCE_ID, MEMBER_RESOURCE_ID) VALUES('AM_PROV_ROOT', 'AM_PROV_SEARCH');
INSERT INTO res_to_res_membership (RESOURCE_ID, MEMBER_RESOURCE_ID) VALUES('AM_PROV_ROOT', 'AM_PROV_NEW');




INSERT INTO RES (RESOURCE_ID, RESOURCE_TYPE_ID, NAME, DESCRIPTION) VALUES('AM_PROV_EDIT', 'MENU_ITEM', 'AM_PROV_EDIT', 'Authentication Provider Edit Menu');
INSERT INTO RESOURCE_PROP (RESOURCE_PROP_ID, RESOURCE_ID, NAME, PROP_VALUE) VALUES ('AM_PROV_EDIT_PUB', 'AM_PROV_EDIT', 'MENU_IS_PUBLIC', 'true');
INSERT INTO RESOURCE_PROP (RESOURCE_PROP_ID, RESOURCE_ID, NAME, PROP_VALUE) VALUES ('AM_PROV_EDIT_DESC', 'AM_PROV_EDIT', 'MENU_DISPLAY_NAME', 'Authentication Provider Edit Menu');


INSERT INTO RES (RESOURCE_ID, RESOURCE_TYPE_ID, NAME, DESCRIPTION, URL) VALUES('AM_PROV_EDIT_SEARCH', 'MENU_ITEM', 'AM_PROV_EDIT_SEARCH', 'Back to Search', '/webconsole-am/authenticationProviders.html');
INSERT INTO RESOURCE_PROP (RESOURCE_PROP_ID, RESOURCE_ID, NAME, PROP_VALUE) VALUES ('AM_PROV_EDIT_SEARCH_PUB', 'AM_PROV_EDIT_SEARCH', 'MENU_IS_PUBLIC', 'true');
INSERT INTO RESOURCE_PROP (RESOURCE_PROP_ID, RESOURCE_ID, NAME, PROP_VALUE) VALUES ('AM_PROV_EDIT_SEARCH_DESC', 'AM_PROV_EDIT_SEARCH', 'MENU_DISPLAY_NAME', 'Back to Search');


INSERT INTO RES (RESOURCE_ID, RESOURCE_TYPE_ID, NAME, DESCRIPTION, URL) VALUES('AM_PROV_NEW_EDIT', 'MENU_ITEM', 'AM_PROV_NEW_EDIT', 'Create Authentication Provider', '/webconsole-am/newAuthProvider.html');
INSERT INTO RESOURCE_PROP (RESOURCE_PROP_ID, RESOURCE_ID, NAME, PROP_VALUE) VALUES ('AM_PROV_NEW_EDIT_PUB', 'AM_PROV_NEW_EDIT', 'MENU_IS_PUBLIC', 'true');
INSERT INTO RESOURCE_PROP (RESOURCE_PROP_ID, RESOURCE_ID, NAME, PROP_VALUE) VALUES ('AM_PROV_NEW_EDIT_PUB_DESC', 'AM_PROV_NEW_EDIT', 'MENU_DISPLAY_NAME', 'Create New Provider');

INSERT INTO res_to_res_membership (RESOURCE_ID, MEMBER_RESOURCE_ID) VALUES('AM_PROV_EDIT', 'AM_PROV_EDIT_SEARCH');
INSERT INTO res_to_res_membership (RESOURCE_ID, MEMBER_RESOURCE_ID) VALUES('AM_PROV_EDIT', 'AM_PROV_NEW_EDIT');