DELETE FROM IAMUSER.AUTH_LEVEL;
DELETE FROM IAMUSER.AUTH_STATE;
DELETE FROM IAMUSER.USER_GRP;
DELETE FROM IAMUSER.USER_ROLE;
DELETE FROM IAMUSER.LOGIN;
DELETE FROM IAMUSER.USERS;
DELETE FROM IAMUSER.STATUS;
DELETE FROM IAMUSER.IDENTITY_QUESTION;
DELETE FROM IAMUSER.IDENTITY_QUEST_GRP;
DELETE FROM IAMUSER.RECONCILIATION_SITUATION;
DELETE FROM IAMUSER.RECONCILIATION_CONFIG;
DELETE FROM IAMUSER.POLICY_OBJECT_ASSOC;
DELETE FROM IAMUSER.POLICY_ATTRIBUTE;
DELETE FROM IAMUSER.POLICY;
DELETE FROM IAMUSER.POLICY_DEF_PARAM;
DELETE FROM IAMUSER.POLICY_DEF;
DELETE FROM IAMUSER.MNG_SYS_OBJECT_MATCH;
DELETE FROM IAMUSER.LOCATION;
DELETE FROM IAMUSER.LANGUAGE_LOCALE;
DELETE FROM IAMUSER.LANGUAGE;
DELETE FROM IAMUSER.COMPANY_TO_COMPANY_MEMBERSHIP;
DELETE FROM IAMUSER.COMPANY;
DELETE FROM IAMUSER.METADATA_ELEMENT;
DELETE FROM IAMUSER.GRP_ROLE;
DELETE FROM IAMUSER.GRP;
DELETE FROM IAMUSER.MANAGED_SYS;
DELETE FROM IAMUSER.URI_PATTERN_META_TYPE;
DELETE FROM IAMUSER.RESOURCE_ROLE;
DELETE FROM IAMUSER.RESOURCE_PROP;
DELETE FROM IAMUSER.res_to_res_membership;
DELETE FROM IAMUSER.RES;
DELETE FROM IAMUSER.PROVISION_CONNECTOR;
DELETE FROM IAMUSER.RESOURCE_TYPE;
DELETE FROM IAMUSER.ROLE;
DELETE FROM IAMUSER.SEQUENCE_GEN;
DELETE FROM IAMUSER.SERVICE;
DELETE FROM IAMUSER.CATEGORY_TYPE;
DELETE FROM IAMUSER.METADATA_TYPE;
DELETE FROM IAMUSER.CATEGORY;
DELETE FROM IAMUSER.BATCH_CONFIG;
DELETE FROM IAMUSER.AUTH_RESOURCE_AM_ATTRIBUTE;
DELETE FROM IAMUSER.AUTH_ATTRIBUTE;
DELETE FROM IAMUSER.AUTH_PROVIDER_TYPE;
DELETE FROM IAMUSER.ATTRIBUTE_MAP;
DELETE FROM IAMUSER.APPROVER_ASSOC;
DELETE FROM IAMUSER.SECURITY_DOMAIN;

Insert into IAMUSER.SECURITY_DOMAIN (DOMAIN_ID,NAME,STATUS,AUTH_SYS_ID,LOGIN_MODULE,PASSWORD_POLICY,AUTHENTICATION_POLICY,AUDIT_POLICY) values ('IDM','IDM','ON-LINE','0',null,'4000','4001','4002');
Insert into IAMUSER.SECURITY_DOMAIN (DOMAIN_ID,NAME,STATUS,AUTH_SYS_ID,LOGIN_MODULE,PASSWORD_POLICY,AUTHENTICATION_POLICY,AUDIT_POLICY) values ('USR_SEC_DOMAIN','DEFAULT DOMAIN','ON-LINE','0',null,'4000','4001','4002');

Insert into IAMUSER.APPROVER_ASSOC (APPROVER_ASSOC_ID,REQUEST_TYPE,APPROVER_LEVEL,ASSOCIATION_TYPE,ASSOCIATION_OBJ_ID,APPROVER_USER_ID,ON_APPROVE_NOTIFY_USER_ID,ON_REJECT_NOTIFY_USER_ID,APPROVE_NOTIFY_USER_TYPE,REJECT_NOTIFY_USER_TYPE,ACTN,APPROVER_ROLE_ID,APPROVER_ROLE_DOMAIN,APPLY_DELEGATION_FILTER) values ('100','NEW_HIRE',1,'SUPERVISOR',null,null,null,null,null,null,'START',null,null,null);
Insert into IAMUSER.APPROVER_ASSOC (APPROVER_ASSOC_ID,REQUEST_TYPE,APPROVER_LEVEL,ASSOCIATION_TYPE,ASSOCIATION_OBJ_ID,APPROVER_USER_ID,ON_APPROVE_NOTIFY_USER_ID,ON_REJECT_NOTIFY_USER_ID,APPROVE_NOTIFY_USER_TYPE,REJECT_NOTIFY_USER_TYPE,ACTN,APPROVER_ROLE_ID,APPROVER_ROLE_DOMAIN,APPLY_DELEGATION_FILTER) values ('101','254',1,'USER',null,'3000',null,null,null,null,'START',null,null,null);

Insert into ATTRIBUTE_MAP (ATTRIBUTE_MAP_ID,MANAGED_SYS_ID,RESOURCE_ID,MAP_FOR_OBJECT_TYPE,ATTRIBUTE_NAME,TARGET_ATTRIBUTE_NAME,AUTHORITATIVE_SRC,ATTRIBUTE_POLICY_ID,RULE_TEXT,STATUS,START_DATE,END_DATE,STORE_IN_IAMDB,DATA_TYPE,DEFAULT_VALUE) values ('201','101','101','USER','cn',null,0,'4501',null,'ACTIVE',null,null,0,'string',null);
Insert into ATTRIBUTE_MAP (ATTRIBUTE_MAP_ID,MANAGED_SYS_ID,RESOURCE_ID,MAP_FOR_OBJECT_TYPE,ATTRIBUTE_NAME,TARGET_ATTRIBUTE_NAME,AUTHORITATIVE_SRC,ATTRIBUTE_POLICY_ID,RULE_TEXT,STATUS,START_DATE,END_DATE,STORE_IN_IAMDB,DATA_TYPE,DEFAULT_VALUE) values ('202','101','101','USER','mail',null,0,'4502',null,'ACTIVE',null,null,0,'string',null);
Insert into ATTRIBUTE_MAP (ATTRIBUTE_MAP_ID,MANAGED_SYS_ID,RESOURCE_ID,MAP_FOR_OBJECT_TYPE,ATTRIBUTE_NAME,TARGET_ATTRIBUTE_NAME,AUTHORITATIVE_SRC,ATTRIBUTE_POLICY_ID,RULE_TEXT,STATUS,START_DATE,END_DATE,STORE_IN_IAMDB,DATA_TYPE,DEFAULT_VALUE) values ('203','101','101','USER','o',null,0,'4503',null,'ACTIVE',null,null,0,'string',null);
Insert into ATTRIBUTE_MAP (ATTRIBUTE_MAP_ID,MANAGED_SYS_ID,RESOURCE_ID,MAP_FOR_OBJECT_TYPE,ATTRIBUTE_NAME,TARGET_ATTRIBUTE_NAME,AUTHORITATIVE_SRC,ATTRIBUTE_POLICY_ID,RULE_TEXT,STATUS,START_DATE,END_DATE,STORE_IN_IAMDB,DATA_TYPE,DEFAULT_VALUE) values ('204','101','101','USER','ou',null,0,'4504',null,'ACTIVE',null,null,0,'string',null);
Insert into ATTRIBUTE_MAP (ATTRIBUTE_MAP_ID,MANAGED_SYS_ID,RESOURCE_ID,MAP_FOR_OBJECT_TYPE,ATTRIBUTE_NAME,TARGET_ATTRIBUTE_NAME,AUTHORITATIVE_SRC,ATTRIBUTE_POLICY_ID,RULE_TEXT,STATUS,START_DATE,END_DATE,STORE_IN_IAMDB,DATA_TYPE,DEFAULT_VALUE) values ('205','101','101','USER','postalCode',null,0,'4505',null,'ACTIVE',null,null,0,'string',null);
Insert into ATTRIBUTE_MAP (ATTRIBUTE_MAP_ID,MANAGED_SYS_ID,RESOURCE_ID,MAP_FOR_OBJECT_TYPE,ATTRIBUTE_NAME,TARGET_ATTRIBUTE_NAME,AUTHORITATIVE_SRC,ATTRIBUTE_POLICY_ID,RULE_TEXT,STATUS,START_DATE,END_DATE,STORE_IN_IAMDB,DATA_TYPE,DEFAULT_VALUE) values ('206','101','101','USER','sn',null,0,'4506',null,'ACTIVE',null,null,0,'string',null);
Insert into ATTRIBUTE_MAP (ATTRIBUTE_MAP_ID,MANAGED_SYS_ID,RESOURCE_ID,MAP_FOR_OBJECT_TYPE,ATTRIBUTE_NAME,TARGET_ATTRIBUTE_NAME,AUTHORITATIVE_SRC,ATTRIBUTE_POLICY_ID,RULE_TEXT,STATUS,START_DATE,END_DATE,STORE_IN_IAMDB,DATA_TYPE,DEFAULT_VALUE) values ('207','101','101','USER','st',null,0,'4507',null,'ACTIVE',null,null,0,'string',null);
Insert into ATTRIBUTE_MAP (ATTRIBUTE_MAP_ID,MANAGED_SYS_ID,RESOURCE_ID,MAP_FOR_OBJECT_TYPE,ATTRIBUTE_NAME,TARGET_ATTRIBUTE_NAME,AUTHORITATIVE_SRC,ATTRIBUTE_POLICY_ID,RULE_TEXT,STATUS,START_DATE,END_DATE,STORE_IN_IAMDB,DATA_TYPE,DEFAULT_VALUE) values ('208','101','101','USER','street',null,0,'4508',null,'ACTIVE',null,null,0,'string',null);
Insert into ATTRIBUTE_MAP (ATTRIBUTE_MAP_ID,MANAGED_SYS_ID,RESOURCE_ID,MAP_FOR_OBJECT_TYPE,ATTRIBUTE_NAME,TARGET_ATTRIBUTE_NAME,AUTHORITATIVE_SRC,ATTRIBUTE_POLICY_ID,RULE_TEXT,STATUS,START_DATE,END_DATE,STORE_IN_IAMDB,DATA_TYPE,DEFAULT_VALUE) values ('209','101','101','USER','userPassword',null,0,'4509',null,'ACTIVE',null,null,0,'string',null);
Insert into ATTRIBUTE_MAP (ATTRIBUTE_MAP_ID,MANAGED_SYS_ID,RESOURCE_ID,MAP_FOR_OBJECT_TYPE,ATTRIBUTE_NAME,TARGET_ATTRIBUTE_NAME,AUTHORITATIVE_SRC,ATTRIBUTE_POLICY_ID,RULE_TEXT,STATUS,START_DATE,END_DATE,STORE_IN_IAMDB,DATA_TYPE,DEFAULT_VALUE) values ('210','101','101','USER','postalAddress',null,0,'4510',null,'ACTIVE',null,null,0,'string',null);
Insert into ATTRIBUTE_MAP (ATTRIBUTE_MAP_ID,MANAGED_SYS_ID,RESOURCE_ID,MAP_FOR_OBJECT_TYPE,ATTRIBUTE_NAME,TARGET_ATTRIBUTE_NAME,AUTHORITATIVE_SRC,ATTRIBUTE_POLICY_ID,RULE_TEXT,STATUS,START_DATE,END_DATE,STORE_IN_IAMDB,DATA_TYPE,DEFAULT_VALUE) values ('211','101','101','USER','telephoneNumber',null,0,'4511',null,'ACTIVE',null,null,0,'string',null);
Insert into ATTRIBUTE_MAP (ATTRIBUTE_MAP_ID,MANAGED_SYS_ID,RESOURCE_ID,MAP_FOR_OBJECT_TYPE,ATTRIBUTE_NAME,TARGET_ATTRIBUTE_NAME,AUTHORITATIVE_SRC,ATTRIBUTE_POLICY_ID,RULE_TEXT,STATUS,START_DATE,END_DATE,STORE_IN_IAMDB,DATA_TYPE,DEFAULT_VALUE) values ('212','101','101','USER','facsimileTelephoneNumber',null,0,'4512',null,'ACTIVE',null,null,0,'string',null);
Insert into ATTRIBUTE_MAP (ATTRIBUTE_MAP_ID,MANAGED_SYS_ID,RESOURCE_ID,MAP_FOR_OBJECT_TYPE,ATTRIBUTE_NAME,TARGET_ATTRIBUTE_NAME,AUTHORITATIVE_SRC,ATTRIBUTE_POLICY_ID,RULE_TEXT,STATUS,START_DATE,END_DATE,STORE_IN_IAMDB,DATA_TYPE,DEFAULT_VALUE) values ('213','101','101','USER','mobileTelephoneNumber',null,0,'4513',null,'ACTIVE',null,null,0,'string',null);
Insert into ATTRIBUTE_MAP (ATTRIBUTE_MAP_ID,MANAGED_SYS_ID,RESOURCE_ID,MAP_FOR_OBJECT_TYPE,ATTRIBUTE_NAME,TARGET_ATTRIBUTE_NAME,AUTHORITATIVE_SRC,ATTRIBUTE_POLICY_ID,RULE_TEXT,STATUS,START_DATE,END_DATE,STORE_IN_IAMDB,DATA_TYPE,DEFAULT_VALUE) values ('215','101','101','PRINCIPAL','uid',null,0,'4515',null,'ACTIVE',null,null,0,'string',null);
Insert into ATTRIBUTE_MAP (ATTRIBUTE_MAP_ID,MANAGED_SYS_ID,RESOURCE_ID,MAP_FOR_OBJECT_TYPE,ATTRIBUTE_NAME,TARGET_ATTRIBUTE_NAME,AUTHORITATIVE_SRC,ATTRIBUTE_POLICY_ID,RULE_TEXT,STATUS,START_DATE,END_DATE,STORE_IN_IAMDB,DATA_TYPE,DEFAULT_VALUE) values ('216','101','101','USER','departmentNumber',null,0,'4516',null,'ACTIVE',null,null,0,'string',null);
Insert into ATTRIBUTE_MAP (ATTRIBUTE_MAP_ID,MANAGED_SYS_ID,RESOURCE_ID,MAP_FOR_OBJECT_TYPE,ATTRIBUTE_NAME,TARGET_ATTRIBUTE_NAME,AUTHORITATIVE_SRC,ATTRIBUTE_POLICY_ID,RULE_TEXT,STATUS,START_DATE,END_DATE,STORE_IN_IAMDB,DATA_TYPE,DEFAULT_VALUE) values ('217','101','101','USER','displayName',null,0,'4517',null,'ACTIVE',null,null,0,'string',null);
Insert into ATTRIBUTE_MAP (ATTRIBUTE_MAP_ID,MANAGED_SYS_ID,RESOURCE_ID,MAP_FOR_OBJECT_TYPE,ATTRIBUTE_NAME,TARGET_ATTRIBUTE_NAME,AUTHORITATIVE_SRC,ATTRIBUTE_POLICY_ID,RULE_TEXT,STATUS,START_DATE,END_DATE,STORE_IN_IAMDB,DATA_TYPE,DEFAULT_VALUE) values ('218','101','101','USER','employeeType',null,0,'4518',null,'ACTIVE',null,null,0,'string',null);
Insert into ATTRIBUTE_MAP (ATTRIBUTE_MAP_ID,MANAGED_SYS_ID,RESOURCE_ID,MAP_FOR_OBJECT_TYPE,ATTRIBUTE_NAME,TARGET_ATTRIBUTE_NAME,AUTHORITATIVE_SRC,ATTRIBUTE_POLICY_ID,RULE_TEXT,STATUS,START_DATE,END_DATE,STORE_IN_IAMDB,DATA_TYPE,DEFAULT_VALUE) values ('221','101','101','USER','objectclass',null,0,'4521',null,'ACTIVE',null,null,0,'string',null);
Insert into ATTRIBUTE_MAP (ATTRIBUTE_MAP_ID,MANAGED_SYS_ID,RESOURCE_ID,MAP_FOR_OBJECT_TYPE,ATTRIBUTE_NAME,TARGET_ATTRIBUTE_NAME,AUTHORITATIVE_SRC,ATTRIBUTE_POLICY_ID,RULE_TEXT,STATUS,START_DATE,END_DATE,STORE_IN_IAMDB,DATA_TYPE,DEFAULT_VALUE) values ('222','101','101','USER','title',null,0,'4522',null,'ACTIVE',null,null,0,'string',null);
Insert into ATTRIBUTE_MAP (ATTRIBUTE_MAP_ID,MANAGED_SYS_ID,RESOURCE_ID,MAP_FOR_OBJECT_TYPE,ATTRIBUTE_NAME,TARGET_ATTRIBUTE_NAME,AUTHORITATIVE_SRC,ATTRIBUTE_POLICY_ID,RULE_TEXT,STATUS,START_DATE,END_DATE,STORE_IN_IAMDB,DATA_TYPE,DEFAULT_VALUE) values ('223','101','101','USER','givenName',null,0,'4514',null,'ACTIVE',null,null,0,'string',null);
Insert into ATTRIBUTE_MAP (ATTRIBUTE_MAP_ID,MANAGED_SYS_ID,RESOURCE_ID,MAP_FOR_OBJECT_TYPE,ATTRIBUTE_NAME,TARGET_ATTRIBUTE_NAME,AUTHORITATIVE_SRC,ATTRIBUTE_POLICY_ID,RULE_TEXT,STATUS,START_DATE,END_DATE,STORE_IN_IAMDB,DATA_TYPE,DEFAULT_VALUE) values ('224','101','101','USER','uniqueMember',null,0,'4546',null,'IN-ACTIVE',null,null,0,'memberOf',null);
Insert into ATTRIBUTE_MAP (ATTRIBUTE_MAP_ID,MANAGED_SYS_ID,RESOURCE_ID,MAP_FOR_OBJECT_TYPE,ATTRIBUTE_NAME,TARGET_ATTRIBUTE_NAME,AUTHORITATIVE_SRC,ATTRIBUTE_POLICY_ID,RULE_TEXT,STATUS,START_DATE,END_DATE,STORE_IN_IAMDB,DATA_TYPE,DEFAULT_VALUE) values ('230','0','0','PRINCIPAL','PRINCIPAL',null,0,'4562',null,'ACTIVE',null,null,0,null,null);
Insert into ATTRIBUTE_MAP (ATTRIBUTE_MAP_ID,MANAGED_SYS_ID,RESOURCE_ID,MAP_FOR_OBJECT_TYPE,ATTRIBUTE_NAME,TARGET_ATTRIBUTE_NAME,AUTHORITATIVE_SRC,ATTRIBUTE_POLICY_ID,RULE_TEXT,STATUS,START_DATE,END_DATE,STORE_IN_IAMDB,DATA_TYPE,DEFAULT_VALUE) values ('231','0','0','PRINCIPAL','PASSWORD',null,0,'4563',null,'ACTIVE',null,null,0,null,null);
Insert into ATTRIBUTE_MAP (ATTRIBUTE_MAP_ID,MANAGED_SYS_ID,RESOURCE_ID,MAP_FOR_OBJECT_TYPE,ATTRIBUTE_NAME,TARGET_ATTRIBUTE_NAME,AUTHORITATIVE_SRC,ATTRIBUTE_POLICY_ID,RULE_TEXT,STATUS,START_DATE,END_DATE,STORE_IN_IAMDB,DATA_TYPE,DEFAULT_VALUE) values ('232','0','0','EMAIL','EMAIL',null,0,'4564',null,'ACTIVE',null,null,0,null,null);
Insert into ATTRIBUTE_MAP (ATTRIBUTE_MAP_ID,MANAGED_SYS_ID,RESOURCE_ID,MAP_FOR_OBJECT_TYPE,ATTRIBUTE_NAME,TARGET_ATTRIBUTE_NAME,AUTHORITATIVE_SRC,ATTRIBUTE_POLICY_ID,RULE_TEXT,STATUS,START_DATE,END_DATE,STORE_IN_IAMDB,DATA_TYPE,DEFAULT_VALUE) values ('233','0','0','PRINCIPAL','DOMAIN',null,0,'4565',null,'ACTIVE',null,null,0,null,null);
Insert into ATTRIBUTE_MAP (ATTRIBUTE_MAP_ID,MANAGED_SYS_ID,RESOURCE_ID,MAP_FOR_OBJECT_TYPE,ATTRIBUTE_NAME,TARGET_ATTRIBUTE_NAME,AUTHORITATIVE_SRC,ATTRIBUTE_POLICY_ID,RULE_TEXT,STATUS,START_DATE,END_DATE,STORE_IN_IAMDB,DATA_TYPE,DEFAULT_VALUE) values ('400','103','103','PRINCIPAL','userName',null,0,'4600',null,'ACTIVE',null,null,0,null,null);
Insert into ATTRIBUTE_MAP (ATTRIBUTE_MAP_ID,MANAGED_SYS_ID,RESOURCE_ID,MAP_FOR_OBJECT_TYPE,ATTRIBUTE_NAME,TARGET_ATTRIBUTE_NAME,AUTHORITATIVE_SRC,ATTRIBUTE_POLICY_ID,RULE_TEXT,STATUS,START_DATE,END_DATE,STORE_IN_IAMDB,DATA_TYPE,DEFAULT_VALUE) values ('401','103','103','USER','firstName',null,0,'4601',null,'ACTIVE',null,null,0,null,null);
Insert into ATTRIBUTE_MAP (ATTRIBUTE_MAP_ID,MANAGED_SYS_ID,RESOURCE_ID,MAP_FOR_OBJECT_TYPE,ATTRIBUTE_NAME,TARGET_ATTRIBUTE_NAME,AUTHORITATIVE_SRC,ATTRIBUTE_POLICY_ID,RULE_TEXT,STATUS,START_DATE,END_DATE,STORE_IN_IAMDB,DATA_TYPE,DEFAULT_VALUE) values ('402','103','103','USER','lastName',null,0,'4602',null,'ACTIVE',null,null,0,null,null);
Insert into ATTRIBUTE_MAP (ATTRIBUTE_MAP_ID,MANAGED_SYS_ID,RESOURCE_ID,MAP_FOR_OBJECT_TYPE,ATTRIBUTE_NAME,TARGET_ATTRIBUTE_NAME,AUTHORITATIVE_SRC,ATTRIBUTE_POLICY_ID,RULE_TEXT,STATUS,START_DATE,END_DATE,STORE_IN_IAMDB,DATA_TYPE,DEFAULT_VALUE) values ('403','103','103','USER','password',null,0,'4603',null,'ACTIVE',null,null,0,null,null);
Insert into ATTRIBUTE_MAP (ATTRIBUTE_MAP_ID,MANAGED_SYS_ID,RESOURCE_ID,MAP_FOR_OBJECT_TYPE,ATTRIBUTE_NAME,TARGET_ATTRIBUTE_NAME,AUTHORITATIVE_SRC,ATTRIBUTE_POLICY_ID,RULE_TEXT,STATUS,START_DATE,END_DATE,STORE_IN_IAMDB,DATA_TYPE,DEFAULT_VALUE) values ('501','110','110','PRINCIPAL','CN',null,0,'4632',null,'ACTIVE',null,null,0,'string',null);
Insert into ATTRIBUTE_MAP (ATTRIBUTE_MAP_ID,MANAGED_SYS_ID,RESOURCE_ID,MAP_FOR_OBJECT_TYPE,ATTRIBUTE_NAME,TARGET_ATTRIBUTE_NAME,AUTHORITATIVE_SRC,ATTRIBUTE_POLICY_ID,RULE_TEXT,STATUS,START_DATE,END_DATE,STORE_IN_IAMDB,DATA_TYPE,DEFAULT_VALUE) values ('502','110','110','USER','sAMAccountName',null,0,'4630',null,'ACTIVE',null,null,0,'string',null);
Insert into ATTRIBUTE_MAP (ATTRIBUTE_MAP_ID,MANAGED_SYS_ID,RESOURCE_ID,MAP_FOR_OBJECT_TYPE,ATTRIBUTE_NAME,TARGET_ATTRIBUTE_NAME,AUTHORITATIVE_SRC,ATTRIBUTE_POLICY_ID,RULE_TEXT,STATUS,START_DATE,END_DATE,STORE_IN_IAMDB,DATA_TYPE,DEFAULT_VALUE) values ('503','110','110','USER','sn',null,0,'4506',null,'ACTIVE',null,null,0,'string',null);
Insert into ATTRIBUTE_MAP (ATTRIBUTE_MAP_ID,MANAGED_SYS_ID,RESOURCE_ID,MAP_FOR_OBJECT_TYPE,ATTRIBUTE_NAME,TARGET_ATTRIBUTE_NAME,AUTHORITATIVE_SRC,ATTRIBUTE_POLICY_ID,RULE_TEXT,STATUS,START_DATE,END_DATE,STORE_IN_IAMDB,DATA_TYPE,DEFAULT_VALUE) values ('504','110','110','USER','givenName',null,0,'4631',null,'ACTIVE',null,null,0,'string',null);
Insert into ATTRIBUTE_MAP (ATTRIBUTE_MAP_ID,MANAGED_SYS_ID,RESOURCE_ID,MAP_FOR_OBJECT_TYPE,ATTRIBUTE_NAME,TARGET_ATTRIBUTE_NAME,AUTHORITATIVE_SRC,ATTRIBUTE_POLICY_ID,RULE_TEXT,STATUS,START_DATE,END_DATE,STORE_IN_IAMDB,DATA_TYPE,DEFAULT_VALUE) values ('505','110','110','USER','displayName',null,0,'4517',null,'ACTIVE',null,null,0,'string',null);
Insert into ATTRIBUTE_MAP (ATTRIBUTE_MAP_ID,MANAGED_SYS_ID,RESOURCE_ID,MAP_FOR_OBJECT_TYPE,ATTRIBUTE_NAME,TARGET_ATTRIBUTE_NAME,AUTHORITATIVE_SRC,ATTRIBUTE_POLICY_ID,RULE_TEXT,STATUS,START_DATE,END_DATE,STORE_IN_IAMDB,DATA_TYPE,DEFAULT_VALUE) values ('506','110','110','USER','ou',null,0,'4633',null,'ACTIVE',null,null,0,'string',null);
Insert into ATTRIBUTE_MAP (ATTRIBUTE_MAP_ID,MANAGED_SYS_ID,RESOURCE_ID,MAP_FOR_OBJECT_TYPE,ATTRIBUTE_NAME,TARGET_ATTRIBUTE_NAME,AUTHORITATIVE_SRC,ATTRIBUTE_POLICY_ID,RULE_TEXT,STATUS,START_DATE,END_DATE,STORE_IN_IAMDB,DATA_TYPE,DEFAULT_VALUE) values ('507','110','110','USER','objectclass',null,0,'4634',null,'ACTIVE',null,null,0,'string',null);
Insert into ATTRIBUTE_MAP (ATTRIBUTE_MAP_ID,MANAGED_SYS_ID,RESOURCE_ID,MAP_FOR_OBJECT_TYPE,ATTRIBUTE_NAME,TARGET_ATTRIBUTE_NAME,AUTHORITATIVE_SRC,ATTRIBUTE_POLICY_ID,RULE_TEXT,STATUS,START_DATE,END_DATE,STORE_IN_IAMDB,DATA_TYPE,DEFAULT_VALUE) values ('508','110','110','USER','profilePath',null,0,'4635',null,'ACTIVE',null,null,0,'string',null);
Insert into ATTRIBUTE_MAP (ATTRIBUTE_MAP_ID,MANAGED_SYS_ID,RESOURCE_ID,MAP_FOR_OBJECT_TYPE,ATTRIBUTE_NAME,TARGET_ATTRIBUTE_NAME,AUTHORITATIVE_SRC,ATTRIBUTE_POLICY_ID,RULE_TEXT,STATUS,START_DATE,END_DATE,STORE_IN_IAMDB,DATA_TYPE,DEFAULT_VALUE) values ('509','110','110','USER','homeDirectory',null,0,'4636',null,'ACTIVE',null,null,0,'string',null);
Insert into ATTRIBUTE_MAP (ATTRIBUTE_MAP_ID,MANAGED_SYS_ID,RESOURCE_ID,MAP_FOR_OBJECT_TYPE,ATTRIBUTE_NAME,TARGET_ATTRIBUTE_NAME,AUTHORITATIVE_SRC,ATTRIBUTE_POLICY_ID,RULE_TEXT,STATUS,START_DATE,END_DATE,STORE_IN_IAMDB,DATA_TYPE,DEFAULT_VALUE) values ('510','110','110','USER','homeDrive',null,0,'4637',null,'ACTIVE',null,null,0,'string',null);
Insert into ATTRIBUTE_MAP (ATTRIBUTE_MAP_ID,MANAGED_SYS_ID,RESOURCE_ID,MAP_FOR_OBJECT_TYPE,ATTRIBUTE_NAME,TARGET_ATTRIBUTE_NAME,AUTHORITATIVE_SRC,ATTRIBUTE_POLICY_ID,RULE_TEXT,STATUS,START_DATE,END_DATE,STORE_IN_IAMDB,DATA_TYPE,DEFAULT_VALUE) values ('511','110','110','USER','scriptPath',null,0,'4639',null,'ACTIVE',null,null,0,'string',null);
Insert into ATTRIBUTE_MAP (ATTRIBUTE_MAP_ID,MANAGED_SYS_ID,RESOURCE_ID,MAP_FOR_OBJECT_TYPE,ATTRIBUTE_NAME,TARGET_ATTRIBUTE_NAME,AUTHORITATIVE_SRC,ATTRIBUTE_POLICY_ID,RULE_TEXT,STATUS,START_DATE,END_DATE,STORE_IN_IAMDB,DATA_TYPE,DEFAULT_VALUE) values ('512','110','110','USER','company',null,0,'4640',null,'ACTIVE',null,null,0,'string',null);
Insert into ATTRIBUTE_MAP (ATTRIBUTE_MAP_ID,MANAGED_SYS_ID,RESOURCE_ID,MAP_FOR_OBJECT_TYPE,ATTRIBUTE_NAME,TARGET_ATTRIBUTE_NAME,AUTHORITATIVE_SRC,ATTRIBUTE_POLICY_ID,RULE_TEXT,STATUS,START_DATE,END_DATE,STORE_IN_IAMDB,DATA_TYPE,DEFAULT_VALUE) values ('513','110','110','USER','initials',null,0,'4642',null,'ACTIVE',null,null,0,'string',null);
Insert into ATTRIBUTE_MAP (ATTRIBUTE_MAP_ID,MANAGED_SYS_ID,RESOURCE_ID,MAP_FOR_OBJECT_TYPE,ATTRIBUTE_NAME,TARGET_ATTRIBUTE_NAME,AUTHORITATIVE_SRC,ATTRIBUTE_POLICY_ID,RULE_TEXT,STATUS,START_DATE,END_DATE,STORE_IN_IAMDB,DATA_TYPE,DEFAULT_VALUE) values ('514','110','110','USER','department',null,0,'4643',null,'ACTIVE',null,null,0,'string',null);
Insert into ATTRIBUTE_MAP (ATTRIBUTE_MAP_ID,MANAGED_SYS_ID,RESOURCE_ID,MAP_FOR_OBJECT_TYPE,ATTRIBUTE_NAME,TARGET_ATTRIBUTE_NAME,AUTHORITATIVE_SRC,ATTRIBUTE_POLICY_ID,RULE_TEXT,STATUS,START_DATE,END_DATE,STORE_IN_IAMDB,DATA_TYPE,DEFAULT_VALUE) values ('515','110','110','USER','telephoneNumber',null,0,'4644',null,'ACTIVE',null,null,0,'string',null);
Insert into ATTRIBUTE_MAP (ATTRIBUTE_MAP_ID,MANAGED_SYS_ID,RESOURCE_ID,MAP_FOR_OBJECT_TYPE,ATTRIBUTE_NAME,TARGET_ATTRIBUTE_NAME,AUTHORITATIVE_SRC,ATTRIBUTE_POLICY_ID,RULE_TEXT,STATUS,START_DATE,END_DATE,STORE_IN_IAMDB,DATA_TYPE,DEFAULT_VALUE) values ('516','110','110','USER','title',null,0,'4645',null,'ACTIVE',null,null,0,'string',null);
Insert into ATTRIBUTE_MAP (ATTRIBUTE_MAP_ID,MANAGED_SYS_ID,RESOURCE_ID,MAP_FOR_OBJECT_TYPE,ATTRIBUTE_NAME,TARGET_ATTRIBUTE_NAME,AUTHORITATIVE_SRC,ATTRIBUTE_POLICY_ID,RULE_TEXT,STATUS,START_DATE,END_DATE,STORE_IN_IAMDB,DATA_TYPE,DEFAULT_VALUE) values ('517','110','110','USER','unicodePwd',null,0,'4646',null,'ACTIVE',null,null,0,'string',null);
Insert into ATTRIBUTE_MAP (ATTRIBUTE_MAP_ID,MANAGED_SYS_ID,RESOURCE_ID,MAP_FOR_OBJECT_TYPE,ATTRIBUTE_NAME,TARGET_ATTRIBUTE_NAME,AUTHORITATIVE_SRC,ATTRIBUTE_POLICY_ID,RULE_TEXT,STATUS,START_DATE,END_DATE,STORE_IN_IAMDB,DATA_TYPE,DEFAULT_VALUE) values ('518','110','110','USER','userAccountControl',null,0,'4650',null,'ACTIVE',null,null,0,'string',null);
Insert into ATTRIBUTE_MAP (ATTRIBUTE_MAP_ID,MANAGED_SYS_ID,RESOURCE_ID,MAP_FOR_OBJECT_TYPE,ATTRIBUTE_NAME,TARGET_ATTRIBUTE_NAME,AUTHORITATIVE_SRC,ATTRIBUTE_POLICY_ID,RULE_TEXT,STATUS,START_DATE,END_DATE,STORE_IN_IAMDB,DATA_TYPE,DEFAULT_VALUE) values ('519','110','110','USER','userPrincipalName',null,0,'4651',null,'ACTIVE',null,null,0,'string',null);
Insert into ATTRIBUTE_MAP (ATTRIBUTE_MAP_ID,MANAGED_SYS_ID,RESOURCE_ID,MAP_FOR_OBJECT_TYPE,ATTRIBUTE_NAME,TARGET_ATTRIBUTE_NAME,AUTHORITATIVE_SRC,ATTRIBUTE_POLICY_ID,RULE_TEXT,STATUS,START_DATE,END_DATE,STORE_IN_IAMDB,DATA_TYPE,DEFAULT_VALUE) values ('521','110','110','USER','streetAddress',null,0,'4653',null,'ACTIVE',null,null,0,'String',null);
Insert into ATTRIBUTE_MAP (ATTRIBUTE_MAP_ID,MANAGED_SYS_ID,RESOURCE_ID,MAP_FOR_OBJECT_TYPE,ATTRIBUTE_NAME,TARGET_ATTRIBUTE_NAME,AUTHORITATIVE_SRC,ATTRIBUTE_POLICY_ID,RULE_TEXT,STATUS,START_DATE,END_DATE,STORE_IN_IAMDB,DATA_TYPE,DEFAULT_VALUE) values ('522','110','110','USER','l',null,0,'4654',null,'ACTIVE',null,null,0,'String',null);
Insert into ATTRIBUTE_MAP (ATTRIBUTE_MAP_ID,MANAGED_SYS_ID,RESOURCE_ID,MAP_FOR_OBJECT_TYPE,ATTRIBUTE_NAME,TARGET_ATTRIBUTE_NAME,AUTHORITATIVE_SRC,ATTRIBUTE_POLICY_ID,RULE_TEXT,STATUS,START_DATE,END_DATE,STORE_IN_IAMDB,DATA_TYPE,DEFAULT_VALUE) values ('523','110','110','USER','st',null,0,'4655',null,'ACTIVE',null,null,0,'String',null);
Insert into ATTRIBUTE_MAP (ATTRIBUTE_MAP_ID,MANAGED_SYS_ID,RESOURCE_ID,MAP_FOR_OBJECT_TYPE,ATTRIBUTE_NAME,TARGET_ATTRIBUTE_NAME,AUTHORITATIVE_SRC,ATTRIBUTE_POLICY_ID,RULE_TEXT,STATUS,START_DATE,END_DATE,STORE_IN_IAMDB,DATA_TYPE,DEFAULT_VALUE) values ('524','110','110','USER','postalCode',null,0,'4656',null,'ACTIVE',null,null,0,'String',null);
Insert into ATTRIBUTE_MAP (ATTRIBUTE_MAP_ID,MANAGED_SYS_ID,RESOURCE_ID,MAP_FOR_OBJECT_TYPE,ATTRIBUTE_NAME,TARGET_ATTRIBUTE_NAME,AUTHORITATIVE_SRC,ATTRIBUTE_POLICY_ID,RULE_TEXT,STATUS,START_DATE,END_DATE,STORE_IN_IAMDB,DATA_TYPE,DEFAULT_VALUE) values ('550','106','106','PRINCIPAL','userName',null,0,'4600',null,'ACTIVE',null,null,0,null,null);
Insert into ATTRIBUTE_MAP (ATTRIBUTE_MAP_ID,MANAGED_SYS_ID,RESOURCE_ID,MAP_FOR_OBJECT_TYPE,ATTRIBUTE_NAME,TARGET_ATTRIBUTE_NAME,AUTHORITATIVE_SRC,ATTRIBUTE_POLICY_ID,RULE_TEXT,STATUS,START_DATE,END_DATE,STORE_IN_IAMDB,DATA_TYPE,DEFAULT_VALUE) values ('553','106','106','USER','password',null,0,'4603',null,'ACTIVE',null,null,0,null,null);
Insert into ATTRIBUTE_MAP (ATTRIBUTE_MAP_ID,MANAGED_SYS_ID,RESOURCE_ID,MAP_FOR_OBJECT_TYPE,ATTRIBUTE_NAME,TARGET_ATTRIBUTE_NAME,AUTHORITATIVE_SRC,ATTRIBUTE_POLICY_ID,RULE_TEXT,STATUS,START_DATE,END_DATE,STORE_IN_IAMDB,DATA_TYPE,DEFAULT_VALUE) values ('600','105','105','PRINCIPAL','login',null,0,'4562',null,'ACTIVE',null,null,0,null,null);
Insert into ATTRIBUTE_MAP (ATTRIBUTE_MAP_ID,MANAGED_SYS_ID,RESOURCE_ID,MAP_FOR_OBJECT_TYPE,ATTRIBUTE_NAME,TARGET_ATTRIBUTE_NAME,AUTHORITATIVE_SRC,ATTRIBUTE_POLICY_ID,RULE_TEXT,STATUS,START_DATE,END_DATE,STORE_IN_IAMDB,DATA_TYPE,DEFAULT_VALUE) values ('601','105','105','USER','name',null,0,'4514',null,'ACTIVE',null,null,0,null,null);
Insert into ATTRIBUTE_MAP (ATTRIBUTE_MAP_ID,MANAGED_SYS_ID,RESOURCE_ID,MAP_FOR_OBJECT_TYPE,ATTRIBUTE_NAME,TARGET_ATTRIBUTE_NAME,AUTHORITATIVE_SRC,ATTRIBUTE_POLICY_ID,RULE_TEXT,STATUS,START_DATE,END_DATE,STORE_IN_IAMDB,DATA_TYPE,DEFAULT_VALUE) values ('602','105','105','USER','surname',null,0,'4506',null,'ACTIVE',null,null,0,null,null);
Insert into ATTRIBUTE_MAP (ATTRIBUTE_MAP_ID,MANAGED_SYS_ID,RESOURCE_ID,MAP_FOR_OBJECT_TYPE,ATTRIBUTE_NAME,TARGET_ATTRIBUTE_NAME,AUTHORITATIVE_SRC,ATTRIBUTE_POLICY_ID,RULE_TEXT,STATUS,START_DATE,END_DATE,STORE_IN_IAMDB,DATA_TYPE,DEFAULT_VALUE) values ('603','105','105','USER','password',null,0,'4509',null,'ACTIVE',null,null,0,null,null);
Insert into ATTRIBUTE_MAP (ATTRIBUTE_MAP_ID,MANAGED_SYS_ID,RESOURCE_ID,MAP_FOR_OBJECT_TYPE,ATTRIBUTE_NAME,TARGET_ATTRIBUTE_NAME,AUTHORITATIVE_SRC,ATTRIBUTE_POLICY_ID,RULE_TEXT,STATUS,START_DATE,END_DATE,STORE_IN_IAMDB,DATA_TYPE,DEFAULT_VALUE) values ('604','105','105','USER','homePhone',null,0,'4511',null,'ACTIVE',null,null,0,null,null);
Insert into ATTRIBUTE_MAP (ATTRIBUTE_MAP_ID,MANAGED_SYS_ID,RESOURCE_ID,MAP_FOR_OBJECT_TYPE,ATTRIBUTE_NAME,TARGET_ATTRIBUTE_NAME,AUTHORITATIVE_SRC,ATTRIBUTE_POLICY_ID,RULE_TEXT,STATUS,START_DATE,END_DATE,STORE_IN_IAMDB,DATA_TYPE,DEFAULT_VALUE) values ('605','105','105','USER','workPhone',null,0,'4513',null,'ACTIVE',null,null,0,null,null);
Insert into ATTRIBUTE_MAP (ATTRIBUTE_MAP_ID,MANAGED_SYS_ID,RESOURCE_ID,MAP_FOR_OBJECT_TYPE,ATTRIBUTE_NAME,TARGET_ATTRIBUTE_NAME,AUTHORITATIVE_SRC,ATTRIBUTE_POLICY_ID,RULE_TEXT,STATUS,START_DATE,END_DATE,STORE_IN_IAMDB,DATA_TYPE,DEFAULT_VALUE) values ('606','105','105','USER','roomNumber',null,0,'4516',null,'ACTIVE',null,null,0,null,null);
Insert into ATTRIBUTE_MAP (ATTRIBUTE_MAP_ID,MANAGED_SYS_ID,RESOURCE_ID,MAP_FOR_OBJECT_TYPE,ATTRIBUTE_NAME,TARGET_ATTRIBUTE_NAME,AUTHORITATIVE_SRC,ATTRIBUTE_POLICY_ID,RULE_TEXT,STATUS,START_DATE,END_DATE,STORE_IN_IAMDB,DATA_TYPE,DEFAULT_VALUE) values ('607','105','105','USER','groups',null,0,'4546',null,'ACTIVE',null,null,0,null,null);

Insert into IAMUSER.AUTH_PROVIDER_TYPE (PROVIDER_TYPE,DESCRIPTION,ACTIVE) values ('SAML_PROVIDER','SAML Provider','Y');

Insert into IAMUSER.AUTH_ATTRIBUTE (AUTH_ATTRIBUTE_ID,ATTRIBUTE_NAME,PROVIDER_TYPE,DESCRIPTION,REQUIRED,DATA_TYPE,DEFAULT_VALUE) values ('1','Request Issuer','SAML_PROVIDER','The Issuer element to look for in the SAMLRequest','Y','singleValue',null);
Insert into IAMUSER.AUTH_ATTRIBUTE (AUTH_ATTRIBUTE_ID,ATTRIBUTE_NAME,PROVIDER_TYPE,DESCRIPTION,REQUIRED,DATA_TYPE,DEFAULT_VALUE) values ('2','Response Issuer','SAML_PROVIDER','The Issuer element to send in the SAMLResponse.  Default is the SAML Login Page URL','N','singleValue',null);
Insert into IAMUSER.AUTH_ATTRIBUTE (AUTH_ATTRIBUTE_ID,ATTRIBUTE_NAME,PROVIDER_TYPE,DESCRIPTION,REQUIRED,DATA_TYPE,DEFAULT_VALUE) values ('3','Assertion Consumer URL','SAML_PROVIDER','Where the SAMLResponse will be POSTed to','Y','singleValue',null);
Insert into IAMUSER.AUTH_ATTRIBUTE (AUTH_ATTRIBUTE_ID,ATTRIBUTE_NAME,PROVIDER_TYPE,DESCRIPTION,REQUIRED,DATA_TYPE,DEFAULT_VALUE) values ('4','Audiences','SAML_PROVIDER','The Audience value(s) to send in the SAMLResponse','N','listValue',null);
Insert into IAMUSER.AUTH_ATTRIBUTE (AUTH_ATTRIBUTE_ID,ATTRIBUTE_NAME,PROVIDER_TYPE,DESCRIPTION,REQUIRED,DATA_TYPE,DEFAULT_VALUE) values ('AuthnContextClassRef','Authentication Context Class','SAML_PROVIDER','The Value of the AuthnContextClassRef attribute','N','singleValue','urn:oasis:names:tc:SAML:2.0:ac:classes:Password');
Insert into IAMUSER.AUTH_ATTRIBUTE (AUTH_ATTRIBUTE_ID,ATTRIBUTE_NAME,PROVIDER_TYPE,DESCRIPTION,REQUIRED,DATA_TYPE,DEFAULT_VALUE) values ('METADATA_EXPOSED','Metdata Exposed','SAML_PROVIDER','Is the metadata for this SAML Provider exposed?  Some Service Providers require a URL that defines the Identity Provider Metadata','N','booleanValue',null);
Insert into IAMUSER.AUTH_ATTRIBUTE (AUTH_ATTRIBUTE_ID,ATTRIBUTE_NAME,PROVIDER_TYPE,DESCRIPTION,REQUIRED,DATA_TYPE,DEFAULT_VALUE) values ('NameIdFormat','Name ID Format','SAML_PROVIDER','The Value of the Format attribute in the NameID element','N','singleValue','urn:oasis:names:tc:SAML:1.1:nameid-format:emailAddress');
Insert into IAMUSER.AUTH_ATTRIBUTE (AUTH_ATTRIBUTE_ID,ATTRIBUTE_NAME,PROVIDER_TYPE,DESCRIPTION,REQUIRED,DATA_TYPE,DEFAULT_VALUE) values ('NameQualifier','Name Qualifier','SAML_PROVIDER','Value of the NameQualifier attribute in the NameID element','N','singleValue',null);
Insert into IAMUSER.AUTH_ATTRIBUTE (AUTH_ATTRIBUTE_ID,ATTRIBUTE_NAME,PROVIDER_TYPE,DESCRIPTION,REQUIRED,DATA_TYPE,DEFAULT_VALUE) values ('SPNameQualifier','SP Name Qualifier','SAML_PROVIDER','Value of the SPNameQualifier attribute in the NameID element','N','singleValue',null);

Insert into IAMUSER.AUTH_RESOURCE_AM_ATTRIBUTE (AM_ATTRIBUTE_ID,ATTRIBUTE_NAME) values ('Login.login','Principal');
Insert into IAMUSER.AUTH_RESOURCE_AM_ATTRIBUTE (AM_ATTRIBUTE_ID,ATTRIBUTE_NAME) values ('User.title','Functional Title');


Insert into IAMUSER.BATCH_CONFIG (TASK_ID,TASK_NAME,FREQUENCY,FREQUENCY_UNIT_OF_MEASURE,LAST_EXEC_TIME,ENABLED,TASK_URL,EXECUTION_ORDER,STATUS,PARAM1,PARAM2,PARAM3,PARAM4,RULE_TYPE) values ('100','ACCOUNT_LOCKED_NOTIFICATION',null,'MINUTE',null,0,'batch/accountLockedNotification.groovy',2,null,null,null,null,null,null);
Insert into IAMUSER.BATCH_CONFIG (TASK_ID,TASK_NAME,FREQUENCY,FREQUENCY_UNIT_OF_MEASURE,LAST_EXEC_TIME,ENABLED,TASK_URL,EXECUTION_ORDER,STATUS,PARAM1,PARAM2,PARAM3,PARAM4,RULE_TYPE) values ('101','INACTIVE_USER',null,'NIGHTLY',null,0,'batch/inactiveUser.groovy',1,null,null,null,null,null,null);
Insert into IAMUSER.BATCH_CONFIG (TASK_ID,TASK_NAME,FREQUENCY,FREQUENCY_UNIT_OF_MEASURE,LAST_EXEC_TIME,ENABLED,TASK_URL,EXECUTION_ORDER,STATUS,PARAM1,PARAM2,PARAM3,PARAM4,RULE_TYPE) values ('102','PASSWORD_NEAR_EXP',null,'NIGHTLY',null,0,'batch/passwordNearExpNotification.groovy',2,null,null,null,null,null,null);
Insert into IAMUSER.BATCH_CONFIG (TASK_ID,TASK_NAME,FREQUENCY,FREQUENCY_UNIT_OF_MEASURE,LAST_EXEC_TIME,ENABLED,TASK_URL,EXECUTION_ORDER,STATUS,PARAM1,PARAM2,PARAM3,PARAM4,RULE_TYPE) values ('103','TERMINATE_EXP_ACCT',null,'NIGHTLY',null,0,'batch/terminateOnExpiration.groovy',3,null,null,null,null,null,null);
Insert into IAMUSER.BATCH_CONFIG (TASK_ID,TASK_NAME,FREQUENCY,FREQUENCY_UNIT_OF_MEASURE,LAST_EXEC_TIME,ENABLED,TASK_URL,EXECUTION_ORDER,STATUS,PARAM1,PARAM2,PARAM3,PARAM4,RULE_TYPE) values ('104','AUTO_UNLOCK',null,'MINUTE',null,0,'batch/autoUnlock.groovy',1,null,null,null,null,null,null);
Insert into IAMUSER.BATCH_CONFIG (TASK_ID,TASK_NAME,FREQUENCY,FREQUENCY_UNIT_OF_MEASURE,LAST_EXEC_TIME,ENABLED,TASK_URL,EXECUTION_ORDER,STATUS,PARAM1,PARAM2,PARAM3,PARAM4,RULE_TYPE) values ('105','RESET_PSWD_CHNG_COUNT',null,'MINUTE',null,0,'batch/resetPasswordChangeCount.groovy',2,null,null,null,null,null,null);
Insert into IAMUSER.BATCH_CONFIG (TASK_ID,TASK_NAME,FREQUENCY,FREQUENCY_UNIT_OF_MEASURE,LAST_EXEC_TIME,ENABLED,TASK_URL,EXECUTION_ORDER,STATUS,PARAM1,PARAM2,PARAM3,PARAM4,RULE_TYPE) values ('106','PUBLISH_AUDIT_EVENT',null,'NIGHTLY',null,0,'batch/publishAuditEvent.groovy',3,null,null,null,null,null,null);
Insert into IAMUSER.BATCH_CONFIG (TASK_ID,TASK_NAME,FREQUENCY,FREQUENCY_UNIT_OF_MEASURE,LAST_EXEC_TIME,ENABLED,TASK_URL,EXECUTION_ORDER,STATUS,PARAM1,PARAM2,PARAM3,PARAM4,RULE_TYPE) values ('107','PASSWORD_EXPIRED',null,'NIGHTLY',null,0,'batch/passwordExpiredNotification.groovy',4,null,null,null,null,null,null);
Insert into IAMUSER.BATCH_CONFIG (TASK_ID,TASK_NAME,FREQUENCY,FREQUENCY_UNIT_OF_MEASURE,LAST_EXEC_TIME,ENABLED,TASK_URL,EXECUTION_ORDER,STATUS,PARAM1,PARAM2,PARAM3,PARAM4,RULE_TYPE) values ('108','PROV_ON_STARTDATE',null,'NIGHTLY',null,0,'batch/provisionOnStartDate.groovy',4,null,null,null,null,null,null);

Insert into IAMUSER.CATEGORY (CATEGORY_ID,PARENT_ID,CATEGORY_NAME,CATEGORY_DESC,CREATE_DATE,CREATED_BY,SHOW_LIST,DISPLAY_ORDER) values ('ACL','','ACL Root',null,null,null,0,0);
Insert into IAMUSER.CATEGORY (CATEGORY_ID,PARENT_ID,CATEGORY_NAME,CATEGORY_DESC,CREATE_DATE,CREATED_BY,SHOW_LIST,DISPLAY_ORDER) values ('Application','','ACL',null,null,null,0,0);
Insert into IAMUSER.CATEGORY (CATEGORY_ID,PARENT_ID,CATEGORY_NAME,CATEGORY_DESC,CREATE_DATE,CREATED_BY,SHOW_LIST,DISPLAY_ORDER) values ('CONNECTOR_TYPE','ROOT','Provisioning Connectors',null,null,null,0,0);
Insert into IAMUSER.CATEGORY (CATEGORY_ID,PARENT_ID,CATEGORY_NAME,CATEGORY_DESC,CREATE_DATE,CREATED_BY,SHOW_LIST,DISPLAY_ORDER) values ('GROUP_TYPE','ROOT','Group Type',null,null,null,0,0);
Insert into IAMUSER.CATEGORY (CATEGORY_ID,PARENT_ID,CATEGORY_NAME,CATEGORY_DESC,CREATE_DATE,CREATED_BY,SHOW_LIST,DISPLAY_ORDER) values ('MANAGED_SYS_TYPE','ROOT','Managed System Types',null,null,null,0,0);
Insert into IAMUSER.CATEGORY (CATEGORY_ID,PARENT_ID,CATEGORY_NAME,CATEGORY_DESC,CREATE_DATE,CREATED_BY,SHOW_LIST,DISPLAY_ORDER) values ('ORG_TYPE','ROOT','ORGANIZATION Types',null,null,null,0,0);
Insert into IAMUSER.CATEGORY (CATEGORY_ID,PARENT_ID,CATEGORY_NAME,CATEGORY_DESC,CREATE_DATE,CREATED_BY,SHOW_LIST,DISPLAY_ORDER) values ('ROOT','','ROOT',null,null,null,0,0);
Insert into IAMUSER.CATEGORY (CATEGORY_ID,PARENT_ID,CATEGORY_NAME,CATEGORY_DESC,CREATE_DATE,CREATED_BY,SHOW_LIST,DISPLAY_ORDER) values ('SECURITY',null,'SECURITY',null,null,null,0,0);
Insert into IAMUSER.CATEGORY (CATEGORY_ID,PARENT_ID,CATEGORY_NAME,CATEGORY_DESC,CREATE_DATE,CREATED_BY,SHOW_LIST,DISPLAY_ORDER) values ('USER_TYPE','ROOT','User Types',null,null,null,0,0);
Insert into IAMUSER.CATEGORY (CATEGORY_ID,PARENT_ID,CATEGORY_NAME,CATEGORY_DESC,CREATE_DATE,CREATED_BY,SHOW_LIST,DISPLAY_ORDER) values ('WebSite','','ACL',null,null,null,0,0);

Insert into IAMUSER.METADATA_TYPE (TYPE_ID,DESCRIPTION,ACTIVE,SYNC_MANAGED_SYS,GROUPING) values ('ADGroup','AD User type','Y','Y',null);
Insert into IAMUSER.METADATA_TYPE (TYPE_ID,DESCRIPTION,ACTIVE,SYNC_MANAGED_SYS,GROUPING) values ('ADUser','AD User type','Y','Y',null);
Insert into IAMUSER.METADATA_TYPE (TYPE_ID,DESCRIPTION,ACTIVE,SYNC_MANAGED_SYS,GROUPING) values ('AD_Connector','Active Directory Connector','Y','Y',null);
Insert into IAMUSER.METADATA_TYPE (TYPE_ID,DESCRIPTION,ACTIVE,SYNC_MANAGED_SYS,GROUPING) values ('AD_GROUP_TYPE','AD GROUP TYPE','N','N',null);
Insert into IAMUSER.METADATA_TYPE (TYPE_ID,DESCRIPTION,ACTIVE,SYNC_MANAGED_SYS,GROUPING) values ('AUTHENTICATION_PROVIDER','Authentication Provider','Y','Y',null);
Insert into IAMUSER.METADATA_TYPE (TYPE_ID,DESCRIPTION,ACTIVE,SYNC_MANAGED_SYS,GROUPING) values ('AUTH_REPO','Authentication Repository','Y','Y',null);
Insert into IAMUSER.METADATA_TYPE (TYPE_ID,DESCRIPTION,ACTIVE,SYNC_MANAGED_SYS,GROUPING) values ('CHECKBOX','Checkbox','Y','N','UI_WIDGET');
Insert into IAMUSER.METADATA_TYPE (TYPE_ID,DESCRIPTION,ACTIVE,SYNC_MANAGED_SYS,GROUPING) values ('CONTENT_PROVIDER','Content Provider','Y','Y',null);
Insert into IAMUSER.METADATA_TYPE (TYPE_ID,DESCRIPTION,ACTIVE,SYNC_MANAGED_SYS,GROUPING) values ('Contractor','Contractor user type','Y','Y',null);
Insert into IAMUSER.METADATA_TYPE (TYPE_ID,DESCRIPTION,ACTIVE,SYNC_MANAGED_SYS,GROUPING) values ('DATE','Date field','Y','N','UI_WIDGET');
Insert into IAMUSER.METADATA_TYPE (TYPE_ID,DESCRIPTION,ACTIVE,SYNC_MANAGED_SYS,GROUPING) values ('DEFAULT_GROUP','DEFAULT GROUP TYPE','N','N',null);
Insert into IAMUSER.METADATA_TYPE (TYPE_ID,DESCRIPTION,ACTIVE,SYNC_MANAGED_SYS,GROUPING) values ('departmentType','Department','Y','Y',null);
Insert into IAMUSER.METADATA_TYPE (TYPE_ID,DESCRIPTION,ACTIVE,SYNC_MANAGED_SYS,GROUPING) values ('DIRECTORY','Directory','Y','Y',null);
Insert into IAMUSER.METADATA_TYPE (TYPE_ID,DESCRIPTION,ACTIVE,SYNC_MANAGED_SYS,GROUPING) values ('divisionType','Division','Y','Y',null);
Insert into IAMUSER.METADATA_TYPE (TYPE_ID,DESCRIPTION,ACTIVE,SYNC_MANAGED_SYS,GROUPING) values ('FILE','File','Y','Y',null);
Insert into IAMUSER.METADATA_TYPE (TYPE_ID,DESCRIPTION,ACTIVE,SYNC_MANAGED_SYS,GROUPING) values ('GOOGLE_Connector','GOOGLE APPS Connector','Y','Y',null);
Insert into IAMUSER.METADATA_TYPE (TYPE_ID,DESCRIPTION,ACTIVE,SYNC_MANAGED_SYS,GROUPING) values ('InetOrgPerson','InetOrgPerson user type','Y','Y',null);
Insert into IAMUSER.METADATA_TYPE (TYPE_ID,DESCRIPTION,ACTIVE,SYNC_MANAGED_SYS,GROUPING) values ('LdapOrgPerson','LdapOrgPerson User type','Y','Y',null);
Insert into IAMUSER.METADATA_TYPE (TYPE_ID,DESCRIPTION,ACTIVE,SYNC_MANAGED_SYS,GROUPING) values ('LDAP_Connector','LDAP Connector','Y','Y',null);
Insert into IAMUSER.METADATA_TYPE (TYPE_ID,DESCRIPTION,ACTIVE,SYNC_MANAGED_SYS,GROUPING) values ('LDAP_GROUP_TYPE','LDAP GROUP TYPE','N','N',null);
Insert into IAMUSER.METADATA_TYPE (TYPE_ID,DESCRIPTION,ACTIVE,SYNC_MANAGED_SYS,GROUPING) values ('LINUX_Connector','Linux Connector','Y','Y',null);
Insert into IAMUSER.METADATA_TYPE (TYPE_ID,DESCRIPTION,ACTIVE,SYNC_MANAGED_SYS,GROUPING) values ('MANAGED_SYS','Managed System','Y','Y',null);
Insert into IAMUSER.METADATA_TYPE (TYPE_ID,DESCRIPTION,ACTIVE,SYNC_MANAGED_SYS,GROUPING) values ('MENU_ITEM','Menu Item Type','Y','Y',null);
Insert into IAMUSER.METADATA_TYPE (TYPE_ID,DESCRIPTION,ACTIVE,SYNC_MANAGED_SYS,GROUPING) values ('MULTI_SELECT','MultiSelect list','Y','N','UI_WIDGET');
Insert into IAMUSER.METADATA_TYPE (TYPE_ID,DESCRIPTION,ACTIVE,SYNC_MANAGED_SYS,GROUPING) values ('NO-PROVISION-APP','Un-Provisionable Apps','Y','Y',null);
Insert into IAMUSER.METADATA_TYPE (TYPE_ID,DESCRIPTION,ACTIVE,SYNC_MANAGED_SYS,GROUPING) values ('OrgOpenIAM','OpenIAM','Y','Y',null);
Insert into IAMUSER.METADATA_TYPE (TYPE_ID,DESCRIPTION,ACTIVE,SYNC_MANAGED_SYS,GROUPING) values ('PASSWORD','Password field','Y','N','UI_WIDGET');
Insert into IAMUSER.METADATA_TYPE (TYPE_ID,DESCRIPTION,ACTIVE,SYNC_MANAGED_SYS,GROUPING) values ('RADIO','Radio button','Y','N','UI_WIDGET');
Insert into IAMUSER.METADATA_TYPE (TYPE_ID,DESCRIPTION,ACTIVE,SYNC_MANAGED_SYS,GROUPING) values ('RDBMS_Connector','RDBMS Connector','Y','Y',null);
Insert into IAMUSER.METADATA_TYPE (TYPE_ID,DESCRIPTION,ACTIVE,SYNC_MANAGED_SYS,GROUPING) values ('SCRIPT_Connector','Script Connector','Y','Y',null);
Insert into IAMUSER.METADATA_TYPE (TYPE_ID,DESCRIPTION,ACTIVE,SYNC_MANAGED_SYS,GROUPING) values ('SELECT','Combo box','Y','N','UI_WIDGET');
Insert into IAMUSER.METADATA_TYPE (TYPE_ID,DESCRIPTION,ACTIVE,SYNC_MANAGED_SYS,GROUPING) values ('SOAP_Connector','SOAP Connector','Y','Y',null);
Insert into IAMUSER.METADATA_TYPE (TYPE_ID,DESCRIPTION,ACTIVE,SYNC_MANAGED_SYS,GROUPING) values ('SystemAccount','System Account type','Y','Y',null);
Insert into IAMUSER.METADATA_TYPE (TYPE_ID,DESCRIPTION,ACTIVE,SYNC_MANAGED_SYS,GROUPING) values ('SYS_ACTION','System Actions','Y','Y',null);
Insert into IAMUSER.METADATA_TYPE (TYPE_ID,DESCRIPTION,ACTIVE,SYNC_MANAGED_SYS,GROUPING) values ('TEXT','Text field','Y','N','UI_WIDGET');
Insert into IAMUSER.METADATA_TYPE (TYPE_ID,DESCRIPTION,ACTIVE,SYNC_MANAGED_SYS,GROUPING) values ('TEXTAREA','Multiline text field','Y','N','UI_WIDGET');
Insert into IAMUSER.METADATA_TYPE (TYPE_ID,DESCRIPTION,ACTIVE,SYNC_MANAGED_SYS,GROUPING) values ('UI_TEMPLATE','UI_TEMPLATE','Y','Y',null);
Insert into IAMUSER.METADATA_TYPE (TYPE_ID,DESCRIPTION,ACTIVE,SYNC_MANAGED_SYS,GROUPING) values ('UI_WIDGET','UI_WIDGET','Y','Y',null);
Insert into IAMUSER.METADATA_TYPE (TYPE_ID,DESCRIPTION,ACTIVE,SYNC_MANAGED_SYS,GROUPING) values ('URL','URL','Y','Y',null);
Insert into IAMUSER.METADATA_TYPE (TYPE_ID,DESCRIPTION,ACTIVE,SYNC_MANAGED_SYS,GROUPING) values ('URL_PATTERN','Url Pattern','Y','Y',null);
Insert into IAMUSER.METADATA_TYPE (TYPE_ID,DESCRIPTION,ACTIVE,SYNC_MANAGED_SYS,GROUPING) values ('WEBSERVICE','Web Service','Y','Y',null);
Insert into IAMUSER.METADATA_TYPE (TYPE_ID,DESCRIPTION,ACTIVE,SYNC_MANAGED_SYS,GROUPING) values ('WEBSERVICE_OP','Web Service Operation','Y','Y',null);


Insert into IAMUSER.CATEGORY_TYPE (CATEGORY_ID,TYPE_ID) values ('ACL','DIRECTORY');
Insert into IAMUSER.CATEGORY_TYPE (CATEGORY_ID,TYPE_ID) values ('ACL','FILE');
Insert into IAMUSER.CATEGORY_TYPE (CATEGORY_ID,TYPE_ID) values ('ACL','URL');
Insert into IAMUSER.CATEGORY_TYPE (CATEGORY_ID,TYPE_ID) values ('CONNECTOR_TYPE','AD_Connector');
Insert into IAMUSER.CATEGORY_TYPE (CATEGORY_ID,TYPE_ID) values ('CONNECTOR_TYPE','LDAP_Connector');
Insert into IAMUSER.CATEGORY_TYPE (CATEGORY_ID,TYPE_ID) values ('CONNECTOR_TYPE','LINUX_Connector');
Insert into IAMUSER.CATEGORY_TYPE (CATEGORY_ID,TYPE_ID) values ('CONNECTOR_TYPE','RDBMS_Connector');
Insert into IAMUSER.CATEGORY_TYPE (CATEGORY_ID,TYPE_ID) values ('CONNECTOR_TYPE','SCRIPT_Connector');
Insert into IAMUSER.CATEGORY_TYPE (CATEGORY_ID,TYPE_ID) values ('CONNECTOR_TYPE','SOAP_Connector');
Insert into IAMUSER.CATEGORY_TYPE (CATEGORY_ID,TYPE_ID) values ('GROUP_TYPE','AD_GROUP_TYPE');
Insert into IAMUSER.CATEGORY_TYPE (CATEGORY_ID,TYPE_ID) values ('GROUP_TYPE','DEFAULT_GROUP');
Insert into IAMUSER.CATEGORY_TYPE (CATEGORY_ID,TYPE_ID) values ('GROUP_TYPE','LDAP_GROUP_TYPE');
Insert into IAMUSER.CATEGORY_TYPE (CATEGORY_ID,TYPE_ID) values ('MANAGED_SYS_TYPE','ADGroup');
Insert into IAMUSER.CATEGORY_TYPE (CATEGORY_ID,TYPE_ID) values ('MANAGED_SYS_TYPE','ADUser');
Insert into IAMUSER.CATEGORY_TYPE (CATEGORY_ID,TYPE_ID) values ('MANAGED_SYS_TYPE','LdapOrgPerson');
Insert into IAMUSER.CATEGORY_TYPE (CATEGORY_ID,TYPE_ID) values ('ORG_TYPE','departmentType');
Insert into IAMUSER.CATEGORY_TYPE (CATEGORY_ID,TYPE_ID) values ('ORG_TYPE','divisionType');
Insert into IAMUSER.CATEGORY_TYPE (CATEGORY_ID,TYPE_ID) values ('USER_TYPE','Contractor');
Insert into IAMUSER.CATEGORY_TYPE (CATEGORY_ID,TYPE_ID) values ('USER_TYPE','InetOrgPerson');
Insert into IAMUSER.CATEGORY_TYPE (CATEGORY_ID,TYPE_ID) values ('USER_TYPE','SystemAccount');

Insert into IAMUSER.SERVICE (SERVICE_ID,SERVICE_NAME,STATUS,LOCATION_IP_ADDRESS,COMPANY_OWNER_ID,START_DATE,END_DATE,LICENSE_KEY,SERVICE_TYPE,PARENT_SERVICE_ID,ROOT_RESOURCE_ID,ACCESS_CONTROL_MODEL,PARAM1,PARAM2,PARAM3,PARAM4,PARAM5) values ('USR_SEC_DOMAIN','USER SECURITY DOMAIN','ON-LINE',null,null,null,null,null,null,null,null,null,null,null,null,null,null);

Insert into IAMUSER.SEQUENCE_GEN (ATTRIBUTE,NEXT_ID) values ('CATEGORY_ID',3000);
Insert into IAMUSER.SEQUENCE_GEN (ATTRIBUTE,NEXT_ID) values ('DOMAIN_ID',1000);
Insert into IAMUSER.SEQUENCE_GEN (ATTRIBUTE,NEXT_ID) values ('MANAGED_SYS_ID',100);
Insert into IAMUSER.SEQUENCE_GEN (ATTRIBUTE,NEXT_ID) values ('METADATA_ELEMENT_ID',2000);
Insert into IAMUSER.SEQUENCE_GEN (ATTRIBUTE,NEXT_ID) values ('METADATA_ID',3000);
Insert into IAMUSER.SEQUENCE_GEN (ATTRIBUTE,NEXT_ID) values ('METADATA_VALUE_ID',2000);
Insert into IAMUSER.SEQUENCE_GEN (ATTRIBUTE,NEXT_ID) values ('ORG_STRUCTURE_ID',200);
Insert into IAMUSER.SEQUENCE_GEN (ATTRIBUTE,NEXT_ID) values ('PRIVILEGE_ID',1001);
Insert into IAMUSER.SEQUENCE_GEN (ATTRIBUTE,NEXT_ID) values ('SERVICE_ID',1000);
Insert into IAMUSER.SEQUENCE_GEN (ATTRIBUTE,NEXT_ID) values ('TYPE_ID',1013);


Insert into IAMUSER.ROLE (SERVICE_ID,ROLE_NAME,CREATE_DATE,CREATED_BY,DESCRIPTION,TYPE_ID,OWNER_ID,STATUS,INTERNAL_ROLE_ID,ROLE_ID) values ('USR_SEC_DOMAIN','End User',null,null,null,null,null,null,null,'1');
Insert into IAMUSER.ROLE (SERVICE_ID,ROLE_NAME,CREATE_DATE,CREATED_BY,DESCRIPTION,TYPE_ID,OWNER_ID,STATUS,INTERNAL_ROLE_ID,ROLE_ID) values ('USR_SEC_DOMAIN','Help Desk',null,null,null,null,null,null,null,'2');
Insert into IAMUSER.ROLE (SERVICE_ID,ROLE_NAME,CREATE_DATE,CREATED_BY,DESCRIPTION,TYPE_ID,OWNER_ID,STATUS,INTERNAL_ROLE_ID,ROLE_ID) values ('USR_SEC_DOMAIN','Human Resource',null,null,null,null,null,null,null,'3');
Insert into IAMUSER.ROLE (SERVICE_ID,ROLE_NAME,CREATE_DATE,CREATED_BY,DESCRIPTION,TYPE_ID,OWNER_ID,STATUS,INTERNAL_ROLE_ID,ROLE_ID) values ('USR_SEC_DOMAIN','Manager',null,null,null,null,null,null,null,'4');
Insert into IAMUSER.ROLE (SERVICE_ID,ROLE_NAME,CREATE_DATE,CREATED_BY,DESCRIPTION,TYPE_ID,OWNER_ID,STATUS,INTERNAL_ROLE_ID,ROLE_ID) values ('USR_SEC_DOMAIN','Security Manager',null,null,null,null,null,null,null,'5');
Insert into IAMUSER.ROLE (SERVICE_ID,ROLE_NAME,CREATE_DATE,CREATED_BY,DESCRIPTION,TYPE_ID,OWNER_ID,STATUS,INTERNAL_ROLE_ID,ROLE_ID) values ('IDM','Security Admin_IDM',null,null,null,null,null,null,null,'6');
Insert into IAMUSER.ROLE (SERVICE_ID,ROLE_NAME,CREATE_DATE,CREATED_BY,DESCRIPTION,TYPE_ID,OWNER_ID,STATUS,INTERNAL_ROLE_ID,ROLE_ID) values ('USR_SEC_DOMAIN','Security Admin',null,null,null,null,null,null,null,'7');
Insert into IAMUSER.ROLE (SERVICE_ID,ROLE_NAME,CREATE_DATE,CREATED_BY,DESCRIPTION,TYPE_ID,OWNER_ID,STATUS,INTERNAL_ROLE_ID,ROLE_ID) values ('IDM','Super Security Admin',null,null,null,null,null,null,null,'9');


Insert into IAMUSER.RESOURCE_TYPE (RESOURCE_TYPE_ID,DESCRIPTION,METADATA_TYPE_ID,PROVISION_RESOURCE,PROCESS_NAME) values ('AUTH_PROVIDER','Authentication Provider','AUTHENTICATION_PROVIDER',null,null);
Insert into IAMUSER.RESOURCE_TYPE (RESOURCE_TYPE_ID,DESCRIPTION,METADATA_TYPE_ID,PROVISION_RESOURCE,PROCESS_NAME) values ('AUTH_REPO','Authentication Repository','AUTH_REPO',null,null);
Insert into IAMUSER.RESOURCE_TYPE (RESOURCE_TYPE_ID,DESCRIPTION,METADATA_TYPE_ID,PROVISION_RESOURCE,PROCESS_NAME) values ('CONTENT_PROVIDER','Content Provider','CONTENT_PROVIDER',null,null);
Insert into IAMUSER.RESOURCE_TYPE (RESOURCE_TYPE_ID,DESCRIPTION,METADATA_TYPE_ID,PROVISION_RESOURCE,PROCESS_NAME) values ('MANAGED_SYS','Managed Systems','MANAGED_SYSTEM',1,null);
Insert into IAMUSER.RESOURCE_TYPE (RESOURCE_TYPE_ID,DESCRIPTION,METADATA_TYPE_ID,PROVISION_RESOURCE,PROCESS_NAME) values ('MENU_ITEM','Menus','MENU_ITEM',null,null);
Insert into IAMUSER.RESOURCE_TYPE (RESOURCE_TYPE_ID,DESCRIPTION,METADATA_TYPE_ID,PROVISION_RESOURCE,PROCESS_NAME) values ('SYS_ACTION','System Action','SYS_ACTION',0,null);
Insert into IAMUSER.RESOURCE_TYPE (RESOURCE_TYPE_ID,DESCRIPTION,METADATA_TYPE_ID,PROVISION_RESOURCE,PROCESS_NAME) values ('UI_TEMPLATE','UI Template','UI_TEMPLATE',null,null);
Insert into IAMUSER.RESOURCE_TYPE (RESOURCE_TYPE_ID,DESCRIPTION,METADATA_TYPE_ID,PROVISION_RESOURCE,PROCESS_NAME) values ('UI_WIDGET','UI Widget','UI_WIDGET',null,null);
Insert into IAMUSER.RESOURCE_TYPE (RESOURCE_TYPE_ID,DESCRIPTION,METADATA_TYPE_ID,PROVISION_RESOURCE,PROCESS_NAME) values ('URL_PATTERN','Url Pattern','URL_PATTERN',null,null);

Insert into IAMUSER.PROVISION_CONNECTOR (CONNECTOR_ID,NAME,METADATA_TYPE_ID,STD_COMPLIANCE_LEVEL,CLIENT_COMM_PROTOCOL,SERVICE_URL,SERVICE_NAMESPACE,SERVICE_PORT,SERVICE_WSDL,CLASS_NAME,HOST,PORT,CONNECTOR_INTERFACE) values ('51','LDAP CONNECTOR','LDAP_Connector',null,null,'localhost:8080/openiam-idm-esb/idmsrvc/LDAPConnectorService','http://www.openiam.org/service/connector','LDAPConnectorServicePort',null,null,null,null,null);
Insert into IAMUSER.PROVISION_CONNECTOR (CONNECTOR_ID,NAME,METADATA_TYPE_ID,STD_COMPLIANCE_LEVEL,CLIENT_COMM_PROTOCOL,SERVICE_URL,SERVICE_NAMESPACE,SERVICE_PORT,SERVICE_WSDL,CLASS_NAME,HOST,PORT,CONNECTOR_INTERFACE) values ('54','Google Apps CONNECTOR','GOOGLE_Connector',null,null,'localhost:8080/openiam-idm-esb/idmsrvc/GoogleAppsConnectorService','http://www.openiam.org/service/connector','GoogleAppsConnectorServicePort',null,null,null,null,null);
Insert into IAMUSER.PROVISION_CONNECTOR (CONNECTOR_ID,NAME,METADATA_TYPE_ID,STD_COMPLIANCE_LEVEL,CLIENT_COMM_PROTOCOL,SERVICE_URL,SERVICE_NAMESPACE,SERVICE_PORT,SERVICE_WSDL,CLASS_NAME,HOST,PORT,CONNECTOR_INTERFACE) values ('61','Application Tables CONNECTOR','DB_Connector',null,null,'localhost:8080/openiam-idm-esb/idmsrvc/ApplicationTablesConnector','http://www.openiam.org/service/connector','NA',null,null,null,null,null);
Insert into IAMUSER.PROVISION_CONNECTOR (CONNECTOR_ID,NAME,METADATA_TYPE_ID,STD_COMPLIANCE_LEVEL,CLIENT_COMM_PROTOCOL,SERVICE_URL,SERVICE_NAMESPACE,SERVICE_PORT,SERVICE_WSDL,CLASS_NAME,HOST,PORT,CONNECTOR_INTERFACE) values ('62','Groovy Script CONNECTOR','SCRIPT_Connector',null,null,'localhost:8080/openiam-idm-esb/idmsrvc/ScriptConnectorService','http://www.openiam.org/service/connector','NA',null,null,null,null,null);
Insert into IAMUSER.PROVISION_CONNECTOR (CONNECTOR_ID,NAME,METADATA_TYPE_ID,STD_COMPLIANCE_LEVEL,CLIENT_COMM_PROTOCOL,SERVICE_URL,SERVICE_NAMESPACE,SERVICE_PORT,SERVICE_WSDL,CLASS_NAME,HOST,PORT,CONNECTOR_INTERFACE) values ('63','Linux CONNECTOR','LINUX_Connector',null,null,'localhost:8080/openiam-idm-esb/idmsrvc/LinuxConnectorService','http://www.openiam.org/service/connector','NA',null,null,null,null,null);
Insert into IAMUSER.PROVISION_CONNECTOR (CONNECTOR_ID,NAME,METADATA_TYPE_ID,STD_COMPLIANCE_LEVEL,CLIENT_COMM_PROTOCOL,SERVICE_URL,SERVICE_NAMESPACE,SERVICE_PORT,SERVICE_WSDL,CLASS_NAME,HOST,PORT,CONNECTOR_INTERFACE) values ('64','MySQL CONNECTOR','MySQL Connector',null,null,'localhost:8080/openiam-idm-esb/idmsrvc/MySQLConnector','http://www.openiam.org/service/connector','NA',null,null,null,null,null);
Insert into IAMUSER.PROVISION_CONNECTOR (CONNECTOR_ID,NAME,METADATA_TYPE_ID,STD_COMPLIANCE_LEVEL,CLIENT_COMM_PROTOCOL,SERVICE_URL,SERVICE_NAMESPACE,SERVICE_PORT,SERVICE_WSDL,CLASS_NAME,HOST,PORT,CONNECTOR_INTERFACE) values ('65','Oracle CONNECTOR','DB_Connector',null,null,'localhost:8080/openiam-idm-esb/idmsrvc/OracleConnector','http://www.openiam.org/service/connector','NA',null,null,null,null,null);


Insert into IAMUSER.RES (RESOURCE_ID,RESOURCE_TYPE_ID,DESCRIPTION,NAME,BRANCH_ID,CATEGORY_ID,DISPLAY_ORDER,MANAGED_SYS_ID,URL,RES_OWNER_GROUP_ID,RES_OWNER_USER_ID,MIN_AUTH_LEVEL,DOMAIN,IS_PUBLIC,IS_SSL) values ('0','MANAGED_SYS',null,'OPENIAM',null,null,1,null,null,null,null,null,null,'Y','N');
Insert into IAMUSER.RES (RESOURCE_ID,RESOURCE_TYPE_ID,DESCRIPTION,NAME,BRANCH_ID,CATEGORY_ID,DISPLAY_ORDER,MANAGED_SYS_ID,URL,RES_OWNER_GROUP_ID,RES_OWNER_USER_ID,MIN_AUTH_LEVEL,DOMAIN,IS_PUBLIC,IS_SSL) values ('101','MANAGED_SYS',null,'LDAP',null,null,2,'101',null,null,null,null,null,'Y','N');
Insert into IAMUSER.RES (RESOURCE_ID,RESOURCE_TYPE_ID,DESCRIPTION,NAME,BRANCH_ID,CATEGORY_ID,DISPLAY_ORDER,MANAGED_SYS_ID,URL,RES_OWNER_GROUP_ID,RES_OWNER_USER_ID,MIN_AUTH_LEVEL,DOMAIN,IS_PUBLIC,IS_SSL) values ('103','MANAGED_SYS',null,'Google App Con',null,null,3,'103',null,null,null,null,null,'Y','N');
Insert into IAMUSER.RES (RESOURCE_ID,RESOURCE_TYPE_ID,DESCRIPTION,NAME,BRANCH_ID,CATEGORY_ID,DISPLAY_ORDER,MANAGED_SYS_ID,URL,RES_OWNER_GROUP_ID,RES_OWNER_USER_ID,MIN_AUTH_LEVEL,DOMAIN,IS_PUBLIC,IS_SSL) values ('104','MANAGED_SYS',null,'Groovy Script Con',null,null,4,'104',null,null,null,null,null,'Y','N');
Insert into IAMUSER.RES (RESOURCE_ID,RESOURCE_TYPE_ID,DESCRIPTION,NAME,BRANCH_ID,CATEGORY_ID,DISPLAY_ORDER,MANAGED_SYS_ID,URL,RES_OWNER_GROUP_ID,RES_OWNER_USER_ID,MIN_AUTH_LEVEL,DOMAIN,IS_PUBLIC,IS_SSL) values ('105','MANAGED_SYS',null,'Linux Con',null,null,5,'105',null,null,null,null,null,'Y','N');
Insert into IAMUSER.RES (RESOURCE_ID,RESOURCE_TYPE_ID,DESCRIPTION,NAME,BRANCH_ID,CATEGORY_ID,DISPLAY_ORDER,MANAGED_SYS_ID,URL,RES_OWNER_GROUP_ID,RES_OWNER_USER_ID,MIN_AUTH_LEVEL,DOMAIN,IS_PUBLIC,IS_SSL) values ('106','MANAGED_SYS',null,'MySQL Con',null,null,6,'106',null,null,null,null,null,'Y','N');
Insert into IAMUSER.RES (RESOURCE_ID,RESOURCE_TYPE_ID,DESCRIPTION,NAME,BRANCH_ID,CATEGORY_ID,DISPLAY_ORDER,MANAGED_SYS_ID,URL,RES_OWNER_GROUP_ID,RES_OWNER_USER_ID,MIN_AUTH_LEVEL,DOMAIN,IS_PUBLIC,IS_SSL) values ('110','MANAGED_SYS',null,'ACTIVE DIRECTORY',null,null,3,'110',null,null,null,null,null,'Y','N');
Insert into IAMUSER.RES (RESOURCE_ID,RESOURCE_TYPE_ID,DESCRIPTION,NAME,BRANCH_ID,CATEGORY_ID,DISPLAY_ORDER,MANAGED_SYS_ID,URL,RES_OWNER_GROUP_ID,RES_OWNER_USER_ID,MIN_AUTH_LEVEL,DOMAIN,IS_PUBLIC,IS_SSL) values ('111','MANAGED_SYS',null,'Oracle Connector',null,null,4,'111',null,null,null,null,null,'Y','N');
Insert into IAMUSER.RES (RESOURCE_ID,RESOURCE_TYPE_ID,DESCRIPTION,NAME,BRANCH_ID,CATEGORY_ID,DISPLAY_ORDER,MANAGED_SYS_ID,URL,RES_OWNER_GROUP_ID,RES_OWNER_USER_ID,MIN_AUTH_LEVEL,DOMAIN,IS_PUBLIC,IS_SSL) values ('254','SYS_ACTION','NEW USER','SELFSERVICE_NEWUSER',null,null,6,null,null,null,null,null,null,'Y','N');
Insert into IAMUSER.RES (RESOURCE_ID,RESOURCE_TYPE_ID,DESCRIPTION,NAME,BRANCH_ID,CATEGORY_ID,DISPLAY_ORDER,MANAGED_SYS_ID,URL,RES_OWNER_GROUP_ID,RES_OWNER_USER_ID,MIN_AUTH_LEVEL,DOMAIN,IS_PUBLIC,IS_SSL) values ('255','SYS_ACTION','SELF REGISTRATION','SELFSERVICE_SELFREGISTER',null,null,6,null,null,null,null,null,null,'Y','N');
Insert into IAMUSER.RES (RESOURCE_ID,RESOURCE_TYPE_ID,DESCRIPTION,NAME,BRANCH_ID,CATEGORY_ID,DISPLAY_ORDER,MANAGED_SYS_ID,URL,RES_OWNER_GROUP_ID,RES_OWNER_USER_ID,MIN_AUTH_LEVEL,DOMAIN,IS_PUBLIC,IS_SSL) values ('ACCESSCENTER','MENU_ITEM','Access Management Center','ACCESSCENTER',null,null,1,null,null,null,null,null,null,'N','N');
Insert into IAMUSER.RES (RESOURCE_ID,RESOURCE_TYPE_ID,DESCRIPTION,NAME,BRANCH_ID,CATEGORY_ID,DISPLAY_ORDER,MANAGED_SYS_ID,URL,RES_OWNER_GROUP_ID,RES_OWNER_USER_ID,MIN_AUTH_LEVEL,DOMAIN,IS_PUBLIC,IS_SSL) values ('ACC_CONTROL','MENU_ITEM','Access Control','ACC_CONTROL',null,null,2,null,'javascript:void(0);',null,null,null,null,'N','N');
Insert into IAMUSER.RES (RESOURCE_ID,RESOURCE_TYPE_ID,DESCRIPTION,NAME,BRANCH_ID,CATEGORY_ID,DISPLAY_ORDER,MANAGED_SYS_ID,URL,RES_OWNER_GROUP_ID,RES_OWNER_USER_ID,MIN_AUTH_LEVEL,DOMAIN,IS_PUBLIC,IS_SSL) values ('ADMIN','MENU_ITEM','Administration','ADMIN',null,null,6,null,'javascript:void(0);',null,null,null,null,'N','N');
Insert into IAMUSER.RES (RESOURCE_ID,RESOURCE_TYPE_ID,DESCRIPTION,NAME,BRANCH_ID,CATEGORY_ID,DISPLAY_ORDER,MANAGED_SYS_ID,URL,RES_OWNER_GROUP_ID,RES_OWNER_USER_ID,MIN_AUTH_LEVEL,DOMAIN,IS_PUBLIC,IS_SSL) values ('AM_PROV_AM_ATTR','MENU_ITEM','Create Authentication Provider','AM_PROV_AM_ATTR',null,null,1,null,'/webconsole-am/authProviderAMAttributes.html',null,null,null,null,'Y','N');
Insert into IAMUSER.RES (RESOURCE_ID,RESOURCE_TYPE_ID,DESCRIPTION,NAME,BRANCH_ID,CATEGORY_ID,DISPLAY_ORDER,MANAGED_SYS_ID,URL,RES_OWNER_GROUP_ID,RES_OWNER_USER_ID,MIN_AUTH_LEVEL,DOMAIN,IS_PUBLIC,IS_SSL) values ('AM_PROV_EDIT','MENU_ITEM','Authentication Provider Edit Menu','AM_PROV_EDIT',null,null,1,null,null,null,null,null,null,'Y','N');
Insert into IAMUSER.RES (RESOURCE_ID,RESOURCE_TYPE_ID,DESCRIPTION,NAME,BRANCH_ID,CATEGORY_ID,DISPLAY_ORDER,MANAGED_SYS_ID,URL,RES_OWNER_GROUP_ID,RES_OWNER_USER_ID,MIN_AUTH_LEVEL,DOMAIN,IS_PUBLIC,IS_SSL) values ('AM_PROV_EDIT_CURRENT','MENU_ITEM','Back to Search','AM_PROV_EDIT_CURRENT',null,null,1,null,'/webconsole-am/editAuthProvider.html',null,null,null,null,'Y','N');
Insert into IAMUSER.RES (RESOURCE_ID,RESOURCE_TYPE_ID,DESCRIPTION,NAME,BRANCH_ID,CATEGORY_ID,DISPLAY_ORDER,MANAGED_SYS_ID,URL,RES_OWNER_GROUP_ID,RES_OWNER_USER_ID,MIN_AUTH_LEVEL,DOMAIN,IS_PUBLIC,IS_SSL) values ('AM_PROV_EDIT_SEARCH','MENU_ITEM','Back to Search','AM_PROV_EDIT_SEARCH',null,null,1,null,'/webconsole-am/authenticationProviders.html',null,null,null,null,'Y','N');
Insert into IAMUSER.RES (RESOURCE_ID,RESOURCE_TYPE_ID,DESCRIPTION,NAME,BRANCH_ID,CATEGORY_ID,DISPLAY_ORDER,MANAGED_SYS_ID,URL,RES_OWNER_GROUP_ID,RES_OWNER_USER_ID,MIN_AUTH_LEVEL,DOMAIN,IS_PUBLIC,IS_SSL) values ('AM_PROV_NEW','MENU_ITEM','Create Authentication Provider','AM_PROV_NEW',null,null,1,null,'/webconsole-am/newAuthProvider.html',null,null,null,null,'Y','N');
Insert into IAMUSER.RES (RESOURCE_ID,RESOURCE_TYPE_ID,DESCRIPTION,NAME,BRANCH_ID,CATEGORY_ID,DISPLAY_ORDER,MANAGED_SYS_ID,URL,RES_OWNER_GROUP_ID,RES_OWNER_USER_ID,MIN_AUTH_LEVEL,DOMAIN,IS_PUBLIC,IS_SSL) values ('AM_PROV_NEW_EDIT','MENU_ITEM','Create Authentication Provider','AM_PROV_NEW_EDIT',null,null,1,null,'/webconsole-am/newAuthProvider.html',null,null,null,null,'Y','N');
Insert into IAMUSER.RES (RESOURCE_ID,RESOURCE_TYPE_ID,DESCRIPTION,NAME,BRANCH_ID,CATEGORY_ID,DISPLAY_ORDER,MANAGED_SYS_ID,URL,RES_OWNER_GROUP_ID,RES_OWNER_USER_ID,MIN_AUTH_LEVEL,DOMAIN,IS_PUBLIC,IS_SSL) values ('AM_PROV_ROOT','MENU_ITEM','Authentication Provider Root Menu','AM_PROV_ROOT',null,null,1,null,null,null,null,null,null,'Y','N');
Insert into IAMUSER.RES (RESOURCE_ID,RESOURCE_TYPE_ID,DESCRIPTION,NAME,BRANCH_ID,CATEGORY_ID,DISPLAY_ORDER,MANAGED_SYS_ID,URL,RES_OWNER_GROUP_ID,RES_OWNER_USER_ID,MIN_AUTH_LEVEL,DOMAIN,IS_PUBLIC,IS_SSL) values ('AM_PROV_SEARCH','MENU_ITEM','Search Authentication Providers','AM_PROV_SEARCH',null,null,1,null,'/webconsole-am/authenticationProviders.html',null,null,null,null,'Y','N');
Insert into IAMUSER.RES (RESOURCE_ID,RESOURCE_TYPE_ID,DESCRIPTION,NAME,BRANCH_ID,CATEGORY_ID,DISPLAY_ORDER,MANAGED_SYS_ID,URL,RES_OWNER_GROUP_ID,RES_OWNER_USER_ID,MIN_AUTH_LEVEL,DOMAIN,IS_PUBLIC,IS_SSL) values ('AM_PROV_SEARCH_CHILD','MENU_ITEM','Authentication Provider Search','AM_PROV_SEARCH_CHILD',null,null,1,null,'/webconsole-am/authenticationProviders.html',null,null,null,null,'Y','N');
Insert into IAMUSER.RES (RESOURCE_ID,RESOURCE_TYPE_ID,DESCRIPTION,NAME,BRANCH_ID,CATEGORY_ID,DISPLAY_ORDER,MANAGED_SYS_ID,URL,RES_OWNER_GROUP_ID,RES_OWNER_USER_ID,MIN_AUTH_LEVEL,DOMAIN,IS_PUBLIC,IS_SSL) values ('AUDITREPORT','MENU_ITEM','Audit Information Reports','AUDITREPORT',null,null,2,null,'',null,null,null,null,'N','N');
Insert into IAMUSER.RES (RESOURCE_ID,RESOURCE_TYPE_ID,DESCRIPTION,NAME,BRANCH_ID,CATEGORY_ID,DISPLAY_ORDER,MANAGED_SYS_ID,URL,RES_OWNER_GROUP_ID,RES_OWNER_USER_ID,MIN_AUTH_LEVEL,DOMAIN,IS_PUBLIC,IS_SSL) values ('AUDIT_RPT','MENU_ITEM','Audit Report','AUDIT_RPT',null,null,1,null,'auditReport.cnt',null,null,null,null,'N','N');
Insert into IAMUSER.RES (RESOURCE_ID,RESOURCE_TYPE_ID,DESCRIPTION,NAME,BRANCH_ID,CATEGORY_ID,DISPLAY_ORDER,MANAGED_SYS_ID,URL,RES_OWNER_GROUP_ID,RES_OWNER_USER_ID,MIN_AUTH_LEVEL,DOMAIN,IS_PUBLIC,IS_SSL) values ('BACK_TO_CP','MENU_ITEM','Back To Content Provider','BACK_TO_CP',null,null,1,null,'/webconsole-am/editContentProvider.html',null,null,null,null,'Y','N');
Insert into IAMUSER.RES (RESOURCE_ID,RESOURCE_TYPE_ID,DESCRIPTION,NAME,BRANCH_ID,CATEGORY_ID,DISPLAY_ORDER,MANAGED_SYS_ID,URL,RES_OWNER_GROUP_ID,RES_OWNER_USER_ID,MIN_AUTH_LEVEL,DOMAIN,IS_PUBLIC,IS_SSL) values ('BATCH_PROC','MENU_ITEM','Batch Processes','BATCH_PROC',null,null,4,null,'batchList.cnt',null,null,null,null,'N','N');
Insert into IAMUSER.RES (RESOURCE_ID,RESOURCE_TYPE_ID,DESCRIPTION,NAME,BRANCH_ID,CATEGORY_ID,DISPLAY_ORDER,MANAGED_SYS_ID,URL,RES_OWNER_GROUP_ID,RES_OWNER_USER_ID,MIN_AUTH_LEVEL,DOMAIN,IS_PUBLIC,IS_SSL) values ('CHALLENGE','MENU_ITEM','Challenge Quest','CHALLENGE',null,null,3,null,'challengeQuestList.cnt',null,null,null,null,'N','N');
Insert into IAMUSER.RES (RESOURCE_ID,RESOURCE_TYPE_ID,DESCRIPTION,NAME,BRANCH_ID,CATEGORY_ID,DISPLAY_ORDER,MANAGED_SYS_ID,URL,RES_OWNER_GROUP_ID,RES_OWNER_USER_ID,MIN_AUTH_LEVEL,DOMAIN,IS_PUBLIC,IS_SSL) values ('CHNGPSWD','MENU_ITEM','Change Password','CHNGPSWD',null,null,3,null,'/selfservice/changePasswordInternal.html',null,null,null,null,'Y','N');
Insert into IAMUSER.RES (RESOURCE_ID,RESOURCE_TYPE_ID,DESCRIPTION,NAME,BRANCH_ID,CATEGORY_ID,DISPLAY_ORDER,MANAGED_SYS_ID,URL,RES_OWNER_GROUP_ID,RES_OWNER_USER_ID,MIN_AUTH_LEVEL,DOMAIN,IS_PUBLIC,IS_SSL) values ('CONTENT_PROV_EDIT','MENU_ITEM','Content Provider Edit Menu','CONTENT_PROV_EDIT',null,null,1,null,null,null,null,null,null,'Y','N');
Insert into IAMUSER.RES (RESOURCE_ID,RESOURCE_TYPE_ID,DESCRIPTION,NAME,BRANCH_ID,CATEGORY_ID,DISPLAY_ORDER,MANAGED_SYS_ID,URL,RES_OWNER_GROUP_ID,RES_OWNER_USER_ID,MIN_AUTH_LEVEL,DOMAIN,IS_PUBLIC,IS_SSL) values ('CONTENT_PROV_EDIT_CURRENT','MENU_ITEM','Edit Current Provider','CONTENT_PROV_EDIT_CURRENT',null,null,1,null,'/webconsole-am/editContentProvider.html',null,null,null,null,'Y','N');
Insert into IAMUSER.RES (RESOURCE_ID,RESOURCE_TYPE_ID,DESCRIPTION,NAME,BRANCH_ID,CATEGORY_ID,DISPLAY_ORDER,MANAGED_SYS_ID,URL,RES_OWNER_GROUP_ID,RES_OWNER_USER_ID,MIN_AUTH_LEVEL,DOMAIN,IS_PUBLIC,IS_SSL) values ('CONTENT_PROV_EDIT_SEARCH','MENU_ITEM','Back to Search','CONTENT_PROV_EDIT_SEARCH',null,null,1,null,'/webconsole-am/contentProviders.html',null,null,null,null,'Y','N');
Insert into IAMUSER.RES (RESOURCE_ID,RESOURCE_TYPE_ID,DESCRIPTION,NAME,BRANCH_ID,CATEGORY_ID,DISPLAY_ORDER,MANAGED_SYS_ID,URL,RES_OWNER_GROUP_ID,RES_OWNER_USER_ID,MIN_AUTH_LEVEL,DOMAIN,IS_PUBLIC,IS_SSL) values ('CONTENT_PROV_NEW','MENU_ITEM','Create Content Provider','CONTENT_PROV_NEW',null,null,1,null,'/webconsole-am/newContentProvider.html',null,null,null,null,'Y','N');
Insert into IAMUSER.RES (RESOURCE_ID,RESOURCE_TYPE_ID,DESCRIPTION,NAME,BRANCH_ID,CATEGORY_ID,DISPLAY_ORDER,MANAGED_SYS_ID,URL,RES_OWNER_GROUP_ID,RES_OWNER_USER_ID,MIN_AUTH_LEVEL,DOMAIN,IS_PUBLIC,IS_SSL) values ('CONTENT_PROV_NEW_EDIT','MENU_ITEM','Create Content Provider','CONTENT_PROV_NEW_EDIT',null,null,1,null,'/webconsole-am/newContentProvider.html',null,null,null,null,'Y','N');
Insert into IAMUSER.RES (RESOURCE_ID,RESOURCE_TYPE_ID,DESCRIPTION,NAME,BRANCH_ID,CATEGORY_ID,DISPLAY_ORDER,MANAGED_SYS_ID,URL,RES_OWNER_GROUP_ID,RES_OWNER_USER_ID,MIN_AUTH_LEVEL,DOMAIN,IS_PUBLIC,IS_SSL) values ('CONTENT_PROV_ROOT','MENU_ITEM','Content Provider Root Menu','CONTENT_PROV_ROOT',null,null,1,null,null,null,null,null,null,'Y','N');
Insert into IAMUSER.RES (RESOURCE_ID,RESOURCE_TYPE_ID,DESCRIPTION,NAME,BRANCH_ID,CATEGORY_ID,DISPLAY_ORDER,MANAGED_SYS_ID,URL,RES_OWNER_GROUP_ID,RES_OWNER_USER_ID,MIN_AUTH_LEVEL,DOMAIN,IS_PUBLIC,IS_SSL) values ('CONTENT_PROV_SEARCH','MENU_ITEM','Search Content Providers','CONTENT_PROV_SEARCH',null,null,1,null,'/webconsole-am/contentProviders.html',null,null,null,null,'Y','N');
Insert into IAMUSER.RES (RESOURCE_ID,RESOURCE_TYPE_ID,DESCRIPTION,NAME,BRANCH_ID,CATEGORY_ID,DISPLAY_ORDER,MANAGED_SYS_ID,URL,RES_OWNER_GROUP_ID,RES_OWNER_USER_ID,MIN_AUTH_LEVEL,DOMAIN,IS_PUBLIC,IS_SSL) values ('CONTENT_PROV_SEARCH_CHILD','MENU_ITEM','Content Provider Search','CONTENT_PROV_SEARCH_CHILD',null,null,1,null,'/webconsole-am/contentProviders.html',null,null,null,null,'Y','N');
Insert into IAMUSER.RES (RESOURCE_ID,RESOURCE_TYPE_ID,DESCRIPTION,NAME,BRANCH_ID,CATEGORY_ID,DISPLAY_ORDER,MANAGED_SYS_ID,URL,RES_OWNER_GROUP_ID,RES_OWNER_USER_ID,MIN_AUTH_LEVEL,DOMAIN,IS_PUBLIC,IS_SSL) values ('CREATEREQ','MENU_ITEM','Change Access','CREATEREQ',null,null,4,null,'createRequest.selfserve',null,null,null,null,'N','N');
Insert into IAMUSER.RES (RESOURCE_ID,RESOURCE_TYPE_ID,DESCRIPTION,NAME,BRANCH_ID,CATEGORY_ID,DISPLAY_ORDER,MANAGED_SYS_ID,URL,RES_OWNER_GROUP_ID,RES_OWNER_USER_ID,MIN_AUTH_LEVEL,DOMAIN,IS_PUBLIC,IS_SSL) values ('CREATE_RESOURCE_MENU','MENU_ITEM','Resource for Menu Creation','CREATE_RESOURCE_MENU',null,null,1,null,'/webconsole/editResource.html',null,null,null,null,'Y','N');
Insert into IAMUSER.RES (RESOURCE_ID,RESOURCE_TYPE_ID,DESCRIPTION,NAME,BRANCH_ID,CATEGORY_ID,DISPLAY_ORDER,MANAGED_SYS_ID,URL,RES_OWNER_GROUP_ID,RES_OWNER_USER_ID,MIN_AUTH_LEVEL,DOMAIN,IS_PUBLIC,IS_SSL) values ('CUSTOM_FIELD_EDIT','MENU_ITEM','Custom Field Edit Menu','CUSTOM_FIELD_EDIT',null,null,1,null,null,null,null,null,null,'Y','N');
Insert into IAMUSER.RES (RESOURCE_ID,RESOURCE_TYPE_ID,DESCRIPTION,NAME,BRANCH_ID,CATEGORY_ID,DISPLAY_ORDER,MANAGED_SYS_ID,URL,RES_OWNER_GROUP_ID,RES_OWNER_USER_ID,MIN_AUTH_LEVEL,DOMAIN,IS_PUBLIC,IS_SSL) values ('CUSTOM_FIELD_EDIT_NEW','MENU_ITEM','Create New Custom Field','CUSTOM_FIELD_EDIT_NEW',null,null,1,null,'/webconsole/newCustomField.html',null,null,null,null,'Y','N');
Insert into IAMUSER.RES (RESOURCE_ID,RESOURCE_TYPE_ID,DESCRIPTION,NAME,BRANCH_ID,CATEGORY_ID,DISPLAY_ORDER,MANAGED_SYS_ID,URL,RES_OWNER_GROUP_ID,RES_OWNER_USER_ID,MIN_AUTH_LEVEL,DOMAIN,IS_PUBLIC,IS_SSL) values ('CUSTOM_FIELD_EDIT_SEARCH','MENU_ITEM','Back to Search','CUSTOM_FIELD_EDIT_SEARCH',null,null,1,null,'/webconsole/customFields.html',null,null,null,null,'Y','N');
Insert into IAMUSER.RES (RESOURCE_ID,RESOURCE_TYPE_ID,DESCRIPTION,NAME,BRANCH_ID,CATEGORY_ID,DISPLAY_ORDER,MANAGED_SYS_ID,URL,RES_OWNER_GROUP_ID,RES_OWNER_USER_ID,MIN_AUTH_LEVEL,DOMAIN,IS_PUBLIC,IS_SSL) values ('CUSTOM_FIELD_NEW','MENU_ITEM','Create New Custom Field','CUSTOM_FIELD_NEW',null,null,1,null,'/webconsole/newCustomField.html',null,null,null,null,'Y','N');
Insert into IAMUSER.RES (RESOURCE_ID,RESOURCE_TYPE_ID,DESCRIPTION,NAME,BRANCH_ID,CATEGORY_ID,DISPLAY_ORDER,MANAGED_SYS_ID,URL,RES_OWNER_GROUP_ID,RES_OWNER_USER_ID,MIN_AUTH_LEVEL,DOMAIN,IS_PUBLIC,IS_SSL) values ('CUSTOM_FIELD_ROOT','MENU_ITEM','Custom Field Root Menu','CUSTOM_FIELD_ROOT',null,null,1,null,null,null,null,null,null,'Y','N');
Insert into IAMUSER.RES (RESOURCE_ID,RESOURCE_TYPE_ID,DESCRIPTION,NAME,BRANCH_ID,CATEGORY_ID,DISPLAY_ORDER,MANAGED_SYS_ID,URL,RES_OWNER_GROUP_ID,RES_OWNER_USER_ID,MIN_AUTH_LEVEL,DOMAIN,IS_PUBLIC,IS_SSL) values ('CUSTOM_FIELD_SEARCH','MENU_ITEM','Search Custom Fields','CUSTOM_FIELD_SEARCH',null,null,1,null,'/webconsole/customFields.html',null,null,null,null,'Y','N');
Insert into IAMUSER.RES (RESOURCE_ID,RESOURCE_TYPE_ID,DESCRIPTION,NAME,BRANCH_ID,CATEGORY_ID,DISPLAY_ORDER,MANAGED_SYS_ID,URL,RES_OWNER_GROUP_ID,RES_OWNER_USER_ID,MIN_AUTH_LEVEL,DOMAIN,IS_PUBLIC,IS_SSL) values ('CUSTOM_FIELD_SEARCH_CHILD','MENU_ITEM','Custom Field Search','CUSTOM_FIELD_SEARCH_CHILD',null,null,1,null,'/webconsole/customFields.html',null,null,null,null,'Y','N');
Insert into IAMUSER.RES (RESOURCE_ID,RESOURCE_TYPE_ID,DESCRIPTION,NAME,BRANCH_ID,CATEGORY_ID,DISPLAY_ORDER,MANAGED_SYS_ID,URL,RES_OWNER_GROUP_ID,RES_OWNER_USER_ID,MIN_AUTH_LEVEL,DOMAIN,IS_PUBLIC,IS_SSL) values ('DELG_FILTER','MENU_ITEM','Delegation Filter','DELG_FILTER',null,null,8,null,'userDelegationFilter.cnt',null,null,null,null,'N','N');
Insert into IAMUSER.RES (RESOURCE_ID,RESOURCE_TYPE_ID,DESCRIPTION,NAME,BRANCH_ID,CATEGORY_ID,DISPLAY_ORDER,MANAGED_SYS_ID,URL,RES_OWNER_GROUP_ID,RES_OWNER_USER_ID,MIN_AUTH_LEVEL,DOMAIN,IS_PUBLIC,IS_SSL) values ('DIRECTORY','MENU_ITEM','Directory Lookup','DIRECTORY',null,null,1,null,'pub/directory.do?method=view',null,null,null,null,'N','N');
Insert into IAMUSER.RES (RESOURCE_ID,RESOURCE_TYPE_ID,DESCRIPTION,NAME,BRANCH_ID,CATEGORY_ID,DISPLAY_ORDER,MANAGED_SYS_ID,URL,RES_OWNER_GROUP_ID,RES_OWNER_USER_ID,MIN_AUTH_LEVEL,DOMAIN,IS_PUBLIC,IS_SSL) values ('EDIT_GROUP','MENU_ITEM','Edit Group','EDIT_GROUP',null,null,1,null,'/webconsole/editGroup.html',null,null,null,null,'Y','N');
Insert into IAMUSER.RES (RESOURCE_ID,RESOURCE_TYPE_ID,DESCRIPTION,NAME,BRANCH_ID,CATEGORY_ID,DISPLAY_ORDER,MANAGED_SYS_ID,URL,RES_OWNER_GROUP_ID,RES_OWNER_USER_ID,MIN_AUTH_LEVEL,DOMAIN,IS_PUBLIC,IS_SSL) values ('EDIT_ORG','MENU_ITEM','Edit Organization','EDIT_ORG',null,null,1,null,'/webconsole/editOrganization.html',null,null,null,null,'Y','N');
Insert into IAMUSER.RES (RESOURCE_ID,RESOURCE_TYPE_ID,DESCRIPTION,NAME,BRANCH_ID,CATEGORY_ID,DISPLAY_ORDER,MANAGED_SYS_ID,URL,RES_OWNER_GROUP_ID,RES_OWNER_USER_ID,MIN_AUTH_LEVEL,DOMAIN,IS_PUBLIC,IS_SSL) values ('EDIT_RESOURCE','MENU_ITEM','Edit Resource','EDIT_RESOURCE',null,null,1,null,'/webconsole/editResource.html',null,null,null,null,'Y','N');
Insert into IAMUSER.RES (RESOURCE_ID,RESOURCE_TYPE_ID,DESCRIPTION,NAME,BRANCH_ID,CATEGORY_ID,DISPLAY_ORDER,MANAGED_SYS_ID,URL,RES_OWNER_GROUP_ID,RES_OWNER_USER_ID,MIN_AUTH_LEVEL,DOMAIN,IS_PUBLIC,IS_SSL) values ('EDIT_ROLE','MENU_ITEM','Role Menus','EDIT_ROLE',null,null,1,null,'/webconsole/editRole.html',null,null,null,null,'Y','N');
Insert into IAMUSER.RES (RESOURCE_ID,RESOURCE_TYPE_ID,DESCRIPTION,NAME,BRANCH_ID,CATEGORY_ID,DISPLAY_ORDER,MANAGED_SYS_ID,URL,RES_OWNER_GROUP_ID,RES_OWNER_USER_ID,MIN_AUTH_LEVEL,DOMAIN,IS_PUBLIC,IS_SSL) values ('GROUP_ATTRIBUTES','MENU_ITEM','Group Attributes','GROUP_ATTRIBUTES',null,null,1,null,'/webconsole/groupAttributes.html',null,null,null,null,'Y','N');
Insert into IAMUSER.RES (RESOURCE_ID,RESOURCE_TYPE_ID,DESCRIPTION,NAME,BRANCH_ID,CATEGORY_ID,DISPLAY_ORDER,MANAGED_SYS_ID,URL,RES_OWNER_GROUP_ID,RES_OWNER_USER_ID,MIN_AUTH_LEVEL,DOMAIN,IS_PUBLIC,IS_SSL) values ('GROUP_EDIT_MENU','MENU_ITEM','Group Edit Menus','GROUP_EDIT_MENU',null,null,1,null,null,null,null,null,null,'Y','N');
Insert into IAMUSER.RES (RESOURCE_ID,RESOURCE_TYPE_ID,DESCRIPTION,NAME,BRANCH_ID,CATEGORY_ID,DISPLAY_ORDER,MANAGED_SYS_ID,URL,RES_OWNER_GROUP_ID,RES_OWNER_USER_ID,MIN_AUTH_LEVEL,DOMAIN,IS_PUBLIC,IS_SSL) values ('GROUP_ENTITLEMENTS','MENU_ITEM','Group Entitlements','GROUP_ENTITLEMENTS',null,null,1,null,'/webconsole/groupEntitlements.html',null,null,null,null,'Y','N');
Insert into IAMUSER.RES (RESOURCE_ID,RESOURCE_TYPE_ID,DESCRIPTION,NAME,BRANCH_ID,CATEGORY_ID,DISPLAY_ORDER,MANAGED_SYS_ID,URL,RES_OWNER_GROUP_ID,RES_OWNER_USER_ID,MIN_AUTH_LEVEL,DOMAIN,IS_PUBLIC,IS_SSL) values ('GROUP_MENUS','MENU_ITEM','Group Menus','GROUP_MENUS',null,null,1,null,'/webconsole/groupMenuTree.html',null,null,null,null,'Y','N');
Insert into IAMUSER.RES (RESOURCE_ID,RESOURCE_TYPE_ID,DESCRIPTION,NAME,BRANCH_ID,CATEGORY_ID,DISPLAY_ORDER,MANAGED_SYS_ID,URL,RES_OWNER_GROUP_ID,RES_OWNER_USER_ID,MIN_AUTH_LEVEL,DOMAIN,IS_PUBLIC,IS_SSL) values ('GROUP_ROOT_MENU','MENU_ITEM','Group Menus','GROUP_ROOT_MENU',null,null,1,null,'/webconsole/groups.html',null,null,null,null,'Y','N');
Insert into IAMUSER.RES (RESOURCE_ID,RESOURCE_TYPE_ID,DESCRIPTION,NAME,BRANCH_ID,CATEGORY_ID,DISPLAY_ORDER,MANAGED_SYS_ID,URL,RES_OWNER_GROUP_ID,RES_OWNER_USER_ID,MIN_AUTH_LEVEL,DOMAIN,IS_PUBLIC,IS_SSL) values ('GROUP_SEARCH','MENU_ITEM','Group Search','GROUP_SEARCH',null,null,1,null,'/webconsole/groups.html',null,null,null,null,'Y','N');
Insert into IAMUSER.RES (RESOURCE_ID,RESOURCE_TYPE_ID,DESCRIPTION,NAME,BRANCH_ID,CATEGORY_ID,DISPLAY_ORDER,MANAGED_SYS_ID,URL,RES_OWNER_GROUP_ID,RES_OWNER_USER_ID,MIN_AUTH_LEVEL,DOMAIN,IS_PUBLIC,IS_SSL) values ('IDM','MENU_ITEM','IDENTITY MANAGER','IDM',null,null,1,null,'javascript:void(0);',null,null,null,null,'Y','N');
Insert into IAMUSER.RES (RESOURCE_ID,RESOURCE_TYPE_ID,DESCRIPTION,NAME,BRANCH_ID,CATEGORY_ID,DISPLAY_ORDER,MANAGED_SYS_ID,URL,RES_OWNER_GROUP_ID,RES_OWNER_USER_ID,MIN_AUTH_LEVEL,DOMAIN,IS_PUBLIC,IS_SSL) values ('IDMAN','MENU_ITEM','User Admin','IDMAN',null,null,1,null,'/webconsole/users.html',null,null,null,null,'N','N');
Insert into IAMUSER.RES (RESOURCE_ID,RESOURCE_TYPE_ID,DESCRIPTION,NAME,BRANCH_ID,CATEGORY_ID,DISPLAY_ORDER,MANAGED_SYS_ID,URL,RES_OWNER_GROUP_ID,RES_OWNER_USER_ID,MIN_AUTH_LEVEL,DOMAIN,IS_PUBLIC,IS_SSL) values ('IDQUEST','MENU_ITEM','Challenge Response','IDQUEST',null,null,4,null,'/selfservice/challengeResponse.html',null,null,null,null,'Y','N');
Insert into IAMUSER.RES (RESOURCE_ID,RESOURCE_TYPE_ID,DESCRIPTION,NAME,BRANCH_ID,CATEGORY_ID,DISPLAY_ORDER,MANAGED_SYS_ID,URL,RES_OWNER_GROUP_ID,RES_OWNER_USER_ID,MIN_AUTH_LEVEL,DOMAIN,IS_PUBLIC,IS_SSL) values ('LOCATION','MENU_ITEM','Location','LOCATION',null,null,2,null,'locationList.cnt',null,null,null,null,'N','N');
Insert into IAMUSER.RES (RESOURCE_ID,RESOURCE_TYPE_ID,DESCRIPTION,NAME,BRANCH_ID,CATEGORY_ID,DISPLAY_ORDER,MANAGED_SYS_ID,URL,RES_OWNER_GROUP_ID,RES_OWNER_USER_ID,MIN_AUTH_LEVEL,DOMAIN,IS_PUBLIC,IS_SSL) values ('MANAGEREQ','MENU_ITEM','Request History','MANAGEREQ',null,null,5,null,'requestList.selfserve',null,null,null,null,'N','N');
Insert into IAMUSER.RES (RESOURCE_ID,RESOURCE_TYPE_ID,DESCRIPTION,NAME,BRANCH_ID,CATEGORY_ID,DISPLAY_ORDER,MANAGED_SYS_ID,URL,RES_OWNER_GROUP_ID,RES_OWNER_USER_ID,MIN_AUTH_LEVEL,DOMAIN,IS_PUBLIC,IS_SSL) values ('METADATA','MENU_ITEM','Metadata','METADATA',null,null,5,null,'metadataTypeList.cnt',null,null,null,null,'N','N');
Insert into IAMUSER.RES (RESOURCE_ID,RESOURCE_TYPE_ID,DESCRIPTION,NAME,BRANCH_ID,CATEGORY_ID,DISPLAY_ORDER,MANAGED_SYS_ID,URL,RES_OWNER_GROUP_ID,RES_OWNER_USER_ID,MIN_AUTH_LEVEL,DOMAIN,IS_PUBLIC,IS_SSL) values ('MNGSYS','MENU_ITEM','Managed Connections','MNGSYS',null,null,4,null,'/webconsole-idm/provisioning/mngsystemlist.html',null,null,null,null,'N','N');
Insert into IAMUSER.RES (RESOURCE_ID,RESOURCE_TYPE_ID,DESCRIPTION,NAME,BRANCH_ID,CATEGORY_ID,DISPLAY_ORDER,MANAGED_SYS_ID,URL,RES_OWNER_GROUP_ID,RES_OWNER_USER_ID,MIN_AUTH_LEVEL,DOMAIN,IS_PUBLIC,IS_SSL) values ('MNGSYS_MENU_ITEM','MENU_ITEM','Managed Systems','MNGSYS_MENU_ITEM',null,null,1,null,'/webconsole-idm/provisioning/mngsystemlist.html',null,null,null,null,'Y','N');
Insert into IAMUSER.RES (RESOURCE_ID,RESOURCE_TYPE_ID,DESCRIPTION,NAME,BRANCH_ID,CATEGORY_ID,DISPLAY_ORDER,MANAGED_SYS_ID,URL,RES_OWNER_GROUP_ID,RES_OWNER_USER_ID,MIN_AUTH_LEVEL,DOMAIN,IS_PUBLIC,IS_SSL) values ('MNGSYS_NEW','MENU_ITEM','Create Managed System','MNGSYS_NEW',null,null,1,null,'/webconsole-idm/provisioning/mngsystem.html',null,null,null,null,'Y','N');
Insert into IAMUSER.RES (RESOURCE_ID,RESOURCE_TYPE_ID,DESCRIPTION,NAME,BRANCH_ID,CATEGORY_ID,DISPLAY_ORDER,MANAGED_SYS_ID,URL,RES_OWNER_GROUP_ID,RES_OWNER_USER_ID,MIN_AUTH_LEVEL,DOMAIN,IS_PUBLIC,IS_SSL) values ('NEWUSER','MENU_ITEM','New User','NEWUSER',null,null,6,null,'newHire.selfserve',null,null,null,null,'N','N');
Insert into IAMUSER.RES (RESOURCE_ID,RESOURCE_TYPE_ID,DESCRIPTION,NAME,BRANCH_ID,CATEGORY_ID,DISPLAY_ORDER,MANAGED_SYS_ID,URL,RES_OWNER_GROUP_ID,RES_OWNER_USER_ID,MIN_AUTH_LEVEL,DOMAIN,IS_PUBLIC,IS_SSL) values ('NEWUSER-NOAPPRV','MENU_ITEM','New User-No Approver','NEWUSER-NOAPPRV',null,null,7,null,'/selfservice/newUser.html',null,null,null,null,'N','N');
Insert into IAMUSER.RES (RESOURCE_ID,RESOURCE_TYPE_ID,DESCRIPTION,NAME,BRANCH_ID,CATEGORY_ID,DISPLAY_ORDER,MANAGED_SYS_ID,URL,RES_OWNER_GROUP_ID,RES_OWNER_USER_ID,MIN_AUTH_LEVEL,DOMAIN,IS_PUBLIC,IS_SSL) values ('NEW_GROUP','MENU_ITEM','Create New Group','NEW_GROUP',null,null,1,null,'/webconsole/editGroup.html',null,null,null,null,'Y','N');
Insert into IAMUSER.RES (RESOURCE_ID,RESOURCE_TYPE_ID,DESCRIPTION,NAME,BRANCH_ID,CATEGORY_ID,DISPLAY_ORDER,MANAGED_SYS_ID,URL,RES_OWNER_GROUP_ID,RES_OWNER_USER_ID,MIN_AUTH_LEVEL,DOMAIN,IS_PUBLIC,IS_SSL) values ('NEW_ORG','MENU_ITEM','New Organization','NEW_ORG',null,null,1,null,'/webconsole/editOrganization.html',null,null,null,null,'Y','N');
Insert into IAMUSER.RES (RESOURCE_ID,RESOURCE_TYPE_ID,DESCRIPTION,NAME,BRANCH_ID,CATEGORY_ID,DISPLAY_ORDER,MANAGED_SYS_ID,URL,RES_OWNER_GROUP_ID,RES_OWNER_USER_ID,MIN_AUTH_LEVEL,DOMAIN,IS_PUBLIC,IS_SSL) values ('NEW_ROLE','MENU_ITEM','New Role','NEW_ROLE',null,null,1,null,'/webconsole/editRole.html',null,null,null,null,'Y','N');
Insert into IAMUSER.RES (RESOURCE_ID,RESOURCE_TYPE_ID,DESCRIPTION,NAME,BRANCH_ID,CATEGORY_ID,DISPLAY_ORDER,MANAGED_SYS_ID,URL,RES_OWNER_GROUP_ID,RES_OWNER_USER_ID,MIN_AUTH_LEVEL,DOMAIN,IS_PUBLIC,IS_SSL) values ('NEW_USER','MENU_ITEM','Create New User','NEW_USER',null,null,1,null,'/webconsole/editUser.html',null,null,null,null,'Y','N');
Insert into IAMUSER.RES (RESOURCE_ID,RESOURCE_TYPE_ID,DESCRIPTION,NAME,BRANCH_ID,CATEGORY_ID,DISPLAY_ORDER,MANAGED_SYS_ID,URL,RES_OWNER_GROUP_ID,RES_OWNER_USER_ID,MIN_AUTH_LEVEL,DOMAIN,IS_PUBLIC,IS_SSL) values ('ORG','MENU_ITEM','Organization','ORG',null,null,2,null,'/webconsole/organizations.html',null,null,null,null,'N','N');
Insert into IAMUSER.RES (RESOURCE_ID,RESOURCE_TYPE_ID,DESCRIPTION,NAME,BRANCH_ID,CATEGORY_ID,DISPLAY_ORDER,MANAGED_SYS_ID,URL,RES_OWNER_GROUP_ID,RES_OWNER_USER_ID,MIN_AUTH_LEVEL,DOMAIN,IS_PUBLIC,IS_SSL) values ('ORGANIZATION_EDIT_ID','MENU_ITEM','Organization Edit Menus','ORGANIZATION_EDIT_ID',null,null,1,null,null,null,null,null,null,'Y','N');
Insert into IAMUSER.RES (RESOURCE_ID,RESOURCE_TYPE_ID,DESCRIPTION,NAME,BRANCH_ID,CATEGORY_ID,DISPLAY_ORDER,MANAGED_SYS_ID,URL,RES_OWNER_GROUP_ID,RES_OWNER_USER_ID,MIN_AUTH_LEVEL,DOMAIN,IS_PUBLIC,IS_SSL) values ('ORGANIZATION_ROOT_ID','MENU_ITEM','Organization Root Menus','ORGANIZATION_ROOT_ID',null,null,1,null,'/webconsole/organizations.html',null,null,null,null,'Y','N');
Insert into IAMUSER.RES (RESOURCE_ID,RESOURCE_TYPE_ID,DESCRIPTION,NAME,BRANCH_ID,CATEGORY_ID,DISPLAY_ORDER,MANAGED_SYS_ID,URL,RES_OWNER_GROUP_ID,RES_OWNER_USER_ID,MIN_AUTH_LEVEL,DOMAIN,IS_PUBLIC,IS_SSL) values ('ORG_ATTRIBUTES','MENU_ITEM','Organization Attributes','ORG_ATTRIBUTES',null,null,1,null,'/webconsole/organizationAttributes.html',null,null,null,null,'Y','N');
Insert into IAMUSER.RES (RESOURCE_ID,RESOURCE_TYPE_ID,DESCRIPTION,NAME,BRANCH_ID,CATEGORY_ID,DISPLAY_ORDER,MANAGED_SYS_ID,URL,RES_OWNER_GROUP_ID,RES_OWNER_USER_ID,MIN_AUTH_LEVEL,DOMAIN,IS_PUBLIC,IS_SSL) values ('ORG_MEMBERSHIP','MENU_ITEM','Organization Membership','ORG_MEMBERSHIP',null,null,1,null,'/webconsole/organizationMembership.html',null,null,null,null,'Y','N');
Insert into IAMUSER.RES (RESOURCE_ID,RESOURCE_TYPE_ID,DESCRIPTION,NAME,BRANCH_ID,CATEGORY_ID,DISPLAY_ORDER,MANAGED_SYS_ID,URL,RES_OWNER_GROUP_ID,RES_OWNER_USER_ID,MIN_AUTH_LEVEL,DOMAIN,IS_PUBLIC,IS_SSL) values ('ORG_SEARCH','MENU_ITEM','Organization Search','ORG_SEARCH',null,null,1,null,'/webconsole/organizations.html',null,null,null,null,'Y','N');
Insert into IAMUSER.RES (RESOURCE_ID,RESOURCE_TYPE_ID,DESCRIPTION,NAME,BRANCH_ID,CATEGORY_ID,DISPLAY_ORDER,MANAGED_SYS_ID,URL,RES_OWNER_GROUP_ID,RES_OWNER_USER_ID,MIN_AUTH_LEVEL,DOMAIN,IS_PUBLIC,IS_SSL) values ('PAGE_TEMPLATE_EDIT','MENU_ITEM','Page Template Edit Menu','PAGE_TEMPLATE_EDIT',null,null,1,null,null,null,null,null,null,'Y','N');
Insert into IAMUSER.RES (RESOURCE_ID,RESOURCE_TYPE_ID,DESCRIPTION,NAME,BRANCH_ID,CATEGORY_ID,DISPLAY_ORDER,MANAGED_SYS_ID,URL,RES_OWNER_GROUP_ID,RES_OWNER_USER_ID,MIN_AUTH_LEVEL,DOMAIN,IS_PUBLIC,IS_SSL) values ('PAGE_TEMPLATE_EDIT_NEW','MENU_ITEM','Create New Template','PAGE_TEMPLATE_EDIT_NEW',null,null,1,null,'/webconsole/newPageTemplate.html',null,null,null,null,'Y','N');
Insert into IAMUSER.RES (RESOURCE_ID,RESOURCE_TYPE_ID,DESCRIPTION,NAME,BRANCH_ID,CATEGORY_ID,DISPLAY_ORDER,MANAGED_SYS_ID,URL,RES_OWNER_GROUP_ID,RES_OWNER_USER_ID,MIN_AUTH_LEVEL,DOMAIN,IS_PUBLIC,IS_SSL) values ('PAGE_TEMPLATE_EDIT_SEARCH','MENU_ITEM','Back to Search','PAGE_TEMPLATE_EDIT_SEARCH',null,null,1,null,'/webconsole/pageTemplates.html',null,null,null,null,'Y','N');
Insert into IAMUSER.RES (RESOURCE_ID,RESOURCE_TYPE_ID,DESCRIPTION,NAME,BRANCH_ID,CATEGORY_ID,DISPLAY_ORDER,MANAGED_SYS_ID,URL,RES_OWNER_GROUP_ID,RES_OWNER_USER_ID,MIN_AUTH_LEVEL,DOMAIN,IS_PUBLIC,IS_SSL) values ('PAGE_TEMPLATE_NEW','MENU_ITEM','Create Content Provider','PAGE_TEMPLATE_NEW',null,null,1,null,'/webconsole/newPageTemplate.html',null,null,null,null,'Y','N');
Insert into IAMUSER.RES (RESOURCE_ID,RESOURCE_TYPE_ID,DESCRIPTION,NAME,BRANCH_ID,CATEGORY_ID,DISPLAY_ORDER,MANAGED_SYS_ID,URL,RES_OWNER_GROUP_ID,RES_OWNER_USER_ID,MIN_AUTH_LEVEL,DOMAIN,IS_PUBLIC,IS_SSL) values ('PAGE_TEMPLATE_ROOT','MENU_ITEM','Page Template Root Menu','PAGE_TEMPLATE_ROOT',null,null,1,null,null,null,null,null,null,'Y','N');
Insert into IAMUSER.RES (RESOURCE_ID,RESOURCE_TYPE_ID,DESCRIPTION,NAME,BRANCH_ID,CATEGORY_ID,DISPLAY_ORDER,MANAGED_SYS_ID,URL,RES_OWNER_GROUP_ID,RES_OWNER_USER_ID,MIN_AUTH_LEVEL,DOMAIN,IS_PUBLIC,IS_SSL) values ('PAGE_TEMPLATE_SEARCH','MENU_ITEM','Search Page Templates','PAGE_TEMPLATE_SEARCH',null,null,1,null,'/webconsole/pageTemplates.html',null,null,null,null,'Y','N');
Insert into IAMUSER.RES (RESOURCE_ID,RESOURCE_TYPE_ID,DESCRIPTION,NAME,BRANCH_ID,CATEGORY_ID,DISPLAY_ORDER,MANAGED_SYS_ID,URL,RES_OWNER_GROUP_ID,RES_OWNER_USER_ID,MIN_AUTH_LEVEL,DOMAIN,IS_PUBLIC,IS_SSL) values ('PROFILE','MENU_ITEM','Edit Your Profile','PROFILE',null,null,6,null,'/selfservice/editProfile.html',null,null,null,null,'Y','N');
Insert into IAMUSER.RES (RESOURCE_ID,RESOURCE_TYPE_ID,DESCRIPTION,NAME,BRANCH_ID,CATEGORY_ID,DISPLAY_ORDER,MANAGED_SYS_ID,URL,RES_OWNER_GROUP_ID,RES_OWNER_USER_ID,MIN_AUTH_LEVEL,DOMAIN,IS_PUBLIC,IS_SSL) values ('PROVCONNECT','MENU_ITEM','Provisioning Connectors','PROVCONNECT',null,null,3,null,'/webconsole-idm/provisioning/connectorlist.html',null,null,null,null,'N','N');
Insert into IAMUSER.RES (RESOURCE_ID,RESOURCE_TYPE_ID,DESCRIPTION,NAME,BRANCH_ID,CATEGORY_ID,DISPLAY_ORDER,MANAGED_SYS_ID,URL,RES_OWNER_GROUP_ID,RES_OWNER_USER_ID,MIN_AUTH_LEVEL,DOMAIN,IS_PUBLIC,IS_SSL) values ('PROVCONNECT_MENU_ITEM','MENU_ITEM','Provisioning Connectors','PROVCONNECT_MENU_ITEM',null,null,1,null,'/webconsole-idm/provisioning/connectorlist.html',null,null,null,null,'Y','N');
Insert into IAMUSER.RES (RESOURCE_ID,RESOURCE_TYPE_ID,DESCRIPTION,NAME,BRANCH_ID,CATEGORY_ID,DISPLAY_ORDER,MANAGED_SYS_ID,URL,RES_OWNER_GROUP_ID,RES_OWNER_USER_ID,MIN_AUTH_LEVEL,DOMAIN,IS_PUBLIC,IS_SSL) values ('PROVISIONING','MENU_ITEM','Provisioning','PROVISIONING',null,null,3,null,'prov/provIndex.do',null,null,null,null,'N','N');
Insert into IAMUSER.RES (RESOURCE_ID,RESOURCE_TYPE_ID,DESCRIPTION,NAME,BRANCH_ID,CATEGORY_ID,DISPLAY_ORDER,MANAGED_SYS_ID,URL,RES_OWNER_GROUP_ID,RES_OWNER_USER_ID,MIN_AUTH_LEVEL,DOMAIN,IS_PUBLIC,IS_SSL) values ('PROV_CONNECTOR_NEW','MENU_ITEM','Create Provisioning Connector','PROV_CONNECTOR_NEW',null,null,1,null,'/webconsole-idm/provisioning/connector.html',null,null,null,null,'Y','N');
Insert into IAMUSER.RES (RESOURCE_ID,RESOURCE_TYPE_ID,DESCRIPTION,NAME,BRANCH_ID,CATEGORY_ID,DISPLAY_ORDER,MANAGED_SYS_ID,URL,RES_OWNER_GROUP_ID,RES_OWNER_USER_ID,MIN_AUTH_LEVEL,DOMAIN,IS_PUBLIC,IS_SSL) values ('REPORT','MENU_ITEM','Report','REPORT',null,null,5,null,'security/reportIndex.do',null,null,null,null,'N','N');
Insert into IAMUSER.RES (RESOURCE_ID,RESOURCE_TYPE_ID,DESCRIPTION,NAME,BRANCH_ID,CATEGORY_ID,DISPLAY_ORDER,MANAGED_SYS_ID,URL,RES_OWNER_GROUP_ID,RES_OWNER_USER_ID,MIN_AUTH_LEVEL,DOMAIN,IS_PUBLIC,IS_SSL) values ('REQINBOX','MENU_ITEM','In-Box','REQINBOX',null,null,3,null,'myPendingRequest.selfserve',null,null,null,null,'N','N');
Insert into IAMUSER.RES (RESOURCE_ID,RESOURCE_TYPE_ID,DESCRIPTION,NAME,BRANCH_ID,CATEGORY_ID,DISPLAY_ORDER,MANAGED_SYS_ID,URL,RES_OWNER_GROUP_ID,RES_OWNER_USER_ID,MIN_AUTH_LEVEL,DOMAIN,IS_PUBLIC,IS_SSL) values ('RESAPPROVER','MENU_ITEM','Approval Flow','RESAPPROVER',null,null,3,null,'resApprovalFlow.cnt',null,null,null,null,'N','N');
Insert into IAMUSER.RES (RESOURCE_ID,RESOURCE_TYPE_ID,DESCRIPTION,NAME,BRANCH_ID,CATEGORY_ID,DISPLAY_ORDER,MANAGED_SYS_ID,URL,RES_OWNER_GROUP_ID,RES_OWNER_USER_ID,MIN_AUTH_LEVEL,DOMAIN,IS_PUBLIC,IS_SSL) values ('RESENTITLEMENT','MENU_ITEM','Entitlement','RESENTITLEMENT',null,null,5,null,'resourceEntitlement.cnt',null,null,null,null,'N','N');
Insert into IAMUSER.RES (RESOURCE_ID,RESOURCE_TYPE_ID,DESCRIPTION,NAME,BRANCH_ID,CATEGORY_ID,DISPLAY_ORDER,MANAGED_SYS_ID,URL,RES_OWNER_GROUP_ID,RES_OWNER_USER_ID,MIN_AUTH_LEVEL,DOMAIN,IS_PUBLIC,IS_SSL) values ('RESOURCE_EDIT_PAGE_ROOT','MENU_ITEM',null,'RESOURCE_EDIT_PAGE_ROOT',null,null,1,null,null,null,null,null,null,'Y','N');
Insert into IAMUSER.RES (RESOURCE_ID,RESOURCE_TYPE_ID,DESCRIPTION,NAME,BRANCH_ID,CATEGORY_ID,DISPLAY_ORDER,MANAGED_SYS_ID,URL,RES_OWNER_GROUP_ID,RES_OWNER_USER_ID,MIN_AUTH_LEVEL,DOMAIN,IS_PUBLIC,IS_SSL) values ('RESOURCE_MENU_ROOT','MENU_ITEM','Root for Resource Context Menu','RESOURCE_MENU_ROOT',null,null,1,null,null,null,null,null,null,'Y','N');
Insert into IAMUSER.RES (RESOURCE_ID,RESOURCE_TYPE_ID,DESCRIPTION,NAME,BRANCH_ID,CATEGORY_ID,DISPLAY_ORDER,MANAGED_SYS_ID,URL,RES_OWNER_GROUP_ID,RES_OWNER_USER_ID,MIN_AUTH_LEVEL,DOMAIN,IS_PUBLIC,IS_SSL) values ('RESPOLICYMAP','MENU_ITEM','Policy Map','RESPOLICYMAP',null,null,2,null,'/webconsole/policyMap.html',null,null,null,null,'N','N');
Insert into IAMUSER.RES (RESOURCE_ID,RESOURCE_TYPE_ID,DESCRIPTION,NAME,BRANCH_ID,CATEGORY_ID,DISPLAY_ORDER,MANAGED_SYS_ID,URL,RES_OWNER_GROUP_ID,RES_OWNER_USER_ID,MIN_AUTH_LEVEL,DOMAIN,IS_PUBLIC,IS_SSL) values ('RESRECONCILE','MENU_ITEM','Reconciliation','RESRECONCILE',null,null,4,null,'/webconsole/reconConfig.html',null,null,null,null,'N','N');
Insert into IAMUSER.RES (RESOURCE_ID,RESOURCE_TYPE_ID,DESCRIPTION,NAME,BRANCH_ID,CATEGORY_ID,DISPLAY_ORDER,MANAGED_SYS_ID,URL,RES_OWNER_GROUP_ID,RES_OWNER_USER_ID,MIN_AUTH_LEVEL,DOMAIN,IS_PUBLIC,IS_SSL) values ('RESSUMMARY','MENU_ITEM','Resource Details','RESSUMMARY',null,null,1,null,'/webconsole/resources.html',null,null,null,null,'N','N');
Insert into IAMUSER.RES (RESOURCE_ID,RESOURCE_TYPE_ID,DESCRIPTION,NAME,BRANCH_ID,CATEGORY_ID,DISPLAY_ORDER,MANAGED_SYS_ID,URL,RES_OWNER_GROUP_ID,RES_OWNER_USER_ID,MIN_AUTH_LEVEL,DOMAIN,IS_PUBLIC,IS_SSL) values ('RES_ATTR_PAGE','MENU_ITEM','Resource Attributes','RES_ATTR_PAGE',null,null,1,null,'/webconsole/resourceAttributes.html',null,null,null,null,'Y','N');
Insert into IAMUSER.RES (RESOURCE_ID,RESOURCE_TYPE_ID,DESCRIPTION,NAME,BRANCH_ID,CATEGORY_ID,DISPLAY_ORDER,MANAGED_SYS_ID,URL,RES_OWNER_GROUP_ID,RES_OWNER_USER_ID,MIN_AUTH_LEVEL,DOMAIN,IS_PUBLIC,IS_SSL) values ('RES_ENT_SUB','MENU_ITEM','Resouce Entitlements','RES_ENT_SUB',null,null,1,null,'/webconsole/resourceEntitlements.html',null,null,null,null,'Y','N');
Insert into IAMUSER.RES (RESOURCE_ID,RESOURCE_TYPE_ID,DESCRIPTION,NAME,BRANCH_ID,CATEGORY_ID,DISPLAY_ORDER,MANAGED_SYS_ID,URL,RES_OWNER_GROUP_ID,RES_OWNER_USER_ID,MIN_AUTH_LEVEL,DOMAIN,IS_PUBLIC,IS_SSL) values ('ROLE_ATTRIBUTES','MENU_ITEM','Role Attributes','ROLE_ATTRIBUTES',null,null,1,null,'/webconsole/roleAttributes.html',null,null,null,null,'Y','N');
Insert into IAMUSER.RES (RESOURCE_ID,RESOURCE_TYPE_ID,DESCRIPTION,NAME,BRANCH_ID,CATEGORY_ID,DISPLAY_ORDER,MANAGED_SYS_ID,URL,RES_OWNER_GROUP_ID,RES_OWNER_USER_ID,MIN_AUTH_LEVEL,DOMAIN,IS_PUBLIC,IS_SSL) values ('ROLE_EDIT_MENU','MENU_ITEM','Role Edit Menus','ROLE_EDIT_MENU',null,null,1,null,null,null,null,null,null,'Y','N');
Insert into IAMUSER.RES (RESOURCE_ID,RESOURCE_TYPE_ID,DESCRIPTION,NAME,BRANCH_ID,CATEGORY_ID,DISPLAY_ORDER,MANAGED_SYS_ID,URL,RES_OWNER_GROUP_ID,RES_OWNER_USER_ID,MIN_AUTH_LEVEL,DOMAIN,IS_PUBLIC,IS_SSL) values ('ROLE_ENTITLEMENTS','MENU_ITEM','Role Entitlements','ROLE_ENTITLEMENTS',null,null,1,null,'/webconsole/roleEntitlements.html',null,null,null,null,'Y','N');
Insert into IAMUSER.RES (RESOURCE_ID,RESOURCE_TYPE_ID,DESCRIPTION,NAME,BRANCH_ID,CATEGORY_ID,DISPLAY_ORDER,MANAGED_SYS_ID,URL,RES_OWNER_GROUP_ID,RES_OWNER_USER_ID,MIN_AUTH_LEVEL,DOMAIN,IS_PUBLIC,IS_SSL) values ('ROLE_MENUS','MENU_ITEM','Role Menus','ROLE_MENUS',null,null,1,null,'/webconsole/roleMenuTree.html',null,null,null,null,'Y','N');
Insert into IAMUSER.RES (RESOURCE_ID,RESOURCE_TYPE_ID,DESCRIPTION,NAME,BRANCH_ID,CATEGORY_ID,DISPLAY_ORDER,MANAGED_SYS_ID,URL,RES_OWNER_GROUP_ID,RES_OWNER_USER_ID,MIN_AUTH_LEVEL,DOMAIN,IS_PUBLIC,IS_SSL) values ('ROLE_RESMAP','MENU_ITEM','Resource Map','ROLE_RESMAP',null,null,2,null,'roleResource.cnt',null,null,null,null,'N','N');
Insert into IAMUSER.RES (RESOURCE_ID,RESOURCE_TYPE_ID,DESCRIPTION,NAME,BRANCH_ID,CATEGORY_ID,DISPLAY_ORDER,MANAGED_SYS_ID,URL,RES_OWNER_GROUP_ID,RES_OWNER_USER_ID,MIN_AUTH_LEVEL,DOMAIN,IS_PUBLIC,IS_SSL) values ('ROLE_ROOT_MENU','MENU_ITEM','Role Root Menus','ROLE_ROOT_MENU',null,null,1,null,'/webconsole/roles.html',null,null,null,null,'Y','N');
Insert into IAMUSER.RES (RESOURCE_ID,RESOURCE_TYPE_ID,DESCRIPTION,NAME,BRANCH_ID,CATEGORY_ID,DISPLAY_ORDER,MANAGED_SYS_ID,URL,RES_OWNER_GROUP_ID,RES_OWNER_USER_ID,MIN_AUTH_LEVEL,DOMAIN,IS_PUBLIC,IS_SSL) values ('ROLE_SEARCH','MENU_ITEM','Role Search','ROLE_SEARCH',null,null,1,null,'/webconsole/roles.html',null,null,null,null,'Y','N');
Insert into IAMUSER.RES (RESOURCE_ID,RESOURCE_TYPE_ID,DESCRIPTION,NAME,BRANCH_ID,CATEGORY_ID,DISPLAY_ORDER,MANAGED_SYS_ID,URL,RES_OWNER_GROUP_ID,RES_OWNER_USER_ID,MIN_AUTH_LEVEL,DOMAIN,IS_PUBLIC,IS_SSL) values ('ROLE_SUMMARY','MENU_ITEM','Role Details','ROLE_SUMMARY',null,null,1,null,'roleDetail.cnt',null,null,null,null,'N','N');
Insert into IAMUSER.RES (RESOURCE_ID,RESOURCE_TYPE_ID,DESCRIPTION,NAME,BRANCH_ID,CATEGORY_ID,DISPLAY_ORDER,MANAGED_SYS_ID,URL,RES_OWNER_GROUP_ID,RES_OWNER_USER_ID,MIN_AUTH_LEVEL,DOMAIN,IS_PUBLIC,IS_SSL) values ('SECDOMAIN','MENU_ITEM','Security Domain','SECDOMAIN',null,null,1,null,'secDomainList.cnt',null,null,null,null,'N','N');
Insert into IAMUSER.RES (RESOURCE_ID,RESOURCE_TYPE_ID,DESCRIPTION,NAME,BRANCH_ID,CATEGORY_ID,DISPLAY_ORDER,MANAGED_SYS_ID,URL,RES_OWNER_GROUP_ID,RES_OWNER_USER_ID,MIN_AUTH_LEVEL,DOMAIN,IS_PUBLIC,IS_SSL) values ('SECURITY_GROUP','MENU_ITEM','Group','SECURITY_GROUP',null,null,1,null,'/webconsole/groups.html',null,null,null,null,'N','N');
Insert into IAMUSER.RES (RESOURCE_ID,RESOURCE_TYPE_ID,DESCRIPTION,NAME,BRANCH_ID,CATEGORY_ID,DISPLAY_ORDER,MANAGED_SYS_ID,URL,RES_OWNER_GROUP_ID,RES_OWNER_USER_ID,MIN_AUTH_LEVEL,DOMAIN,IS_PUBLIC,IS_SSL) values ('SECURITY_POLICY','MENU_ITEM','Policy','SECURITY_POLICY',null,null,4,null,'security/policy.do?method=init',null,null,null,null,'N','N');
Insert into IAMUSER.RES (RESOURCE_ID,RESOURCE_TYPE_ID,DESCRIPTION,NAME,BRANCH_ID,CATEGORY_ID,DISPLAY_ORDER,MANAGED_SYS_ID,URL,RES_OWNER_GROUP_ID,RES_OWNER_USER_ID,MIN_AUTH_LEVEL,DOMAIN,IS_PUBLIC,IS_SSL) values ('SECURITY_RES','MENU_ITEM','Resource','SECURITY_RES',null,null,3,null,'/webconsole/resources.html',null,null,null,null,'N','N');
Insert into IAMUSER.RES (RESOURCE_ID,RESOURCE_TYPE_ID,DESCRIPTION,NAME,BRANCH_ID,CATEGORY_ID,DISPLAY_ORDER,MANAGED_SYS_ID,URL,RES_OWNER_GROUP_ID,RES_OWNER_USER_ID,MIN_AUTH_LEVEL,DOMAIN,IS_PUBLIC,IS_SSL) values ('SECURITY_ROLE','MENU_ITEM','Role','SECURITY_ROLE',null,null,2,null,'/webconsole/roles.html',null,null,null,null,'N','N');
Insert into IAMUSER.RES (RESOURCE_ID,RESOURCE_TYPE_ID,DESCRIPTION,NAME,BRANCH_ID,CATEGORY_ID,DISPLAY_ORDER,MANAGED_SYS_ID,URL,RES_OWNER_GROUP_ID,RES_OWNER_USER_ID,MIN_AUTH_LEVEL,DOMAIN,IS_PUBLIC,IS_SSL) values ('SELFCENTER','MENU_ITEM','Self Service Center','SELFCENTER',null,null,2,null,null,null,null,null,null,'Y','N');
Insert into IAMUSER.RES (RESOURCE_ID,RESOURCE_TYPE_ID,DESCRIPTION,NAME,BRANCH_ID,CATEGORY_ID,DISPLAY_ORDER,MANAGED_SYS_ID,URL,RES_OWNER_GROUP_ID,RES_OWNER_USER_ID,MIN_AUTH_LEVEL,DOMAIN,IS_PUBLIC,IS_SSL) values ('SELFSERVICE','MENU_ITEM','SELF SERVICE','SELFSERVICE',null,null,0,null,'javascript:void(0);',null,null,null,null,'Y','N');
Insert into IAMUSER.RES (RESOURCE_ID,RESOURCE_TYPE_ID,DESCRIPTION,NAME,BRANCH_ID,CATEGORY_ID,DISPLAY_ORDER,MANAGED_SYS_ID,URL,RES_OWNER_GROUP_ID,RES_OWNER_USER_ID,MIN_AUTH_LEVEL,DOMAIN,IS_PUBLIC,IS_SSL) values ('SELFSERVICE_MYAPPS','MENU_ITEM','My Applications','SELFSERVICE_MYAPPS',null,null,1,null,'/selfservice/myApplications.html',null,null,null,null,'Y','N');
Insert into IAMUSER.RES (RESOURCE_ID,RESOURCE_TYPE_ID,DESCRIPTION,NAME,BRANCH_ID,CATEGORY_ID,DISPLAY_ORDER,MANAGED_SYS_ID,URL,RES_OWNER_GROUP_ID,RES_OWNER_USER_ID,MIN_AUTH_LEVEL,DOMAIN,IS_PUBLIC,IS_SSL) values ('SELFSERVICE_MYINFO','MENU_ITEM','My Info','SELFSERVICE_MYINFO',null,null,1,null,'/selfservice/myInfo.html',null,null,null,null,'Y','N');
Insert into IAMUSER.RES (RESOURCE_ID,RESOURCE_TYPE_ID,DESCRIPTION,NAME,BRANCH_ID,CATEGORY_ID,DISPLAY_ORDER,MANAGED_SYS_ID,URL,RES_OWNER_GROUP_ID,RES_OWNER_USER_ID,MIN_AUTH_LEVEL,DOMAIN,IS_PUBLIC,IS_SSL) values ('SELF_LOGIN_LIST','MENU_ITEM','My Identities','SELF_LOGIN_LIST',null,null,1,null,'/selfservice/myIdentities.html',null,null,null,null,'Y','N');
Insert into IAMUSER.RES (RESOURCE_ID,RESOURCE_TYPE_ID,DESCRIPTION,NAME,BRANCH_ID,CATEGORY_ID,DISPLAY_ORDER,MANAGED_SYS_ID,URL,RES_OWNER_GROUP_ID,RES_OWNER_USER_ID,MIN_AUTH_LEVEL,DOMAIN,IS_PUBLIC,IS_SSL) values ('SELF_LOGIN_NEW','MENU_ITEM','New Login','SELF_LOGIN_NEW',null,null,1,null,'/selfservice/identity.html',null,null,null,null,'Y','N');
Insert into IAMUSER.RES (RESOURCE_ID,RESOURCE_TYPE_ID,DESCRIPTION,NAME,BRANCH_ID,CATEGORY_ID,DISPLAY_ORDER,MANAGED_SYS_ID,URL,RES_OWNER_GROUP_ID,RES_OWNER_USER_ID,MIN_AUTH_LEVEL,DOMAIN,IS_PUBLIC,IS_SSL) values ('SELF_LOGIN_ROOT','MENU_ITEM','SelfService Login Root Context Menu','SELF_LOGIN_ROOT',null,null,1,null,null,null,null,null,null,'Y','N');
Insert into IAMUSER.RES (RESOURCE_ID,RESOURCE_TYPE_ID,DESCRIPTION,NAME,BRANCH_ID,CATEGORY_ID,DISPLAY_ORDER,MANAGED_SYS_ID,URL,RES_OWNER_GROUP_ID,RES_OWNER_USER_ID,MIN_AUTH_LEVEL,DOMAIN,IS_PUBLIC,IS_SSL) values ('SELF_QUERYUSER','MENU_ITEM','Manage User','SELF_QUERYUSER',null,null,1,null,'/webconsole/users.html',null,null,null,null,'N','N');
Insert into IAMUSER.RES (RESOURCE_ID,RESOURCE_TYPE_ID,DESCRIPTION,NAME,BRANCH_ID,CATEGORY_ID,DISPLAY_ORDER,MANAGED_SYS_ID,URL,RES_OWNER_GROUP_ID,RES_OWNER_USER_ID,MIN_AUTH_LEVEL,DOMAIN,IS_PUBLIC,IS_SSL) values ('SELF_USERIDENTITY','MENU_ITEM','User Identities','SELF_USERIDENTITY',null,null,2,null,'/selfservice/myIdentities.html',null,null,null,null,'Y','N');
Insert into IAMUSER.RES (RESOURCE_ID,RESOURCE_TYPE_ID,DESCRIPTION,NAME,BRANCH_ID,CATEGORY_ID,DISPLAY_ORDER,MANAGED_SYS_ID,URL,RES_OWNER_GROUP_ID,RES_OWNER_USER_ID,MIN_AUTH_LEVEL,DOMAIN,IS_PUBLIC,IS_SSL) values ('SYNCDETAIL','MENU_ITEM','Configuration','SYNCDETAIL',null,null,1,null,'syncConfiguration.cnt',null,null,null,null,'N','N');
Insert into IAMUSER.RES (RESOURCE_ID,RESOURCE_TYPE_ID,DESCRIPTION,NAME,BRANCH_ID,CATEGORY_ID,DISPLAY_ORDER,MANAGED_SYS_ID,URL,RES_OWNER_GROUP_ID,RES_OWNER_USER_ID,MIN_AUTH_LEVEL,DOMAIN,IS_PUBLIC,IS_SSL) values ('SYNCLOG','MENU_ITEM','LOG Viewer','SYNCLOG',null,null,4,null,'syncExecLog.cnt',null,null,null,null,'N','N');
Insert into IAMUSER.RES (RESOURCE_ID,RESOURCE_TYPE_ID,DESCRIPTION,NAME,BRANCH_ID,CATEGORY_ID,DISPLAY_ORDER,MANAGED_SYS_ID,URL,RES_OWNER_GROUP_ID,RES_OWNER_USER_ID,MIN_AUTH_LEVEL,DOMAIN,IS_PUBLIC,IS_SSL) values ('SYNCUSER','MENU_ITEM','Synchronization','SYNCUSER',null,null,3,null,'syncUser.cnt',null,null,null,null,'N','N');
Insert into IAMUSER.RES (RESOURCE_ID,RESOURCE_TYPE_ID,DESCRIPTION,NAME,BRANCH_ID,CATEGORY_ID,DISPLAY_ORDER,MANAGED_SYS_ID,URL,RES_OWNER_GROUP_ID,RES_OWNER_USER_ID,MIN_AUTH_LEVEL,DOMAIN,IS_PUBLIC,IS_SSL) values ('TEMPLATE_SEARCH_CHILD','MENU_ITEM','Page Template Search','TEMPLATE_SEARCH_CHILD',null,null,1,null,'/webconsole/pageTemplates.html',null,null,null,null,'Y','N');
Insert into IAMUSER.RES (RESOURCE_ID,RESOURCE_TYPE_ID,DESCRIPTION,NAME,BRANCH_ID,CATEGORY_ID,DISPLAY_ORDER,MANAGED_SYS_ID,URL,RES_OWNER_GROUP_ID,RES_OWNER_USER_ID,MIN_AUTH_LEVEL,DOMAIN,IS_PUBLIC,IS_SSL) values ('URI_META_BACK','MENU_ITEM','Back To Pattern','URI_META_BACK',null,null,1,null,'/webconsole-am/editProviderPattern.html',null,null,null,null,'Y','N');
Insert into IAMUSER.RES (RESOURCE_ID,RESOURCE_TYPE_ID,DESCRIPTION,NAME,BRANCH_ID,CATEGORY_ID,DISPLAY_ORDER,MANAGED_SYS_ID,URL,RES_OWNER_GROUP_ID,RES_OWNER_USER_ID,MIN_AUTH_LEVEL,DOMAIN,IS_PUBLIC,IS_SSL) values ('URI_META_EDIT','MENU_ITEM','URI Meta Root','URI_META_EDIT',null,null,1,null,null,null,null,null,null,'Y','N');
Insert into IAMUSER.RES (RESOURCE_ID,RESOURCE_TYPE_ID,DESCRIPTION,NAME,BRANCH_ID,CATEGORY_ID,DISPLAY_ORDER,MANAGED_SYS_ID,URL,RES_OWNER_GROUP_ID,RES_OWNER_USER_ID,MIN_AUTH_LEVEL,DOMAIN,IS_PUBLIC,IS_SSL) values ('URI_PATTERN_EDIT','MENU_ITEM','URI Pattern Edit Menu','URI_PATTERN_EDIT',null,null,1,null,null,null,null,null,null,'Y','N');
Insert into IAMUSER.RES (RESOURCE_ID,RESOURCE_TYPE_ID,DESCRIPTION,NAME,BRANCH_ID,CATEGORY_ID,DISPLAY_ORDER,MANAGED_SYS_ID,URL,RES_OWNER_GROUP_ID,RES_OWNER_USER_ID,MIN_AUTH_LEVEL,DOMAIN,IS_PUBLIC,IS_SSL) values ('URI_PATTERN_EDIT_NEW_PATTERN','MENU_ITEM','Create URI Pattern','URI_PATTERN_EDIT_NEW_PATTERN',null,null,1,null,'/webconsole-am/newProviderPattern.html',null,null,null,null,'Y','N');
Insert into IAMUSER.RES (RESOURCE_ID,RESOURCE_TYPE_ID,DESCRIPTION,NAME,BRANCH_ID,CATEGORY_ID,DISPLAY_ORDER,MANAGED_SYS_ID,URL,RES_OWNER_GROUP_ID,RES_OWNER_USER_ID,MIN_AUTH_LEVEL,DOMAIN,IS_PUBLIC,IS_SSL) values ('URI_PATTERN_EDIT_PATTERN','MENU_ITEM','Edit URI Pattern','URI_PATTERN_EDIT_PATTERN',null,null,1,null,'/webconsole-am/editProviderPattern.html',null,null,null,null,'Y','N');
Insert into IAMUSER.RES (RESOURCE_ID,RESOURCE_TYPE_ID,DESCRIPTION,NAME,BRANCH_ID,CATEGORY_ID,DISPLAY_ORDER,MANAGED_SYS_ID,URL,RES_OWNER_GROUP_ID,RES_OWNER_USER_ID,MIN_AUTH_LEVEL,DOMAIN,IS_PUBLIC,IS_SSL) values ('URI_PATTERN_EDT_PROV_SEARCH','MENU_ITEM','Context Provider Search','URI_PATTERN_EDT_PROV_SEARCH',null,null,1,null,'/webconsole-am/contentProviders.html',null,null,null,null,'Y','N');
Insert into IAMUSER.RES (RESOURCE_ID,RESOURCE_TYPE_ID,DESCRIPTION,NAME,BRANCH_ID,CATEGORY_ID,DISPLAY_ORDER,MANAGED_SYS_ID,URL,RES_OWNER_GROUP_ID,RES_OWNER_USER_ID,MIN_AUTH_LEVEL,DOMAIN,IS_PUBLIC,IS_SSL) values ('USER','MENU_ITEM','User','USER',null,null,1,null,'/webconsole/users.html',null,null,null,null,'N','N');
Insert into IAMUSER.RES (RESOURCE_ID,RESOURCE_TYPE_ID,DESCRIPTION,NAME,BRANCH_ID,CATEGORY_ID,DISPLAY_ORDER,MANAGED_SYS_ID,URL,RES_OWNER_GROUP_ID,RES_OWNER_USER_ID,MIN_AUTH_LEVEL,DOMAIN,IS_PUBLIC,IS_SSL) values ('USER_ATTRIBUTES','MENU_ITEM','Edit User Attributes','USER_ATTRIBUTES',null,null,4,null,'/webconsole/userAttributes.html',null,null,null,null,'Y','N');
Insert into IAMUSER.RES (RESOURCE_ID,RESOURCE_TYPE_ID,DESCRIPTION,NAME,BRANCH_ID,CATEGORY_ID,DISPLAY_ORDER,MANAGED_SYS_ID,URL,RES_OWNER_GROUP_ID,RES_OWNER_USER_ID,MIN_AUTH_LEVEL,DOMAIN,IS_PUBLIC,IS_SSL) values ('USER_BULK','MENU_ITEM','User Bulk Ops','USER_BULK',null,null,3,null,'userBulk.cnt',null,null,null,null,'N','N');
Insert into IAMUSER.RES (RESOURCE_ID,RESOURCE_TYPE_ID,DESCRIPTION,NAME,BRANCH_ID,CATEGORY_ID,DISPLAY_ORDER,MANAGED_SYS_ID,URL,RES_OWNER_GROUP_ID,RES_OWNER_USER_ID,MIN_AUTH_LEVEL,DOMAIN,IS_PUBLIC,IS_SSL) values ('USER_DELEGATION','MENU_ITEM','User Delegation Filter','USER_DELEGATION',null,null,9,null,'/webconsole/userDelegation.html',null,null,null,null,'Y','N');
Insert into IAMUSER.RES (RESOURCE_ID,RESOURCE_TYPE_ID,DESCRIPTION,NAME,BRANCH_ID,CATEGORY_ID,DISPLAY_ORDER,MANAGED_SYS_ID,URL,RES_OWNER_GROUP_ID,RES_OWNER_USER_ID,MIN_AUTH_LEVEL,DOMAIN,IS_PUBLIC,IS_SSL) values ('USER_EDIT_CONTACT_INFO','MENU_ITEM','Edit User Contact Info','USER_EDIT_CONTACT_INFO',null,null,3,null,'/webconsole/editUserContact.html',null,null,null,null,'Y','N');
Insert into IAMUSER.RES (RESOURCE_ID,RESOURCE_TYPE_ID,DESCRIPTION,NAME,BRANCH_ID,CATEGORY_ID,DISPLAY_ORDER,MANAGED_SYS_ID,URL,RES_OWNER_GROUP_ID,RES_OWNER_USER_ID,MIN_AUTH_LEVEL,DOMAIN,IS_PUBLIC,IS_SSL) values ('USER_EDIT_INFO','MENU_ITEM','Edit User Primary Info','USER_EDIT_INFO',null,null,2,null,'/webconsole/editUser.html',null,null,null,null,'Y','N');
Insert into IAMUSER.RES (RESOURCE_ID,RESOURCE_TYPE_ID,DESCRIPTION,NAME,BRANCH_ID,CATEGORY_ID,DISPLAY_ORDER,MANAGED_SYS_ID,URL,RES_OWNER_GROUP_ID,RES_OWNER_USER_ID,MIN_AUTH_LEVEL,DOMAIN,IS_PUBLIC,IS_SSL) values ('USER_EDIT_MENU','MENU_ITEM','User Edit Menus','USER_EDIT_MENU',null,null,1,null,null,null,null,null,null,'Y','N');
Insert into IAMUSER.RES (RESOURCE_ID,RESOURCE_TYPE_ID,DESCRIPTION,NAME,BRANCH_ID,CATEGORY_ID,DISPLAY_ORDER,MANAGED_SYS_ID,URL,RES_OWNER_GROUP_ID,RES_OWNER_USER_ID,MIN_AUTH_LEVEL,DOMAIN,IS_PUBLIC,IS_SSL) values ('USER_ENTITLEMENTS','MENU_ITEM','User Entitlements','USER_ENTITLEMENTS',null,null,7,null,'/webconsole/userEntitlements.html',null,null,null,null,'Y','N');
Insert into IAMUSER.RES (RESOURCE_ID,RESOURCE_TYPE_ID,DESCRIPTION,NAME,BRANCH_ID,CATEGORY_ID,DISPLAY_ORDER,MANAGED_SYS_ID,URL,RES_OWNER_GROUP_ID,RES_OWNER_USER_ID,MIN_AUTH_LEVEL,DOMAIN,IS_PUBLIC,IS_SSL) values ('USER_HISTORY','MENU_ITEM','User History','USER_HISTORY',null,null,8,null,'/webconsole/userHistory.html',null,null,null,null,'Y','N');
Insert into IAMUSER.RES (RESOURCE_ID,RESOURCE_TYPE_ID,DESCRIPTION,NAME,BRANCH_ID,CATEGORY_ID,DISPLAY_ORDER,MANAGED_SYS_ID,URL,RES_OWNER_GROUP_ID,RES_OWNER_USER_ID,MIN_AUTH_LEVEL,DOMAIN,IS_PUBLIC,IS_SSL) values ('USER_IDENTITY','MENU_ITEM','Edit User Identity Info','USER_IDENTITY',null,null,6,null,'/webconsole/editUserIdentity.html',null,null,null,null,'Y','N');
Insert into IAMUSER.RES (RESOURCE_ID,RESOURCE_TYPE_ID,DESCRIPTION,NAME,BRANCH_ID,CATEGORY_ID,DISPLAY_ORDER,MANAGED_SYS_ID,URL,RES_OWNER_GROUP_ID,RES_OWNER_USER_ID,MIN_AUTH_LEVEL,DOMAIN,IS_PUBLIC,IS_SSL) values ('USER_MENUS','MENU_ITEM','User Menus','USER_MENUS',null,null,1,null,'/webconsole/userMenuTree.html',null,null,null,null,'Y','N');
Insert into IAMUSER.RES (RESOURCE_ID,RESOURCE_TYPE_ID,DESCRIPTION,NAME,BRANCH_ID,CATEGORY_ID,DISPLAY_ORDER,MANAGED_SYS_ID,URL,RES_OWNER_GROUP_ID,RES_OWNER_USER_ID,MIN_AUTH_LEVEL,DOMAIN,IS_PUBLIC,IS_SSL) values ('USER_RESET_PASSWORD','MENU_ITEM','Reset Password','USER_RESET_PASSWORD',null,null,10,null,'/webconsole/resetPassword.html',null,null,null,null,'Y','N');
Insert into IAMUSER.RES (RESOURCE_ID,RESOURCE_TYPE_ID,DESCRIPTION,NAME,BRANCH_ID,CATEGORY_ID,DISPLAY_ORDER,MANAGED_SYS_ID,URL,RES_OWNER_GROUP_ID,RES_OWNER_USER_ID,MIN_AUTH_LEVEL,DOMAIN,IS_PUBLIC,IS_SSL) values ('USER_ROOT_MENU','MENU_ITEM','Root for User Context Menu','USER_ROOT_MENU',null,null,1,null,null,null,null,null,null,'Y','N');
Insert into IAMUSER.RES (RESOURCE_ID,RESOURCE_TYPE_ID,DESCRIPTION,NAME,BRANCH_ID,CATEGORY_ID,DISPLAY_ORDER,MANAGED_SYS_ID,URL,RES_OWNER_GROUP_ID,RES_OWNER_USER_ID,MIN_AUTH_LEVEL,DOMAIN,IS_PUBLIC,IS_SSL) values ('USER_SEARCH','MENU_ITEM','User Search','USER_SEARCH',null,null,1,null,'/webconsole/users.html',null,null,null,null,'Y','N');

Insert into IAMUSER.res_to_res_membership (RESOURCE_ID,MEMBER_RESOURCE_ID) values ('ACCESSCENTER','CREATEREQ');
Insert into IAMUSER.res_to_res_membership (RESOURCE_ID,MEMBER_RESOURCE_ID) values ('ACCESSCENTER','MANAGEREQ');
Insert into IAMUSER.res_to_res_membership (RESOURCE_ID,MEMBER_RESOURCE_ID) values ('ACCESSCENTER','NEWUSER');
Insert into IAMUSER.res_to_res_membership (RESOURCE_ID,MEMBER_RESOURCE_ID) values ('ACCESSCENTER','NEWUSER-NOAPPRV');
Insert into IAMUSER.res_to_res_membership (RESOURCE_ID,MEMBER_RESOURCE_ID) values ('ACCESSCENTER','REQINBOX');
Insert into IAMUSER.res_to_res_membership (RESOURCE_ID,MEMBER_RESOURCE_ID) values ('ACCESSCENTER','SELF_QUERYUSER');
Insert into IAMUSER.res_to_res_membership (RESOURCE_ID,MEMBER_RESOURCE_ID) values ('ACC_CONTROL','AM_PROV_SEARCH_CHILD');
Insert into IAMUSER.res_to_res_membership (RESOURCE_ID,MEMBER_RESOURCE_ID) values ('ACC_CONTROL','CONTENT_PROV_SEARCH_CHILD');
Insert into IAMUSER.res_to_res_membership (RESOURCE_ID,MEMBER_RESOURCE_ID) values ('ACC_CONTROL','SECURITY_GROUP');
Insert into IAMUSER.res_to_res_membership (RESOURCE_ID,MEMBER_RESOURCE_ID) values ('ACC_CONTROL','SECURITY_RES');
Insert into IAMUSER.res_to_res_membership (RESOURCE_ID,MEMBER_RESOURCE_ID) values ('ACC_CONTROL','SECURITY_ROLE');
Insert into IAMUSER.res_to_res_membership (RESOURCE_ID,MEMBER_RESOURCE_ID) values ('ADMIN','BATCH_PROC');
Insert into IAMUSER.res_to_res_membership (RESOURCE_ID,MEMBER_RESOURCE_ID) values ('ADMIN','CHALLENGE');
Insert into IAMUSER.res_to_res_membership (RESOURCE_ID,MEMBER_RESOURCE_ID) values ('ADMIN','CUSTOM_FIELD_SEARCH_CHILD');
Insert into IAMUSER.res_to_res_membership (RESOURCE_ID,MEMBER_RESOURCE_ID) values ('ADMIN','LOCATION');
Insert into IAMUSER.res_to_res_membership (RESOURCE_ID,MEMBER_RESOURCE_ID) values ('ADMIN','METADATA');
Insert into IAMUSER.res_to_res_membership (RESOURCE_ID,MEMBER_RESOURCE_ID) values ('ADMIN','SECDOMAIN');
Insert into IAMUSER.res_to_res_membership (RESOURCE_ID,MEMBER_RESOURCE_ID) values ('ADMIN','TEMPLATE_SEARCH_CHILD');
Insert into IAMUSER.res_to_res_membership (RESOURCE_ID,MEMBER_RESOURCE_ID) values ('AM_PROV_EDIT','AM_PROV_AM_ATTR');
Insert into IAMUSER.res_to_res_membership (RESOURCE_ID,MEMBER_RESOURCE_ID) values ('AM_PROV_EDIT','AM_PROV_EDIT_CURRENT');
Insert into IAMUSER.res_to_res_membership (RESOURCE_ID,MEMBER_RESOURCE_ID) values ('AM_PROV_EDIT','AM_PROV_EDIT_SEARCH');
Insert into IAMUSER.res_to_res_membership (RESOURCE_ID,MEMBER_RESOURCE_ID) values ('AM_PROV_EDIT','AM_PROV_NEW_EDIT');
Insert into IAMUSER.res_to_res_membership (RESOURCE_ID,MEMBER_RESOURCE_ID) values ('AM_PROV_ROOT','AM_PROV_NEW');
Insert into IAMUSER.res_to_res_membership (RESOURCE_ID,MEMBER_RESOURCE_ID) values ('AM_PROV_ROOT','AM_PROV_SEARCH');
Insert into IAMUSER.res_to_res_membership (RESOURCE_ID,MEMBER_RESOURCE_ID) values ('AUDITREPORT','AUDIT_RPT');
Insert into IAMUSER.res_to_res_membership (RESOURCE_ID,MEMBER_RESOURCE_ID) values ('CONTENT_PROV_EDIT','CONTENT_PROV_EDIT_CURRENT');
Insert into IAMUSER.res_to_res_membership (RESOURCE_ID,MEMBER_RESOURCE_ID) values ('CONTENT_PROV_EDIT','CONTENT_PROV_EDIT_SEARCH');
Insert into IAMUSER.res_to_res_membership (RESOURCE_ID,MEMBER_RESOURCE_ID) values ('CONTENT_PROV_EDIT','CONTENT_PROV_NEW_EDIT');
Insert into IAMUSER.res_to_res_membership (RESOURCE_ID,MEMBER_RESOURCE_ID) values ('CONTENT_PROV_ROOT','CONTENT_PROV_NEW');
Insert into IAMUSER.res_to_res_membership (RESOURCE_ID,MEMBER_RESOURCE_ID) values ('CONTENT_PROV_ROOT','CONTENT_PROV_SEARCH');
Insert into IAMUSER.res_to_res_membership (RESOURCE_ID,MEMBER_RESOURCE_ID) values ('CUSTOM_FIELD_EDIT','CUSTOM_FIELD_EDIT_NEW');
Insert into IAMUSER.res_to_res_membership (RESOURCE_ID,MEMBER_RESOURCE_ID) values ('CUSTOM_FIELD_EDIT','CUSTOM_FIELD_EDIT_SEARCH');
Insert into IAMUSER.res_to_res_membership (RESOURCE_ID,MEMBER_RESOURCE_ID) values ('CUSTOM_FIELD_ROOT','CUSTOM_FIELD_NEW');
Insert into IAMUSER.res_to_res_membership (RESOURCE_ID,MEMBER_RESOURCE_ID) values ('CUSTOM_FIELD_ROOT','CUSTOM_FIELD_SEARCH');
Insert into IAMUSER.res_to_res_membership (RESOURCE_ID,MEMBER_RESOURCE_ID) values ('GROUP_EDIT_MENU','EDIT_GROUP');
Insert into IAMUSER.res_to_res_membership (RESOURCE_ID,MEMBER_RESOURCE_ID) values ('GROUP_EDIT_MENU','GROUP_ATTRIBUTES');
Insert into IAMUSER.res_to_res_membership (RESOURCE_ID,MEMBER_RESOURCE_ID) values ('GROUP_EDIT_MENU','GROUP_ENTITLEMENTS');
Insert into IAMUSER.res_to_res_membership (RESOURCE_ID,MEMBER_RESOURCE_ID) values ('GROUP_EDIT_MENU','GROUP_MENUS');
Insert into IAMUSER.res_to_res_membership (RESOURCE_ID,MEMBER_RESOURCE_ID) values ('GROUP_ROOT_MENU','GROUP_SEARCH');
Insert into IAMUSER.res_to_res_membership (RESOURCE_ID,MEMBER_RESOURCE_ID) values ('GROUP_ROOT_MENU','NEW_GROUP');
Insert into IAMUSER.res_to_res_membership (RESOURCE_ID,MEMBER_RESOURCE_ID) values ('IDM','ACC_CONTROL');
Insert into IAMUSER.res_to_res_membership (RESOURCE_ID,MEMBER_RESOURCE_ID) values ('IDM','ADMIN');
Insert into IAMUSER.res_to_res_membership (RESOURCE_ID,MEMBER_RESOURCE_ID) values ('IDM','IDMAN');
Insert into IAMUSER.res_to_res_membership (RESOURCE_ID,MEMBER_RESOURCE_ID) values ('IDM','PROVISIONING');
Insert into IAMUSER.res_to_res_membership (RESOURCE_ID,MEMBER_RESOURCE_ID) values ('IDM','REPORT');
Insert into IAMUSER.res_to_res_membership (RESOURCE_ID,MEMBER_RESOURCE_ID) values ('IDM','SECURITY_POLICY');
Insert into IAMUSER.res_to_res_membership (RESOURCE_ID,MEMBER_RESOURCE_ID) values ('IDMAN','ORG');
Insert into IAMUSER.res_to_res_membership (RESOURCE_ID,MEMBER_RESOURCE_ID) values ('IDMAN','USER');
Insert into IAMUSER.res_to_res_membership (RESOURCE_ID,MEMBER_RESOURCE_ID) values ('IDMAN','USER_BULK');
Insert into IAMUSER.res_to_res_membership (RESOURCE_ID,MEMBER_RESOURCE_ID) values ('MNGSYS_MENU_ITEM','MNGSYS_NEW');
Insert into IAMUSER.res_to_res_membership (RESOURCE_ID,MEMBER_RESOURCE_ID) values ('ORGANIZATION_EDIT_ID','EDIT_ORG');
Insert into IAMUSER.res_to_res_membership (RESOURCE_ID,MEMBER_RESOURCE_ID) values ('ORGANIZATION_EDIT_ID','ORG_ATTRIBUTES');
Insert into IAMUSER.res_to_res_membership (RESOURCE_ID,MEMBER_RESOURCE_ID) values ('ORGANIZATION_EDIT_ID','ORG_MEMBERSHIP');
Insert into IAMUSER.res_to_res_membership (RESOURCE_ID,MEMBER_RESOURCE_ID) values ('ORGANIZATION_ROOT_ID','NEW_ORG');
Insert into IAMUSER.res_to_res_membership (RESOURCE_ID,MEMBER_RESOURCE_ID) values ('ORGANIZATION_ROOT_ID','ORG_SEARCH');
Insert into IAMUSER.res_to_res_membership (RESOURCE_ID,MEMBER_RESOURCE_ID) values ('PAGE_TEMPLATE_EDIT','PAGE_TEMPLATE_EDIT_NEW');
Insert into IAMUSER.res_to_res_membership (RESOURCE_ID,MEMBER_RESOURCE_ID) values ('PAGE_TEMPLATE_EDIT','PAGE_TEMPLATE_EDIT_SEARCH');
Insert into IAMUSER.res_to_res_membership (RESOURCE_ID,MEMBER_RESOURCE_ID) values ('PAGE_TEMPLATE_ROOT','PAGE_TEMPLATE_NEW');
Insert into IAMUSER.res_to_res_membership (RESOURCE_ID,MEMBER_RESOURCE_ID) values ('PAGE_TEMPLATE_ROOT','PAGE_TEMPLATE_SEARCH');
Insert into IAMUSER.res_to_res_membership (RESOURCE_ID,MEMBER_RESOURCE_ID) values ('PROVCONNECT_MENU_ITEM','PROV_CONNECTOR_NEW');
Insert into IAMUSER.res_to_res_membership (RESOURCE_ID,MEMBER_RESOURCE_ID) values ('PROVISIONING','MNGSYS');
Insert into IAMUSER.res_to_res_membership (RESOURCE_ID,MEMBER_RESOURCE_ID) values ('PROVISIONING','PROVCONNECT');
Insert into IAMUSER.res_to_res_membership (RESOURCE_ID,MEMBER_RESOURCE_ID) values ('PROVISIONING','SYNCLOG');
Insert into IAMUSER.res_to_res_membership (RESOURCE_ID,MEMBER_RESOURCE_ID) values ('PROVISIONING','SYNCUSER');
Insert into IAMUSER.res_to_res_membership (RESOURCE_ID,MEMBER_RESOURCE_ID) values ('REPORT','AUDITREPORT');
Insert into IAMUSER.res_to_res_membership (RESOURCE_ID,MEMBER_RESOURCE_ID) values ('RESOURCE_EDIT_PAGE_ROOT','EDIT_RESOURCE');
Insert into IAMUSER.res_to_res_membership (RESOURCE_ID,MEMBER_RESOURCE_ID) values ('RESOURCE_EDIT_PAGE_ROOT','RESPOLICYMAP');
Insert into IAMUSER.res_to_res_membership (RESOURCE_ID,MEMBER_RESOURCE_ID) values ('RESOURCE_EDIT_PAGE_ROOT','RES_ATTR_PAGE');
Insert into IAMUSER.res_to_res_membership (RESOURCE_ID,MEMBER_RESOURCE_ID) values ('RESOURCE_EDIT_PAGE_ROOT','RES_ENT_SUB');
Insert into IAMUSER.res_to_res_membership (RESOURCE_ID,MEMBER_RESOURCE_ID) values ('RESOURCE_MENU_ROOT','CREATE_RESOURCE_MENU');
Insert into IAMUSER.res_to_res_membership (RESOURCE_ID,MEMBER_RESOURCE_ID) values ('RESOURCE_MENU_ROOT','RESAPPROVER');
Insert into IAMUSER.res_to_res_membership (RESOURCE_ID,MEMBER_RESOURCE_ID) values ('RESOURCE_MENU_ROOT','RESENTITLEMENT');
Insert into IAMUSER.res_to_res_membership (RESOURCE_ID,MEMBER_RESOURCE_ID) values ('RESOURCE_MENU_ROOT','RESRECONCILE');
Insert into IAMUSER.res_to_res_membership (RESOURCE_ID,MEMBER_RESOURCE_ID) values ('RESOURCE_MENU_ROOT','RESSUMMARY');
Insert into IAMUSER.res_to_res_membership (RESOURCE_ID,MEMBER_RESOURCE_ID) values ('ROLE_EDIT_MENU','EDIT_ROLE');
Insert into IAMUSER.res_to_res_membership (RESOURCE_ID,MEMBER_RESOURCE_ID) values ('ROLE_EDIT_MENU','ROLE_ATTRIBUTES');
Insert into IAMUSER.res_to_res_membership (RESOURCE_ID,MEMBER_RESOURCE_ID) values ('ROLE_EDIT_MENU','ROLE_ENTITLEMENTS');
Insert into IAMUSER.res_to_res_membership (RESOURCE_ID,MEMBER_RESOURCE_ID) values ('ROLE_EDIT_MENU','ROLE_MENUS');
Insert into IAMUSER.res_to_res_membership (RESOURCE_ID,MEMBER_RESOURCE_ID) values ('ROLE_ROOT_MENU','NEW_ROLE');
Insert into IAMUSER.res_to_res_membership (RESOURCE_ID,MEMBER_RESOURCE_ID) values ('ROLE_ROOT_MENU','ROLE_SEARCH');
Insert into IAMUSER.res_to_res_membership (RESOURCE_ID,MEMBER_RESOURCE_ID) values ('SELFCENTER','CHNGPSWD');
Insert into IAMUSER.res_to_res_membership (RESOURCE_ID,MEMBER_RESOURCE_ID) values ('SELFCENTER','DIRECTORY');
Insert into IAMUSER.res_to_res_membership (RESOURCE_ID,MEMBER_RESOURCE_ID) values ('SELFCENTER','IDQUEST');
Insert into IAMUSER.res_to_res_membership (RESOURCE_ID,MEMBER_RESOURCE_ID) values ('SELFCENTER','PROFILE');
Insert into IAMUSER.res_to_res_membership (RESOURCE_ID,MEMBER_RESOURCE_ID) values ('SELFCENTER','SELF_USERIDENTITY');
Insert into IAMUSER.res_to_res_membership (RESOURCE_ID,MEMBER_RESOURCE_ID) values ('SELFSERVICE','ACCESSCENTER');
Insert into IAMUSER.res_to_res_membership (RESOURCE_ID,MEMBER_RESOURCE_ID) values ('SELFSERVICE','SELFCENTER');
Insert into IAMUSER.res_to_res_membership (RESOURCE_ID,MEMBER_RESOURCE_ID) values ('SELFSERVICE','SELFSERVICE_MYAPPS');
Insert into IAMUSER.res_to_res_membership (RESOURCE_ID,MEMBER_RESOURCE_ID) values ('SELFSERVICE','SELFSERVICE_MYINFO');
Insert into IAMUSER.res_to_res_membership (RESOURCE_ID,MEMBER_RESOURCE_ID) values ('SELF_LOGIN_ROOT','SELF_LOGIN_LIST');
Insert into IAMUSER.res_to_res_membership (RESOURCE_ID,MEMBER_RESOURCE_ID) values ('SELF_LOGIN_ROOT','SELF_LOGIN_NEW');
Insert into IAMUSER.res_to_res_membership (RESOURCE_ID,MEMBER_RESOURCE_ID) values ('SYNCUSER','SYNCDETAIL');
Insert into IAMUSER.res_to_res_membership (RESOURCE_ID,MEMBER_RESOURCE_ID) values ('URI_META_EDIT','URI_META_BACK');
Insert into IAMUSER.res_to_res_membership (RESOURCE_ID,MEMBER_RESOURCE_ID) values ('URI_PATTERN_EDIT','BACK_TO_CP');
Insert into IAMUSER.res_to_res_membership (RESOURCE_ID,MEMBER_RESOURCE_ID) values ('URI_PATTERN_EDIT','URI_PATTERN_EDIT_NEW_PATTERN');
Insert into IAMUSER.res_to_res_membership (RESOURCE_ID,MEMBER_RESOURCE_ID) values ('URI_PATTERN_EDIT','URI_PATTERN_EDIT_PATTERN');
Insert into IAMUSER.res_to_res_membership (RESOURCE_ID,MEMBER_RESOURCE_ID) values ('URI_PATTERN_EDIT','URI_PATTERN_EDT_PROV_SEARCH');
Insert into IAMUSER.res_to_res_membership (RESOURCE_ID,MEMBER_RESOURCE_ID) values ('USER_EDIT_MENU','USER_ATTRIBUTES');
Insert into IAMUSER.res_to_res_membership (RESOURCE_ID,MEMBER_RESOURCE_ID) values ('USER_EDIT_MENU','USER_DELEGATION');
Insert into IAMUSER.res_to_res_membership (RESOURCE_ID,MEMBER_RESOURCE_ID) values ('USER_EDIT_MENU','USER_EDIT_CONTACT_INFO');
Insert into IAMUSER.res_to_res_membership (RESOURCE_ID,MEMBER_RESOURCE_ID) values ('USER_EDIT_MENU','USER_EDIT_INFO');
Insert into IAMUSER.res_to_res_membership (RESOURCE_ID,MEMBER_RESOURCE_ID) values ('USER_EDIT_MENU','USER_ENTITLEMENTS');
Insert into IAMUSER.res_to_res_membership (RESOURCE_ID,MEMBER_RESOURCE_ID) values ('USER_EDIT_MENU','USER_HISTORY');
Insert into IAMUSER.res_to_res_membership (RESOURCE_ID,MEMBER_RESOURCE_ID) values ('USER_EDIT_MENU','USER_IDENTITY');
Insert into IAMUSER.res_to_res_membership (RESOURCE_ID,MEMBER_RESOURCE_ID) values ('USER_EDIT_MENU','USER_MENUS');
Insert into IAMUSER.res_to_res_membership (RESOURCE_ID,MEMBER_RESOURCE_ID) values ('USER_EDIT_MENU','USER_RESET_PASSWORD');
Insert into IAMUSER.res_to_res_membership (RESOURCE_ID,MEMBER_RESOURCE_ID) values ('USER_EDIT_MENU','USER_SEARCH');
Insert into IAMUSER.res_to_res_membership (RESOURCE_ID,MEMBER_RESOURCE_ID) values ('USER_ROOT_MENU','NEW_USER');

Insert into IAMUSER.RESOURCE_PROP (RESOURCE_PROP_ID,RESOURCE_ID,METADATA_ID,NAME,PROP_VALUE,PROP_GROUP) values ('200','101',null,'INCLUDE_USER_OBJECT','N',null);
Insert into IAMUSER.RESOURCE_PROP (RESOURCE_PROP_ID,RESOURCE_ID,METADATA_ID,NAME,PROP_VALUE,PROP_GROUP) values ('202','101',null,'PRINCIPAL_NAME','uid',null);
Insert into IAMUSER.RESOURCE_PROP (RESOURCE_PROP_ID,RESOURCE_ID,METADATA_ID,NAME,PROP_VALUE,PROP_GROUP) values ('203','101',null,'PRINCIPAL_PASSWORD','userPassword',null);
Insert into IAMUSER.RESOURCE_PROP (RESOURCE_PROP_ID,RESOURCE_ID,METADATA_ID,NAME,PROP_VALUE,PROP_GROUP) values ('204','101',null,'INCLUDE_IN_PASSWORD_SYNC','Y',null);
Insert into IAMUSER.RESOURCE_PROP (RESOURCE_PROP_ID,RESOURCE_ID,METADATA_ID,NAME,PROP_VALUE,PROP_GROUP) values ('205','101',null,'ON_DELETE','DELETE',null);
Insert into IAMUSER.RESOURCE_PROP (RESOURCE_PROP_ID,RESOURCE_ID,METADATA_ID,NAME,PROP_VALUE,PROP_GROUP) values ('206','101',null,'GROUP_MEMBERSHIP_ENABLED','Y',null);
Insert into IAMUSER.RESOURCE_PROP (RESOURCE_PROP_ID,RESOURCE_ID,METADATA_ID,NAME,PROP_VALUE,PROP_GROUP) values ('207','101',null,'PRE_PROCESS','/prov-helper/LDAPPreProcessor.groovy',null);
Insert into IAMUSER.RESOURCE_PROP (RESOURCE_PROP_ID,RESOURCE_ID,METADATA_ID,NAME,PROP_VALUE,PROP_GROUP) values ('208','101',null,'POST_PROCESS','/prov-helper/LDAPPostProcessor.groovy',null);
Insert into IAMUSER.RESOURCE_PROP (RESOURCE_PROP_ID,RESOURCE_ID,METADATA_ID,NAME,PROP_VALUE,PROP_GROUP) values ('210','105',null,'INCLUDE_USER_OBJECT','Y',null);
Insert into IAMUSER.RESOURCE_PROP (RESOURCE_PROP_ID,RESOURCE_ID,METADATA_ID,NAME,PROP_VALUE,PROP_GROUP) values ('211','105',null,'PRINCIPAL_NAME','login',null);
Insert into IAMUSER.RESOURCE_PROP (RESOURCE_PROP_ID,RESOURCE_ID,METADATA_ID,NAME,PROP_VALUE,PROP_GROUP) values ('212','105',null,'PRINCIPAL_PASSWORD','userPassword',null);
Insert into IAMUSER.RESOURCE_PROP (RESOURCE_PROP_ID,RESOURCE_ID,METADATA_ID,NAME,PROP_VALUE,PROP_GROUP) values ('213','105',null,'INCLUDE_IN_PASSWORD_SYNC','Y',null);
Insert into IAMUSER.RESOURCE_PROP (RESOURCE_PROP_ID,RESOURCE_ID,METADATA_ID,NAME,PROP_VALUE,PROP_GROUP) values ('214','105',null,'ON_DELETE','DELETE',null);
Insert into IAMUSER.RESOURCE_PROP (RESOURCE_PROP_ID,RESOURCE_ID,METADATA_ID,NAME,PROP_VALUE,PROP_GROUP) values ('215','105',null,'GROUP_MEMBERSHIP_ENABLED','Y',null);
Insert into IAMUSER.RESOURCE_PROP (RESOURCE_PROP_ID,RESOURCE_ID,METADATA_ID,NAME,PROP_VALUE,PROP_GROUP) values ('216','105',null,'PRE_PROCESS',null,null);
Insert into IAMUSER.RESOURCE_PROP (RESOURCE_PROP_ID,RESOURCE_ID,METADATA_ID,NAME,PROP_VALUE,PROP_GROUP) values ('217','105',null,'POST_PROCESS',null,null);
Insert into IAMUSER.RESOURCE_PROP (RESOURCE_PROP_ID,RESOURCE_ID,METADATA_ID,NAME,PROP_VALUE,PROP_GROUP) values ('220','110',null,'ON_DELETE','DELETE',null);
Insert into IAMUSER.RESOURCE_PROP (RESOURCE_PROP_ID,RESOURCE_ID,METADATA_ID,NAME,PROP_VALUE,PROP_GROUP) values ('221','110',null,'INCLUDE_IN_PASSWORD_SYNC','Y',null);
Insert into IAMUSER.RESOURCE_PROP (RESOURCE_PROP_ID,RESOURCE_ID,METADATA_ID,NAME,PROP_VALUE,PROP_GROUP) values ('222','110',null,'GROUP_MEMBERSHIP_ENABLED','Y',null);
Insert into IAMUSER.RESOURCE_PROP (RESOURCE_PROP_ID,RESOURCE_ID,METADATA_ID,NAME,PROP_VALUE,PROP_GROUP) values ('223','101',null,'PRE_PROCESS',null,null);
Insert into IAMUSER.RESOURCE_PROP (RESOURCE_PROP_ID,RESOURCE_ID,METADATA_ID,NAME,PROP_VALUE,PROP_GROUP) values ('224','101',null,'POST_PROCESS',null,null);
Insert into IAMUSER.RESOURCE_PROP (RESOURCE_PROP_ID,RESOURCE_ID,METADATA_ID,NAME,PROP_VALUE,PROP_GROUP) values ('ACCESSCENTER_MENU_DISPLAY','ACCESSCENTER',null,'MENU_DISPLAY_NAME','Access Management Center',null);
Insert into IAMUSER.RESOURCE_PROP (RESOURCE_PROP_ID,RESOURCE_ID,METADATA_ID,NAME,PROP_VALUE,PROP_GROUP) values ('ACCESSCENTER_MENU_ICON','ACCESSCENTER',null,'MENU_ICON','/openiam-ui-static/images/common/icons/access_control.png',null);
Insert into IAMUSER.RESOURCE_PROP (RESOURCE_PROP_ID,RESOURCE_ID,METADATA_ID,NAME,PROP_VALUE,PROP_GROUP) values ('ACC_CONTROL_MENU_DISPLAY','ACC_CONTROL',null,'MENU_DISPLAY_NAME','Access Control',null);
Insert into IAMUSER.RESOURCE_PROP (RESOURCE_PROP_ID,RESOURCE_ID,METADATA_ID,NAME,PROP_VALUE,PROP_GROUP) values ('ACC_CONTROL_MENU_ICON','ACC_CONTROL',null,'MENU_ICON','/openiam-ui-static/images/common/icons/access_control.png',null);
Insert into IAMUSER.RESOURCE_PROP (RESOURCE_PROP_ID,RESOURCE_ID,METADATA_ID,NAME,PROP_VALUE,PROP_GROUP) values ('ACONTENT_PROV_NEW_EDIT_PUB_DESC','CONTENT_PROV_NEW_EDIT',null,'MENU_DISPLAY_NAME','Create New Provider',null);
Insert into IAMUSER.RESOURCE_PROP (RESOURCE_PROP_ID,RESOURCE_ID,METADATA_ID,NAME,PROP_VALUE,PROP_GROUP) values ('ADMIN_MENU_DISPLAY','ADMIN',null,'MENU_DISPLAY_NAME','Administration',null);
Insert into IAMUSER.RESOURCE_PROP (RESOURCE_PROP_ID,RESOURCE_ID,METADATA_ID,NAME,PROP_VALUE,PROP_GROUP) values ('ADMIN_MENU_ICON','ADMIN',null,'MENU_ICON','/openiam-ui-static/images/common/icons/admin.png',null);
Insert into IAMUSER.RESOURCE_PROP (RESOURCE_PROP_ID,RESOURCE_ID,METADATA_ID,NAME,PROP_VALUE,PROP_GROUP) values ('AM_PROV_AM_ATTR_DESC','AM_PROV_AM_ATTR',null,'MENU_DISPLAY_NAME','Request Attributes',null);
Insert into IAMUSER.RESOURCE_PROP (RESOURCE_PROP_ID,RESOURCE_ID,METADATA_ID,NAME,PROP_VALUE,PROP_GROUP) values ('AM_PROV_AM_ATTR_PUB','AM_PROV_AM_ATTR',null,'MENU_IS_PUBLIC','true',null);
Insert into IAMUSER.RESOURCE_PROP (RESOURCE_PROP_ID,RESOURCE_ID,METADATA_ID,NAME,PROP_VALUE,PROP_GROUP) values ('AM_PROV_EDIT_CURRENT_DESC','AM_PROV_EDIT_CURRENT',null,'MENU_DISPLAY_NAME','Edit Provider',null);
Insert into IAMUSER.RESOURCE_PROP (RESOURCE_PROP_ID,RESOURCE_ID,METADATA_ID,NAME,PROP_VALUE,PROP_GROUP) values ('AM_PROV_EDIT_CURRENT_PUB','AM_PROV_EDIT_CURRENT',null,'MENU_IS_PUBLIC','true',null);
Insert into IAMUSER.RESOURCE_PROP (RESOURCE_PROP_ID,RESOURCE_ID,METADATA_ID,NAME,PROP_VALUE,PROP_GROUP) values ('AM_PROV_EDIT_DESC','AM_PROV_EDIT',null,'MENU_DISPLAY_NAME','Authentication Provider Edit Menu',null);
Insert into IAMUSER.RESOURCE_PROP (RESOURCE_PROP_ID,RESOURCE_ID,METADATA_ID,NAME,PROP_VALUE,PROP_GROUP) values ('AM_PROV_EDIT_PUB','AM_PROV_EDIT',null,'MENU_IS_PUBLIC','true',null);
Insert into IAMUSER.RESOURCE_PROP (RESOURCE_PROP_ID,RESOURCE_ID,METADATA_ID,NAME,PROP_VALUE,PROP_GROUP) values ('AM_PROV_EDIT_SEARCH_DESC','AM_PROV_EDIT_SEARCH',null,'MENU_DISPLAY_NAME','Back to Search',null);
Insert into IAMUSER.RESOURCE_PROP (RESOURCE_PROP_ID,RESOURCE_ID,METADATA_ID,NAME,PROP_VALUE,PROP_GROUP) values ('AM_PROV_EDIT_SEARCH_PUB','AM_PROV_EDIT_SEARCH',null,'MENU_IS_PUBLIC','true',null);
Insert into IAMUSER.RESOURCE_PROP (RESOURCE_PROP_ID,RESOURCE_ID,METADATA_ID,NAME,PROP_VALUE,PROP_GROUP) values ('AM_PROV_NEW_DSC','AM_PROV_NEW',null,'MENU_DISPLAY_NAME','Create New Provider',null);
Insert into IAMUSER.RESOURCE_PROP (RESOURCE_PROP_ID,RESOURCE_ID,METADATA_ID,NAME,PROP_VALUE,PROP_GROUP) values ('AM_PROV_NEW_EDIT_PUB','AM_PROV_NEW_EDIT',null,'MENU_IS_PUBLIC','true',null);
Insert into IAMUSER.RESOURCE_PROP (RESOURCE_PROP_ID,RESOURCE_ID,METADATA_ID,NAME,PROP_VALUE,PROP_GROUP) values ('AM_PROV_NEW_EDIT_PUB_DESC','AM_PROV_NEW_EDIT',null,'MENU_DISPLAY_NAME','Create New Provider',null);
Insert into IAMUSER.RESOURCE_PROP (RESOURCE_PROP_ID,RESOURCE_ID,METADATA_ID,NAME,PROP_VALUE,PROP_GROUP) values ('AM_PROV_NEW_PUB','AM_PROV_NEW',null,'MENU_IS_PUBLIC','true',null);
Insert into IAMUSER.RESOURCE_PROP (RESOURCE_PROP_ID,RESOURCE_ID,METADATA_ID,NAME,PROP_VALUE,PROP_GROUP) values ('AM_PROV_ROOT_DESC','AM_PROV_ROOT',null,'MENU_DISPLAY_NAME','Authentication Provider Root Menu',null);
Insert into IAMUSER.RESOURCE_PROP (RESOURCE_PROP_ID,RESOURCE_ID,METADATA_ID,NAME,PROP_VALUE,PROP_GROUP) values ('AM_PROV_ROOT_PUB','AM_PROV_ROOT',null,'MENU_IS_PUBLIC','true',null);
Insert into IAMUSER.RESOURCE_PROP (RESOURCE_PROP_ID,RESOURCE_ID,METADATA_ID,NAME,PROP_VALUE,PROP_GROUP) values ('AM_PROV_SEARCH_CHILD_PUB','AM_PROV_SEARCH_CHILD',null,'MENU_IS_PUBLIC','true',null);
Insert into IAMUSER.RESOURCE_PROP (RESOURCE_PROP_ID,RESOURCE_ID,METADATA_ID,NAME,PROP_VALUE,PROP_GROUP) values ('AM_PROV_SEARCH_CHILD_PUB_DESC','AM_PROV_SEARCH_CHILD',null,'MENU_DISPLAY_NAME','Authentication Providers',null);
Insert into IAMUSER.RESOURCE_PROP (RESOURCE_PROP_ID,RESOURCE_ID,METADATA_ID,NAME,PROP_VALUE,PROP_GROUP) values ('AM_PROV_SEARCH_DESC','AM_PROV_SEARCH',null,'MENU_DISPLAY_NAME','Search Providers',null);
Insert into IAMUSER.RESOURCE_PROP (RESOURCE_PROP_ID,RESOURCE_ID,METADATA_ID,NAME,PROP_VALUE,PROP_GROUP) values ('AM_PROV_SEARCH_PUB','AM_PROV_SEARCH',null,'MENU_IS_PUBLIC','true',null);
Insert into IAMUSER.RESOURCE_PROP (RESOURCE_PROP_ID,RESOURCE_ID,METADATA_ID,NAME,PROP_VALUE,PROP_GROUP) values ('AUDITREPORT_MENU_DISPLAY','AUDITREPORT',null,'MENU_DISPLAY_NAME','Audit Reports',null);
Insert into IAMUSER.RESOURCE_PROP (RESOURCE_PROP_ID,RESOURCE_ID,METADATA_ID,NAME,PROP_VALUE,PROP_GROUP) values ('AUDIT_RPT_MENU_DISPLAY','AUDIT_RPT',null,'MENU_DISPLAY_NAME','Audit Report',null);
Insert into IAMUSER.RESOURCE_PROP (RESOURCE_PROP_ID,RESOURCE_ID,METADATA_ID,NAME,PROP_VALUE,PROP_GROUP) values ('BACK_TO_CP_DESC','BACK_TO_CP',null,'MENU_DISPLAY_NAME','Back To Content Provider',null);
Insert into IAMUSER.RESOURCE_PROP (RESOURCE_PROP_ID,RESOURCE_ID,METADATA_ID,NAME,PROP_VALUE,PROP_GROUP) values ('BACK_TO_CP_PUB','BACK_TO_CP',null,'MENU_IS_PUBLIC','true',null);
Insert into IAMUSER.RESOURCE_PROP (RESOURCE_PROP_ID,RESOURCE_ID,METADATA_ID,NAME,PROP_VALUE,PROP_GROUP) values ('BATCH_PROC_MENU_DISPLAY','BATCH_PROC',null,'MENU_DISPLAY_NAME','Batch Processes',null);
Insert into IAMUSER.RESOURCE_PROP (RESOURCE_PROP_ID,RESOURCE_ID,METADATA_ID,NAME,PROP_VALUE,PROP_GROUP) values ('BATCH_PROC_VISIBLE','BATCH_PROC',null,'IS_VISIBLE','false',null);
Insert into IAMUSER.RESOURCE_PROP (RESOURCE_PROP_ID,RESOURCE_ID,METADATA_ID,NAME,PROP_VALUE,PROP_GROUP) values ('CHALLENGE_MENU_DISPLAY','CHALLENGE',null,'MENU_DISPLAY_NAME','Challenge Quest',null);
Insert into IAMUSER.RESOURCE_PROP (RESOURCE_PROP_ID,RESOURCE_ID,METADATA_ID,NAME,PROP_VALUE,PROP_GROUP) values ('CHALLENGE_VISIBLE','CHALLENGE',null,'IS_VISIBLE','false',null);
Insert into IAMUSER.RESOURCE_PROP (RESOURCE_PROP_ID,RESOURCE_ID,METADATA_ID,NAME,PROP_VALUE,PROP_GROUP) values ('CHNGPSWD_MENU_DISPLAY','CHNGPSWD',null,'MENU_DISPLAY_NAME','Change Password',null);
Insert into IAMUSER.RESOURCE_PROP (RESOURCE_PROP_ID,RESOURCE_ID,METADATA_ID,NAME,PROP_VALUE,PROP_GROUP) values ('CONTENT_PROV_EDIT_CURRENT_DESC','CONTENT_PROV_EDIT_CURRENT',null,'MENU_DISPLAY_NAME','Edit Provider',null);
Insert into IAMUSER.RESOURCE_PROP (RESOURCE_PROP_ID,RESOURCE_ID,METADATA_ID,NAME,PROP_VALUE,PROP_GROUP) values ('CONTENT_PROV_EDIT_CURRENT_PUB','CONTENT_PROV_EDIT_CURRENT',null,'MENU_IS_PUBLIC','true',null);
Insert into IAMUSER.RESOURCE_PROP (RESOURCE_PROP_ID,RESOURCE_ID,METADATA_ID,NAME,PROP_VALUE,PROP_GROUP) values ('CONTENT_PROV_EDIT_DESC','CONTENT_PROV_EDIT',null,'MENU_DISPLAY_NAME','Content Provider Edit Menu',null);
Insert into IAMUSER.RESOURCE_PROP (RESOURCE_PROP_ID,RESOURCE_ID,METADATA_ID,NAME,PROP_VALUE,PROP_GROUP) values ('CONTENT_PROV_EDIT_PUB','CONTENT_PROV_EDIT',null,'MENU_IS_PUBLIC','true',null);
Insert into IAMUSER.RESOURCE_PROP (RESOURCE_PROP_ID,RESOURCE_ID,METADATA_ID,NAME,PROP_VALUE,PROP_GROUP) values ('CONTENT_PROV_EDIT_SEARCH_DESC','CONTENT_PROV_EDIT_SEARCH',null,'MENU_DISPLAY_NAME','Back to Search',null);
Insert into IAMUSER.RESOURCE_PROP (RESOURCE_PROP_ID,RESOURCE_ID,METADATA_ID,NAME,PROP_VALUE,PROP_GROUP) values ('CONTENT_PROV_EDIT_SEARCH_PUB','CONTENT_PROV_EDIT_SEARCH',null,'MENU_IS_PUBLIC','true',null);
Insert into IAMUSER.RESOURCE_PROP (RESOURCE_PROP_ID,RESOURCE_ID,METADATA_ID,NAME,PROP_VALUE,PROP_GROUP) values ('CONTENT_PROV_NEW_DSC','CONTENT_PROV_NEW',null,'MENU_DISPLAY_NAME','Create New Provider',null);
Insert into IAMUSER.RESOURCE_PROP (RESOURCE_PROP_ID,RESOURCE_ID,METADATA_ID,NAME,PROP_VALUE,PROP_GROUP) values ('CONTENT_PROV_NEW_EDIT_PUB','CONTENT_PROV_NEW_EDIT',null,'MENU_IS_PUBLIC','true',null);
Insert into IAMUSER.RESOURCE_PROP (RESOURCE_PROP_ID,RESOURCE_ID,METADATA_ID,NAME,PROP_VALUE,PROP_GROUP) values ('CONTENT_PROV_NEW_PUB','CONTENT_PROV_NEW',null,'MENU_IS_PUBLIC','true',null);
Insert into IAMUSER.RESOURCE_PROP (RESOURCE_PROP_ID,RESOURCE_ID,METADATA_ID,NAME,PROP_VALUE,PROP_GROUP) values ('CONTENT_PROV_ROOT_DESC','CONTENT_PROV_ROOT',null,'MENU_DISPLAY_NAME','Content Provider Root Menu',null);
Insert into IAMUSER.RESOURCE_PROP (RESOURCE_PROP_ID,RESOURCE_ID,METADATA_ID,NAME,PROP_VALUE,PROP_GROUP) values ('CONTENT_PROV_ROOT_PUB','CONTENT_PROV_ROOT',null,'MENU_IS_PUBLIC','true',null);
Insert into IAMUSER.RESOURCE_PROP (RESOURCE_PROP_ID,RESOURCE_ID,METADATA_ID,NAME,PROP_VALUE,PROP_GROUP) values ('CONTENT_PROV_SEARCH_CHILD_PUB','CONTENT_PROV_SEARCH_CHILD',null,'MENU_IS_PUBLIC','true',null);
Insert into IAMUSER.RESOURCE_PROP (RESOURCE_PROP_ID,RESOURCE_ID,METADATA_ID,NAME,PROP_VALUE,PROP_GROUP) values ('CONTENT_PROV_SEARCH_CHILD_PUB_DE','CONTENT_PROV_SEARCH_CHILD',null,'MENU_DISPLAY_NAME','Content Providers',null);
Insert into IAMUSER.RESOURCE_PROP (RESOURCE_PROP_ID,RESOURCE_ID,METADATA_ID,NAME,PROP_VALUE,PROP_GROUP) values ('CONTENT_PROV_SEARCH_DESC','CONTENT_PROV_SEARCH',null,'MENU_DISPLAY_NAME','Search Content Providers',null);
Insert into IAMUSER.RESOURCE_PROP (RESOURCE_PROP_ID,RESOURCE_ID,METADATA_ID,NAME,PROP_VALUE,PROP_GROUP) values ('CONTENT_PROV_SEARCH_PUB','CONTENT_PROV_SEARCH',null,'MENU_IS_PUBLIC','true',null);
Insert into IAMUSER.RESOURCE_PROP (RESOURCE_PROP_ID,RESOURCE_ID,METADATA_ID,NAME,PROP_VALUE,PROP_GROUP) values ('CREATEREQ_MENU_DISPLAY','CREATEREQ',null,'MENU_DISPLAY_NAME','Create Request',null);
Insert into IAMUSER.RESOURCE_PROP (RESOURCE_PROP_ID,RESOURCE_ID,METADATA_ID,NAME,PROP_VALUE,PROP_GROUP) values ('CREATEREQ_VISIBLE','CREATEREQ',null,'IS_VISIBLE','false',null);
Insert into IAMUSER.RESOURCE_PROP (RESOURCE_PROP_ID,RESOURCE_ID,METADATA_ID,NAME,PROP_VALUE,PROP_GROUP) values ('CR_RES_DISP_NAME','CREATE_RESOURCE_MENU',null,'MENU_DISPLAY_NAME','Create New Resource',null);
Insert into IAMUSER.RESOURCE_PROP (RESOURCE_PROP_ID,RESOURCE_ID,METADATA_ID,NAME,PROP_VALUE,PROP_GROUP) values ('CR_RES_MENU_PUB','CREATE_RESOURCE_MENU',null,'MENU_IS_PUBLIC','true',null);
Insert into IAMUSER.RESOURCE_PROP (RESOURCE_PROP_ID,RESOURCE_ID,METADATA_ID,NAME,PROP_VALUE,PROP_GROUP) values ('CUSTOM_FIELD_EDIT_DESC','CUSTOM_FIELD_EDIT',null,'MENU_DISPLAY_NAME','Custom Field Edit Menu',null);
Insert into IAMUSER.RESOURCE_PROP (RESOURCE_PROP_ID,RESOURCE_ID,METADATA_ID,NAME,PROP_VALUE,PROP_GROUP) values ('CUSTOM_FIELD_EDIT_NEW_DESC','CUSTOM_FIELD_EDIT_NEW',null,'MENU_DISPLAY_NAME','Create New Custom Field',null);
Insert into IAMUSER.RESOURCE_PROP (RESOURCE_PROP_ID,RESOURCE_ID,METADATA_ID,NAME,PROP_VALUE,PROP_GROUP) values ('CUSTOM_FIELD_EDIT_NEW_PUB','CUSTOM_FIELD_EDIT_NEW',null,'MENU_IS_PUBLIC','true',null);
Insert into IAMUSER.RESOURCE_PROP (RESOURCE_PROP_ID,RESOURCE_ID,METADATA_ID,NAME,PROP_VALUE,PROP_GROUP) values ('CUSTOM_FIELD_EDIT_PUB','CUSTOM_FIELD_EDIT',null,'MENU_IS_PUBLIC','true',null);
Insert into IAMUSER.RESOURCE_PROP (RESOURCE_PROP_ID,RESOURCE_ID,METADATA_ID,NAME,PROP_VALUE,PROP_GROUP) values ('CUSTOM_FIELD_EDIT_SEARCH_DESC','CUSTOM_FIELD_EDIT_SEARCH',null,'MENU_DISPLAY_NAME','Back to Search',null);
Insert into IAMUSER.RESOURCE_PROP (RESOURCE_PROP_ID,RESOURCE_ID,METADATA_ID,NAME,PROP_VALUE,PROP_GROUP) values ('CUSTOM_FIELD_EDIT_SEARCH_PUB','CUSTOM_FIELD_EDIT_SEARCH',null,'MENU_IS_PUBLIC','true',null);
Insert into IAMUSER.RESOURCE_PROP (RESOURCE_PROP_ID,RESOURCE_ID,METADATA_ID,NAME,PROP_VALUE,PROP_GROUP) values ('CUSTOM_FIELD_NEW_DSC','CUSTOM_FIELD_NEW',null,'MENU_DISPLAY_NAME','Create New Custom Field',null);
Insert into IAMUSER.RESOURCE_PROP (RESOURCE_PROP_ID,RESOURCE_ID,METADATA_ID,NAME,PROP_VALUE,PROP_GROUP) values ('CUSTOM_FIELD_NEW_PUB','CUSTOM_FIELD_NEW',null,'MENU_IS_PUBLIC','true',null);
Insert into IAMUSER.RESOURCE_PROP (RESOURCE_PROP_ID,RESOURCE_ID,METADATA_ID,NAME,PROP_VALUE,PROP_GROUP) values ('CUSTOM_FIELD_ROOT_DESC','CUSTOM_FIELD_ROOT',null,'MENU_DISPLAY_NAME','Custom Field Root Menu',null);
Insert into IAMUSER.RESOURCE_PROP (RESOURCE_PROP_ID,RESOURCE_ID,METADATA_ID,NAME,PROP_VALUE,PROP_GROUP) values ('CUSTOM_FIELD_ROOT_PUB','CUSTOM_FIELD_ROOT',null,'MENU_IS_PUBLIC','true',null);
Insert into IAMUSER.RESOURCE_PROP (RESOURCE_PROP_ID,RESOURCE_ID,METADATA_ID,NAME,PROP_VALUE,PROP_GROUP) values ('CUSTOM_FIELD_SEARCH_CHILD_DESC','CUSTOM_FIELD_SEARCH_CHILD',null,'MENU_DISPLAY_NAME','Custom Fields',null);
Insert into IAMUSER.RESOURCE_PROP (RESOURCE_PROP_ID,RESOURCE_ID,METADATA_ID,NAME,PROP_VALUE,PROP_GROUP) values ('CUSTOM_FIELD_SEARCH_CHILD_PUB','CUSTOM_FIELD_SEARCH_CHILD',null,'MENU_IS_PUBLIC','true',null);
Insert into IAMUSER.RESOURCE_PROP (RESOURCE_PROP_ID,RESOURCE_ID,METADATA_ID,NAME,PROP_VALUE,PROP_GROUP) values ('CUSTOM_FIELD_SEARCH_DESC','CUSTOM_FIELD_SEARCH',null,'MENU_DISPLAY_NAME','Search Custom Fields',null);
Insert into IAMUSER.RESOURCE_PROP (RESOURCE_PROP_ID,RESOURCE_ID,METADATA_ID,NAME,PROP_VALUE,PROP_GROUP) values ('CUSTOM_FIELD_SEARCH_PUB','CUSTOM_FIELD_SEARCH',null,'MENU_IS_PUBLIC','true',null);
Insert into IAMUSER.RESOURCE_PROP (RESOURCE_PROP_ID,RESOURCE_ID,METADATA_ID,NAME,PROP_VALUE,PROP_GROUP) values ('DELG_FILTER_MENU_DISPLAY','DELG_FILTER',null,'MENU_DISPLAY_NAME','Delegation Filter',null);
Insert into IAMUSER.RESOURCE_PROP (RESOURCE_PROP_ID,RESOURCE_ID,METADATA_ID,NAME,PROP_VALUE,PROP_GROUP) values ('DIRECTORY_MENU_DISPLAY','DIRECTORY',null,'MENU_DISPLAY_NAME','Directory Lookup',null);
Insert into IAMUSER.RESOURCE_PROP (RESOURCE_PROP_ID,RESOURCE_ID,METADATA_ID,NAME,PROP_VALUE,PROP_GROUP) values ('DIRECTORY_VISIBLE','DIRECTORY',null,'IS_VISIBLE','false',null);
Insert into IAMUSER.RESOURCE_PROP (RESOURCE_PROP_ID,RESOURCE_ID,METADATA_ID,NAME,PROP_VALUE,PROP_GROUP) values ('EDIT_GROUP_DESC','EDIT_GROUP',null,'MENU_DISPLAY_NAME','Edit Group',null);
Insert into IAMUSER.RESOURCE_PROP (RESOURCE_PROP_ID,RESOURCE_ID,METADATA_ID,NAME,PROP_VALUE,PROP_GROUP) values ('EDIT_GROUP_PUB','EDIT_GROUP',null,'MENU_IS_PUBLIC','true',null);
Insert into IAMUSER.RESOURCE_PROP (RESOURCE_PROP_ID,RESOURCE_ID,METADATA_ID,NAME,PROP_VALUE,PROP_GROUP) values ('EDIT_ORG_DESC','EDIT_ORG',null,'MENU_DISPLAY_NAME','Edit Organization',null);
Insert into IAMUSER.RESOURCE_PROP (RESOURCE_PROP_ID,RESOURCE_ID,METADATA_ID,NAME,PROP_VALUE,PROP_GROUP) values ('EDIT_ORG_PUB','EDIT_ORG',null,'MENU_IS_PUBLIC','true',null);
Insert into IAMUSER.RESOURCE_PROP (RESOURCE_PROP_ID,RESOURCE_ID,METADATA_ID,NAME,PROP_VALUE,PROP_GROUP) values ('EDIT_RESOURCE_DIS','EDIT_RESOURCE',null,'MENU_DISPLAY_NAME','Edit Resource',null);
Insert into IAMUSER.RESOURCE_PROP (RESOURCE_PROP_ID,RESOURCE_ID,METADATA_ID,NAME,PROP_VALUE,PROP_GROUP) values ('EDIT_RESOURCE_PUB','EDIT_RESOURCE',null,'MENU_IS_PUBLIC','true',null);
Insert into IAMUSER.RESOURCE_PROP (RESOURCE_PROP_ID,RESOURCE_ID,METADATA_ID,NAME,PROP_VALUE,PROP_GROUP) values ('EDIT_ROLE_DESC','EDIT_ROLE',null,'MENU_DISPLAY_NAME','Edit Role',null);
Insert into IAMUSER.RESOURCE_PROP (RESOURCE_PROP_ID,RESOURCE_ID,METADATA_ID,NAME,PROP_VALUE,PROP_GROUP) values ('EDIT_ROLE_PUB','EDIT_ROLE',null,'MENU_IS_PUBLIC','true',null);
Insert into IAMUSER.RESOURCE_PROP (RESOURCE_PROP_ID,RESOURCE_ID,METADATA_ID,NAME,PROP_VALUE,PROP_GROUP) values ('GROUP_ATTRIBUTES_DESC','GROUP_ATTRIBUTES',null,'MENU_DISPLAY_NAME','Group Attributes',null);
Insert into IAMUSER.RESOURCE_PROP (RESOURCE_PROP_ID,RESOURCE_ID,METADATA_ID,NAME,PROP_VALUE,PROP_GROUP) values ('GROUP_ATTRIBUTES_PUB','GROUP_ATTRIBUTES',null,'MENU_IS_PUBLIC','true',null);
Insert into IAMUSER.RESOURCE_PROP (RESOURCE_PROP_ID,RESOURCE_ID,METADATA_ID,NAME,PROP_VALUE,PROP_GROUP) values ('GROUP_EDIT_MENU_DESC','GROUP_EDIT_MENU',null,'MENU_DISPLAY_NAME','Group Root Edit Menu',null);
Insert into IAMUSER.RESOURCE_PROP (RESOURCE_PROP_ID,RESOURCE_ID,METADATA_ID,NAME,PROP_VALUE,PROP_GROUP) values ('GROUP_EDIT_MENU_PUB','GROUP_EDIT_MENU',null,'MENU_IS_PUBLIC','true',null);
Insert into IAMUSER.RESOURCE_PROP (RESOURCE_PROP_ID,RESOURCE_ID,METADATA_ID,NAME,PROP_VALUE,PROP_GROUP) values ('GROUP_ENTITLEMENTS_DESC','GROUP_ENTITLEMENTS',null,'MENU_DISPLAY_NAME','Group Entitlements',null);
Insert into IAMUSER.RESOURCE_PROP (RESOURCE_PROP_ID,RESOURCE_ID,METADATA_ID,NAME,PROP_VALUE,PROP_GROUP) values ('GROUP_ENTITLEMENTS_PUB','GROUP_ENTITLEMENTS',null,'MENU_IS_PUBLIC','true',null);
Insert into IAMUSER.RESOURCE_PROP (RESOURCE_PROP_ID,RESOURCE_ID,METADATA_ID,NAME,PROP_VALUE,PROP_GROUP) values ('GROUP_MENUS_DESC','GROUP_MENUS',null,'MENU_DISPLAY_NAME','Menus',null);
Insert into IAMUSER.RESOURCE_PROP (RESOURCE_PROP_ID,RESOURCE_ID,METADATA_ID,NAME,PROP_VALUE,PROP_GROUP) values ('GROUP_MENUS_PUB','GROUP_MENUS',null,'MENU_IS_PUBLIC','true',null);
Insert into IAMUSER.RESOURCE_PROP (RESOURCE_PROP_ID,RESOURCE_ID,METADATA_ID,NAME,PROP_VALUE,PROP_GROUP) values ('GROUP_ROOT_MENU_DESC','GROUP_ROOT_MENU',null,'MENU_DISPLAY_NAME','Group Root Menu',null);
Insert into IAMUSER.RESOURCE_PROP (RESOURCE_PROP_ID,RESOURCE_ID,METADATA_ID,NAME,PROP_VALUE,PROP_GROUP) values ('GROUP_ROOT_MENU_PUB','GROUP_ROOT_MENU',null,'MENU_IS_PUBLIC','true',null);
Insert into IAMUSER.RESOURCE_PROP (RESOURCE_PROP_ID,RESOURCE_ID,METADATA_ID,NAME,PROP_VALUE,PROP_GROUP) values ('GROUP_SEARCH_DESC','GROUP_SEARCH',null,'MENU_DISPLAY_NAME','Group Search',null);
Insert into IAMUSER.RESOURCE_PROP (RESOURCE_PROP_ID,RESOURCE_ID,METADATA_ID,NAME,PROP_VALUE,PROP_GROUP) values ('GROUP_SEARCH_PUB','GROUP_SEARCH',null,'MENU_IS_PUBLIC','true',null);
Insert into IAMUSER.RESOURCE_PROP (RESOURCE_PROP_ID,RESOURCE_ID,METADATA_ID,NAME,PROP_VALUE,PROP_GROUP) values ('IDMAN_MENU_DISPLAY','IDMAN',null,'MENU_DISPLAY_NAME','User Admin',null);
Insert into IAMUSER.RESOURCE_PROP (RESOURCE_PROP_ID,RESOURCE_ID,METADATA_ID,NAME,PROP_VALUE,PROP_GROUP) values ('IDMAN_MENU_ICON','IDMAN',null,'MENU_ICON','/openiam-ui-static/images/common/icons/user_manager.png',null);
Insert into IAMUSER.RESOURCE_PROP (RESOURCE_PROP_ID,RESOURCE_ID,METADATA_ID,NAME,PROP_VALUE,PROP_GROUP) values ('IDM_MENU_DISPLAY','IDM',null,'MENU_DISPLAY_NAME','Identity',null);
Insert into IAMUSER.RESOURCE_PROP (RESOURCE_PROP_ID,RESOURCE_ID,METADATA_ID,NAME,PROP_VALUE,PROP_GROUP) values ('IDM_MENU_PUBLIC','IDM',null,'MENU_IS_PUBLIC','true',null);
Insert into IAMUSER.RESOURCE_PROP (RESOURCE_PROP_ID,RESOURCE_ID,METADATA_ID,NAME,PROP_VALUE,PROP_GROUP) values ('IDQUEST_MENU_DISPLAY','IDQUEST',null,'MENU_DISPLAY_NAME','Challenge Response',null);
Insert into IAMUSER.RESOURCE_PROP (RESOURCE_PROP_ID,RESOURCE_ID,METADATA_ID,NAME,PROP_VALUE,PROP_GROUP) values ('LOCATION_MENU_DISPLAY','LOCATION',null,'MENU_DISPLAY_NAME','Location',null);
Insert into IAMUSER.RESOURCE_PROP (RESOURCE_PROP_ID,RESOURCE_ID,METADATA_ID,NAME,PROP_VALUE,PROP_GROUP) values ('LOCATION_VISIBLE','LOCATION',null,'IS_VISIBLE','false',null);
Insert into IAMUSER.RESOURCE_PROP (RESOURCE_PROP_ID,RESOURCE_ID,METADATA_ID,NAME,PROP_VALUE,PROP_GROUP) values ('MANAGEREQ_MENU_DISPLAY','MANAGEREQ',null,'MENU_DISPLAY_NAME','Request History',null);
Insert into IAMUSER.RESOURCE_PROP (RESOURCE_PROP_ID,RESOURCE_ID,METADATA_ID,NAME,PROP_VALUE,PROP_GROUP) values ('MANAGEREQ_VISIBLE','MANAGEREQ',null,'IS_VISIBLE','false',null);
Insert into IAMUSER.RESOURCE_PROP (RESOURCE_PROP_ID,RESOURCE_ID,METADATA_ID,NAME,PROP_VALUE,PROP_GROUP) values ('METADATA_MENU_DISPLAY','METADATA',null,'MENU_DISPLAY_NAME','Metadata',null);
Insert into IAMUSER.RESOURCE_PROP (RESOURCE_PROP_ID,RESOURCE_ID,METADATA_ID,NAME,PROP_VALUE,PROP_GROUP) values ('METADATA_VISIBLE','METADATA',null,'IS_VISIBLE','false',null);
Insert into IAMUSER.RESOURCE_PROP (RESOURCE_PROP_ID,RESOURCE_ID,METADATA_ID,NAME,PROP_VALUE,PROP_GROUP) values ('MNGSYS_DESC','MNGSYS_MENU_ITEM',null,'MENU_DISPLAY_NAME','Managed Systems',null);
Insert into IAMUSER.RESOURCE_PROP (RESOURCE_PROP_ID,RESOURCE_ID,METADATA_ID,NAME,PROP_VALUE,PROP_GROUP) values ('MNGSYS_DSC','MNGSYS_NEW',null,'MENU_DISPLAY_NAME','Create New Managed System',null);
Insert into IAMUSER.RESOURCE_PROP (RESOURCE_PROP_ID,RESOURCE_ID,METADATA_ID,NAME,PROP_VALUE,PROP_GROUP) values ('MNGSYS_MENU_DISPLAY','MNGSYS',null,'MENU_DISPLAY_NAME','Managed Resource',null);
Insert into IAMUSER.RESOURCE_PROP (RESOURCE_PROP_ID,RESOURCE_ID,METADATA_ID,NAME,PROP_VALUE,PROP_GROUP) values ('MNGSYS_NEW_PUB','MNGSYS_NEW',null,'MENU_IS_PUBLIC','true',null);
Insert into IAMUSER.RESOURCE_PROP (RESOURCE_PROP_ID,RESOURCE_ID,METADATA_ID,NAME,PROP_VALUE,PROP_GROUP) values ('MNGSYS_PUB','MNGSYS_MENU_ITEM',null,'MENU_IS_PUBLIC','true',null);
Insert into IAMUSER.RESOURCE_PROP (RESOURCE_PROP_ID,RESOURCE_ID,METADATA_ID,NAME,PROP_VALUE,PROP_GROUP) values ('NEWUSER-NOAPPRV_MENU_DISPLAY','NEWUSER-NOAPPRV',null,'MENU_DISPLAY_NAME','New User-NO Approver',null);
Insert into IAMUSER.RESOURCE_PROP (RESOURCE_PROP_ID,RESOURCE_ID,METADATA_ID,NAME,PROP_VALUE,PROP_GROUP) values ('NEWUSER_MENU_DISPLAY','NEWUSER',null,'MENU_DISPLAY_NAME','New User',null);
Insert into IAMUSER.RESOURCE_PROP (RESOURCE_PROP_ID,RESOURCE_ID,METADATA_ID,NAME,PROP_VALUE,PROP_GROUP) values ('NEWUSER_VISIBLE','NEWUSER',null,'IS_VISIBLE','false',null);
Insert into IAMUSER.RESOURCE_PROP (RESOURCE_PROP_ID,RESOURCE_ID,METADATA_ID,NAME,PROP_VALUE,PROP_GROUP) values ('NEW_GROUP_DESC','NEW_GROUP',null,'MENU_DISPLAY_NAME','Create New Group',null);
Insert into IAMUSER.RESOURCE_PROP (RESOURCE_PROP_ID,RESOURCE_ID,METADATA_ID,NAME,PROP_VALUE,PROP_GROUP) values ('NEW_GROUP_PUB','NEW_GROUP',null,'MENU_IS_PUBLIC','true',null);
Insert into IAMUSER.RESOURCE_PROP (RESOURCE_PROP_ID,RESOURCE_ID,METADATA_ID,NAME,PROP_VALUE,PROP_GROUP) values ('NEW_ORG_DESC','NEW_ORG',null,'MENU_DISPLAY_NAME','Create New Organization',null);
Insert into IAMUSER.RESOURCE_PROP (RESOURCE_PROP_ID,RESOURCE_ID,METADATA_ID,NAME,PROP_VALUE,PROP_GROUP) values ('NEW_ORG_PUB','NEW_ORG',null,'MENU_IS_PUBLIC','true',null);
Insert into IAMUSER.RESOURCE_PROP (RESOURCE_PROP_ID,RESOURCE_ID,METADATA_ID,NAME,PROP_VALUE,PROP_GROUP) values ('NEW_ROLE_DESC','NEW_ROLE',null,'MENU_DISPLAY_NAME','Create New Role',null);
Insert into IAMUSER.RESOURCE_PROP (RESOURCE_PROP_ID,RESOURCE_ID,METADATA_ID,NAME,PROP_VALUE,PROP_GROUP) values ('NEW_ROLE_PUB','NEW_ROLE',null,'MENU_IS_PUBLIC','true',null);
Insert into IAMUSER.RESOURCE_PROP (RESOURCE_PROP_ID,RESOURCE_ID,METADATA_ID,NAME,PROP_VALUE,PROP_GROUP) values ('NEW_USER_DESC','NEW_USER',null,'MENU_DISPLAY_NAME','Create New User',null);
Insert into IAMUSER.RESOURCE_PROP (RESOURCE_PROP_ID,RESOURCE_ID,METADATA_ID,NAME,PROP_VALUE,PROP_GROUP) values ('NEW_USER_PUB','NEW_USER',null,'MENU_IS_PUBLIC','true',null);
Insert into IAMUSER.RESOURCE_PROP (RESOURCE_PROP_ID,RESOURCE_ID,METADATA_ID,NAME,PROP_VALUE,PROP_GROUP) values ('ORGANIZATION_EDIT_ID_DESC','ORGANIZATION_EDIT_ID',null,'MENU_DISPLAY_NAME','Organization Edit Menus',null);
Insert into IAMUSER.RESOURCE_PROP (RESOURCE_PROP_ID,RESOURCE_ID,METADATA_ID,NAME,PROP_VALUE,PROP_GROUP) values ('ORGANIZATION_EDIT_ID_PUB','ORGANIZATION_EDIT_ID',null,'MENU_IS_PUBLIC','true',null);
Insert into IAMUSER.RESOURCE_PROP (RESOURCE_PROP_ID,RESOURCE_ID,METADATA_ID,NAME,PROP_VALUE,PROP_GROUP) values ('ORGANIZATION_ROOT_ID_DESC','ORGANIZATION_ROOT_ID',null,'MENU_DISPLAY_NAME','Organization Root Menus',null);
Insert into IAMUSER.RESOURCE_PROP (RESOURCE_PROP_ID,RESOURCE_ID,METADATA_ID,NAME,PROP_VALUE,PROP_GROUP) values ('ORGANIZATION_ROOT_ID_PUB','ORGANIZATION_ROOT_ID',null,'MENU_IS_PUBLIC','true',null);
Insert into IAMUSER.RESOURCE_PROP (RESOURCE_PROP_ID,RESOURCE_ID,METADATA_ID,NAME,PROP_VALUE,PROP_GROUP) values ('ORG_ATTRIBUTES_DESC','ORG_ATTRIBUTES',null,'MENU_DISPLAY_NAME','Organization Attributes',null);
Insert into IAMUSER.RESOURCE_PROP (RESOURCE_PROP_ID,RESOURCE_ID,METADATA_ID,NAME,PROP_VALUE,PROP_GROUP) values ('ORG_ATTRIBUTES_PUB','ORG_ATTRIBUTES',null,'MENU_IS_PUBLIC','true',null);
Insert into IAMUSER.RESOURCE_PROP (RESOURCE_PROP_ID,RESOURCE_ID,METADATA_ID,NAME,PROP_VALUE,PROP_GROUP) values ('ORG_MEMBERSHIP_DESC','ORG_MEMBERSHIP',null,'MENU_DISPLAY_NAME','Organization Membership',null);
Insert into IAMUSER.RESOURCE_PROP (RESOURCE_PROP_ID,RESOURCE_ID,METADATA_ID,NAME,PROP_VALUE,PROP_GROUP) values ('ORG_MEMBERSHIP_PUB','ORG_MEMBERSHIP',null,'MENU_IS_PUBLIC','true',null);
Insert into IAMUSER.RESOURCE_PROP (RESOURCE_PROP_ID,RESOURCE_ID,METADATA_ID,NAME,PROP_VALUE,PROP_GROUP) values ('ORG_MENU_DISPLAY','ORG',null,'MENU_DISPLAY_NAME','Organization',null);
Insert into IAMUSER.RESOURCE_PROP (RESOURCE_PROP_ID,RESOURCE_ID,METADATA_ID,NAME,PROP_VALUE,PROP_GROUP) values ('ORG_MENU_PUBLIC','ORG',null,'MENU_IS_PUBLIC','true',null);
Insert into IAMUSER.RESOURCE_PROP (RESOURCE_PROP_ID,RESOURCE_ID,METADATA_ID,NAME,PROP_VALUE,PROP_GROUP) values ('ORG_SEARCH_DESC','ORG_SEARCH',null,'MENU_DISPLAY_NAME','Organization Search',null);
Insert into IAMUSER.RESOURCE_PROP (RESOURCE_PROP_ID,RESOURCE_ID,METADATA_ID,NAME,PROP_VALUE,PROP_GROUP) values ('ORG_SEARCH_PUB','ORG_SEARCH',null,'MENU_IS_PUBLIC','true',null);
Insert into IAMUSER.RESOURCE_PROP (RESOURCE_PROP_ID,RESOURCE_ID,METADATA_ID,NAME,PROP_VALUE,PROP_GROUP) values ('PAGE_TEMPLATE_EDIT_DESC','PAGE_TEMPLATE_EDIT',null,'MENU_DISPLAY_NAME','Page Template Edit Menu',null);
Insert into IAMUSER.RESOURCE_PROP (RESOURCE_PROP_ID,RESOURCE_ID,METADATA_ID,NAME,PROP_VALUE,PROP_GROUP) values ('PAGE_TEMPLATE_EDIT_NEW_DESC','PAGE_TEMPLATE_EDIT_NEW',null,'MENU_DISPLAY_NAME','Create New Template',null);
Insert into IAMUSER.RESOURCE_PROP (RESOURCE_PROP_ID,RESOURCE_ID,METADATA_ID,NAME,PROP_VALUE,PROP_GROUP) values ('PAGE_TEMPLATE_EDIT_NEW_PUB','PAGE_TEMPLATE_EDIT_NEW',null,'MENU_IS_PUBLIC','true',null);
Insert into IAMUSER.RESOURCE_PROP (RESOURCE_PROP_ID,RESOURCE_ID,METADATA_ID,NAME,PROP_VALUE,PROP_GROUP) values ('PAGE_TEMPLATE_EDIT_PUB','PAGE_TEMPLATE_EDIT',null,'MENU_IS_PUBLIC','true',null);
Insert into IAMUSER.RESOURCE_PROP (RESOURCE_PROP_ID,RESOURCE_ID,METADATA_ID,NAME,PROP_VALUE,PROP_GROUP) values ('PAGE_TEMPLATE_EDIT_SEARCH_DESC','PAGE_TEMPLATE_EDIT_SEARCH',null,'MENU_DISPLAY_NAME','Back to Search',null);
Insert into IAMUSER.RESOURCE_PROP (RESOURCE_PROP_ID,RESOURCE_ID,METADATA_ID,NAME,PROP_VALUE,PROP_GROUP) values ('PAGE_TEMPLATE_EDIT_SEARCH_PUB','PAGE_TEMPLATE_EDIT_SEARCH',null,'MENU_IS_PUBLIC','true',null);
Insert into IAMUSER.RESOURCE_PROP (RESOURCE_PROP_ID,RESOURCE_ID,METADATA_ID,NAME,PROP_VALUE,PROP_GROUP) values ('PAGE_TEMPLATE_NEW_DSC','PAGE_TEMPLATE_NEW',null,'MENU_DISPLAY_NAME','Create New Template',null);
Insert into IAMUSER.RESOURCE_PROP (RESOURCE_PROP_ID,RESOURCE_ID,METADATA_ID,NAME,PROP_VALUE,PROP_GROUP) values ('PAGE_TEMPLATE_NEW_PUB','PAGE_TEMPLATE_NEW',null,'MENU_IS_PUBLIC','true',null);
Insert into IAMUSER.RESOURCE_PROP (RESOURCE_PROP_ID,RESOURCE_ID,METADATA_ID,NAME,PROP_VALUE,PROP_GROUP) values ('PAGE_TEMPLATE_ROOT_DESC','PAGE_TEMPLATE_ROOT',null,'MENU_DISPLAY_NAME','Page Template Root Menu',null);
Insert into IAMUSER.RESOURCE_PROP (RESOURCE_PROP_ID,RESOURCE_ID,METADATA_ID,NAME,PROP_VALUE,PROP_GROUP) values ('PAGE_TEMPLATE_ROOT_PUB','PAGE_TEMPLATE_ROOT',null,'MENU_IS_PUBLIC','true',null);
Insert into IAMUSER.RESOURCE_PROP (RESOURCE_PROP_ID,RESOURCE_ID,METADATA_ID,NAME,PROP_VALUE,PROP_GROUP) values ('PAGE_TEMPLATE_SEARCH_DESC','PAGE_TEMPLATE_SEARCH',null,'MENU_DISPLAY_NAME','Search Page Templates',null);
Insert into IAMUSER.RESOURCE_PROP (RESOURCE_PROP_ID,RESOURCE_ID,METADATA_ID,NAME,PROP_VALUE,PROP_GROUP) values ('PAGE_TEMPLATE_SEARCH_PUB','PAGE_TEMPLATE_SEARCH',null,'MENU_IS_PUBLIC','true',null);
Insert into IAMUSER.RESOURCE_PROP (RESOURCE_PROP_ID,RESOURCE_ID,METADATA_ID,NAME,PROP_VALUE,PROP_GROUP) values ('PROFILE_MENU_DISPLAY','PROFILE',null,'MENU_DISPLAY_NAME','Edit Your Profile',null);
Insert into IAMUSER.RESOURCE_PROP (RESOURCE_PROP_ID,RESOURCE_ID,METADATA_ID,NAME,PROP_VALUE,PROP_GROUP) values ('PROFILE_VISIBLE','PROFILE',null,'IS_VISIBLE','true',null);
Insert into IAMUSER.RESOURCE_PROP (RESOURCE_PROP_ID,RESOURCE_ID,METADATA_ID,NAME,PROP_VALUE,PROP_GROUP) values ('PROVCONNECT_DESC','PROVCONNECT_MENU_ITEM',null,'MENU_DISPLAY_NAME','Provisioning Connectors',null);
Insert into IAMUSER.RESOURCE_PROP (RESOURCE_PROP_ID,RESOURCE_ID,METADATA_ID,NAME,PROP_VALUE,PROP_GROUP) values ('PROVCONNECT_MENU_DISPLAY','PROVCONNECT',null,'MENU_DISPLAY_NAME','Connectors',null);
Insert into IAMUSER.RESOURCE_PROP (RESOURCE_PROP_ID,RESOURCE_ID,METADATA_ID,NAME,PROP_VALUE,PROP_GROUP) values ('PROVCONNECT_PUB','PROVCONNECT_MENU_ITEM',null,'MENU_IS_PUBLIC','true',null);
Insert into IAMUSER.RESOURCE_PROP (RESOURCE_PROP_ID,RESOURCE_ID,METADATA_ID,NAME,PROP_VALUE,PROP_GROUP) values ('PROVISIONING_MENU_DISPLAY','PROVISIONING',null,'MENU_DISPLAY_NAME','Provisioning',null);
Insert into IAMUSER.RESOURCE_PROP (RESOURCE_PROP_ID,RESOURCE_ID,METADATA_ID,NAME,PROP_VALUE,PROP_GROUP) values ('PROVISIONING_MENU_ICON','PROVISIONING',null,'MENU_ICON','/openiam-ui-static/images/common/icons/menu7.png',null);
Insert into IAMUSER.RESOURCE_PROP (RESOURCE_PROP_ID,RESOURCE_ID,METADATA_ID,NAME,PROP_VALUE,PROP_GROUP) values ('PROV_CONNECTOR_DSC','PROV_CONNECTOR_NEW',null,'MENU_DISPLAY_NAME','Create New Connector',null);
Insert into IAMUSER.RESOURCE_PROP (RESOURCE_PROP_ID,RESOURCE_ID,METADATA_ID,NAME,PROP_VALUE,PROP_GROUP) values ('PROV_CONNECTOR_NEW_PUB','PROV_CONNECTOR_NEW',null,'MENU_IS_PUBLIC','true',null);
Insert into IAMUSER.RESOURCE_PROP (RESOURCE_PROP_ID,RESOURCE_ID,METADATA_ID,NAME,PROP_VALUE,PROP_GROUP) values ('REPORT_MENU_DISPLAY','REPORT',null,'MENU_DISPLAY_NAME','Manage Reports',null);
Insert into IAMUSER.RESOURCE_PROP (RESOURCE_PROP_ID,RESOURCE_ID,METADATA_ID,NAME,PROP_VALUE,PROP_GROUP) values ('REPORT_VISIBLE','REPORT',null,'IS_VISIBLE','false',null);
Insert into IAMUSER.RESOURCE_PROP (RESOURCE_PROP_ID,RESOURCE_ID,METADATA_ID,NAME,PROP_VALUE,PROP_GROUP) values ('REQINBOX_MENU_DISPLAY','REQINBOX',null,'MENU_DISPLAY_NAME','In-Box',null);
Insert into IAMUSER.RESOURCE_PROP (RESOURCE_PROP_ID,RESOURCE_ID,METADATA_ID,NAME,PROP_VALUE,PROP_GROUP) values ('REQINBOX_VISIBLE','REQINBOX',null,'IS_VISIBLE','false',null);
Insert into IAMUSER.RESOURCE_PROP (RESOURCE_PROP_ID,RESOURCE_ID,METADATA_ID,NAME,PROP_VALUE,PROP_GROUP) values ('RESAPPROVER_MENU_DISPLAY','RESAPPROVER',null,'MENU_DISPLAY_NAME','Approval Flow',null);
Insert into IAMUSER.RESOURCE_PROP (RESOURCE_PROP_ID,RESOURCE_ID,METADATA_ID,NAME,PROP_VALUE,PROP_GROUP) values ('RESENTITLEMENT_MENU_DISPLAY','RESENTITLEMENT',null,'MENU_DISPLAY_NAME','Entitlement',null);
Insert into IAMUSER.RESOURCE_PROP (RESOURCE_PROP_ID,RESOURCE_ID,METADATA_ID,NAME,PROP_VALUE,PROP_GROUP) values ('RESOURCE_EDIT_PAGE_ROOT_DIS','RESOURCE_EDIT_PAGE_ROOT',null,'MENU_DISPLAY_NAME','Resource Edit Page Root',null);
Insert into IAMUSER.RESOURCE_PROP (RESOURCE_PROP_ID,RESOURCE_ID,METADATA_ID,NAME,PROP_VALUE,PROP_GROUP) values ('RESOURCE_EDIT_PAGE_ROOT_PUB','RESOURCE_EDIT_PAGE_ROOT',null,'MENU_IS_PUBLIC','true',null);
Insert into IAMUSER.RESOURCE_PROP (RESOURCE_PROP_ID,RESOURCE_ID,METADATA_ID,NAME,PROP_VALUE,PROP_GROUP) values ('RESPOLICYMAP_MENU_DISPLAY','RESPOLICYMAP',null,'MENU_DISPLAY_NAME','Policy Map',null);
Insert into IAMUSER.RESOURCE_PROP (RESOURCE_PROP_ID,RESOURCE_ID,METADATA_ID,NAME,PROP_VALUE,PROP_GROUP) values ('RESRECONCILE_MENU_DISPLAY','RESRECONCILE',null,'MENU_DISPLAY_NAME','Reconciliation',null);
Insert into IAMUSER.RESOURCE_PROP (RESOURCE_PROP_ID,RESOURCE_ID,METADATA_ID,NAME,PROP_VALUE,PROP_GROUP) values ('RESSUMMARY_MENU_DISPLAY','RESSUMMARY',null,'MENU_DISPLAY_NAME','Resource Details',null);
Insert into IAMUSER.RESOURCE_PROP (RESOURCE_PROP_ID,RESOURCE_ID,METADATA_ID,NAME,PROP_VALUE,PROP_GROUP) values ('RES_ATTR_PAGE_DIS','RES_ATTR_PAGE',null,'MENU_DISPLAY_NAME','Attributes and Patterns',null);
Insert into IAMUSER.RESOURCE_PROP (RESOURCE_PROP_ID,RESOURCE_ID,METADATA_ID,NAME,PROP_VALUE,PROP_GROUP) values ('RES_ATTR_PAGE_PUB','RES_ATTR_PAGE',null,'MENU_IS_PUBLIC','true',null);
Insert into IAMUSER.RESOURCE_PROP (RESOURCE_PROP_ID,RESOURCE_ID,METADATA_ID,NAME,PROP_VALUE,PROP_GROUP) values ('RES_ENT_SUB_DIS','RES_ENT_SUB',null,'MENU_DISPLAY_NAME','Entitlements',null);
Insert into IAMUSER.RESOURCE_PROP (RESOURCE_PROP_ID,RESOURCE_ID,METADATA_ID,NAME,PROP_VALUE,PROP_GROUP) values ('RES_ENT_SUB_PUB','RES_ENT_SUB',null,'MENU_IS_PUBLIC','true',null);
Insert into IAMUSER.RESOURCE_PROP (RESOURCE_PROP_ID,RESOURCE_ID,METADATA_ID,NAME,PROP_VALUE,PROP_GROUP) values ('ROLE_ATTRIBUTES_DESC','ROLE_ATTRIBUTES',null,'MENU_DISPLAY_NAME','Role Attributes',null);
Insert into IAMUSER.RESOURCE_PROP (RESOURCE_PROP_ID,RESOURCE_ID,METADATA_ID,NAME,PROP_VALUE,PROP_GROUP) values ('ROLE_ATTRIBUTES_PUB','ROLE_ATTRIBUTES',null,'MENU_IS_PUBLIC','true',null);
Insert into IAMUSER.RESOURCE_PROP (RESOURCE_PROP_ID,RESOURCE_ID,METADATA_ID,NAME,PROP_VALUE,PROP_GROUP) values ('ROLE_EDIT_MENU_DESC','ROLE_EDIT_MENU',null,'MENU_DISPLAY_NAME','Role Root Edit Menu',null);
Insert into IAMUSER.RESOURCE_PROP (RESOURCE_PROP_ID,RESOURCE_ID,METADATA_ID,NAME,PROP_VALUE,PROP_GROUP) values ('ROLE_EDIT_MENU_PUB','ROLE_EDIT_MENU',null,'MENU_IS_PUBLIC','true',null);
Insert into IAMUSER.RESOURCE_PROP (RESOURCE_PROP_ID,RESOURCE_ID,METADATA_ID,NAME,PROP_VALUE,PROP_GROUP) values ('ROLE_ENTITLEMENTS_DESC','ROLE_ENTITLEMENTS',null,'MENU_DISPLAY_NAME','Role Entitlements',null);
Insert into IAMUSER.RESOURCE_PROP (RESOURCE_PROP_ID,RESOURCE_ID,METADATA_ID,NAME,PROP_VALUE,PROP_GROUP) values ('ROLE_ENTITLEMENTS_PUB','ROLE_ENTITLEMENTS',null,'MENU_IS_PUBLIC','true',null);
Insert into IAMUSER.RESOURCE_PROP (RESOURCE_PROP_ID,RESOURCE_ID,METADATA_ID,NAME,PROP_VALUE,PROP_GROUP) values ('ROLE_MENUS_DESC','ROLE_MENUS',null,'MENU_DISPLAY_NAME','Menus',null);
Insert into IAMUSER.RESOURCE_PROP (RESOURCE_PROP_ID,RESOURCE_ID,METADATA_ID,NAME,PROP_VALUE,PROP_GROUP) values ('ROLE_MENUS_PUB','ROLE_MENUS',null,'MENU_IS_PUBLIC','true',null);
Insert into IAMUSER.RESOURCE_PROP (RESOURCE_PROP_ID,RESOURCE_ID,METADATA_ID,NAME,PROP_VALUE,PROP_GROUP) values ('ROLE_ROOT_MENU_DESC','ROLE_ROOT_MENU',null,'MENU_DISPLAY_NAME','Role Root Menu',null);
Insert into IAMUSER.RESOURCE_PROP (RESOURCE_PROP_ID,RESOURCE_ID,METADATA_ID,NAME,PROP_VALUE,PROP_GROUP) values ('ROLE_ROOT_MENU_PUB','ROLE_ROOT_MENU',null,'MENU_IS_PUBLIC','true',null);
Insert into IAMUSER.RESOURCE_PROP (RESOURCE_PROP_ID,RESOURCE_ID,METADATA_ID,NAME,PROP_VALUE,PROP_GROUP) values ('ROLE_SEARCH_DESC','ROLE_SEARCH',null,'MENU_DISPLAY_NAME','Role Search',null);
Insert into IAMUSER.RESOURCE_PROP (RESOURCE_PROP_ID,RESOURCE_ID,METADATA_ID,NAME,PROP_VALUE,PROP_GROUP) values ('ROLE_SEARCH_PUB','ROLE_SEARCH',null,'MENU_IS_PUBLIC','true',null);
Insert into IAMUSER.RESOURCE_PROP (RESOURCE_PROP_ID,RESOURCE_ID,METADATA_ID,NAME,PROP_VALUE,PROP_GROUP) values ('SECDOMAIN_MENU_DISPLAY','SECDOMAIN',null,'MENU_DISPLAY_NAME','Security Domain',null);
Insert into IAMUSER.RESOURCE_PROP (RESOURCE_PROP_ID,RESOURCE_ID,METADATA_ID,NAME,PROP_VALUE,PROP_GROUP) values ('SECDOMAIN_VISIBLE','SECDOMAIN',null,'IS_VISIBLE','false',null);
Insert into IAMUSER.RESOURCE_PROP (RESOURCE_PROP_ID,RESOURCE_ID,METADATA_ID,NAME,PROP_VALUE,PROP_GROUP) values ('SECURITY_GROUP_MENU_DISPLAY','SECURITY_GROUP',null,'MENU_DISPLAY_NAME','Group',null);
Insert into IAMUSER.RESOURCE_PROP (RESOURCE_PROP_ID,RESOURCE_ID,METADATA_ID,NAME,PROP_VALUE,PROP_GROUP) values ('SECURITY_GROUP_PUB','SECURITY_GROUP',null,'MENU_IS_PUBLIC','true',null);
Insert into IAMUSER.RESOURCE_PROP (RESOURCE_PROP_ID,RESOURCE_ID,METADATA_ID,NAME,PROP_VALUE,PROP_GROUP) values ('SECURITY_POLICY_MENU_DISPLAY','SECURITY_POLICY',null,'MENU_DISPLAY_NAME','Policy',null);
Insert into IAMUSER.RESOURCE_PROP (RESOURCE_PROP_ID,RESOURCE_ID,METADATA_ID,NAME,PROP_VALUE,PROP_GROUP) values ('SECURITY_POLICY_MENU_ICON','SECURITY_POLICY',null,'MENU_ICON','/openiam-ui-static/images/common/icons/sso.png',null);
Insert into IAMUSER.RESOURCE_PROP (RESOURCE_PROP_ID,RESOURCE_ID,METADATA_ID,NAME,PROP_VALUE,PROP_GROUP) values ('SECURITY_RES_MENU_DISPLAY','SECURITY_RES',null,'MENU_DISPLAY_NAME','Resource',null);
Insert into IAMUSER.RESOURCE_PROP (RESOURCE_PROP_ID,RESOURCE_ID,METADATA_ID,NAME,PROP_VALUE,PROP_GROUP) values ('SECURITY_ROLE_MENU_DISPLAY','SECURITY_ROLE',null,'MENU_DISPLAY_NAME','Role',null);
Insert into IAMUSER.RESOURCE_PROP (RESOURCE_PROP_ID,RESOURCE_ID,METADATA_ID,NAME,PROP_VALUE,PROP_GROUP) values ('SECURITY_ROLE_MENU_PUBLIC','SECURITY_ROLE',null,'MENU_IS_PUBLIC','true',null);
Insert into IAMUSER.RESOURCE_PROP (RESOURCE_PROP_ID,RESOURCE_ID,METADATA_ID,NAME,PROP_VALUE,PROP_GROUP) values ('SELFCENTER_MENU_DISPLAY','SELFCENTER',null,'MENU_DISPLAY_NAME','Self Service Center',null);
Insert into IAMUSER.RESOURCE_PROP (RESOURCE_PROP_ID,RESOURCE_ID,METADATA_ID,NAME,PROP_VALUE,PROP_GROUP) values ('SELFCENTER_MENU_ICON','SELFCENTER',null,'MENU_ICON','/openiam-ui-static/images/common/icons/user_manager.png',null);
Insert into IAMUSER.RESOURCE_PROP (RESOURCE_PROP_ID,RESOURCE_ID,METADATA_ID,NAME,PROP_VALUE,PROP_GROUP) values ('SELFSERVICE_MENU_DISPLAY','SELFSERVICE',null,'MENU_DISPLAY_NAME','SELF SERVICE',null);
Insert into IAMUSER.RESOURCE_PROP (RESOURCE_PROP_ID,RESOURCE_ID,METADATA_ID,NAME,PROP_VALUE,PROP_GROUP) values ('SELFSERVICE_MENU_PUBLIC','SELFSERVICE',null,'MENU_IS_PUBLIC','true',null);
Insert into IAMUSER.RESOURCE_PROP (RESOURCE_PROP_ID,RESOURCE_ID,METADATA_ID,NAME,PROP_VALUE,PROP_GROUP) values ('SELFSERVICE_MYAPPS_DESC','SELFSERVICE_MYAPPS',null,'MENU_DISPLAY_NAME','My Applications',null);
Insert into IAMUSER.RESOURCE_PROP (RESOURCE_PROP_ID,RESOURCE_ID,METADATA_ID,NAME,PROP_VALUE,PROP_GROUP) values ('SELFSERVICE_MYAPPS_MENU_ICON','SELFSERVICE_MYAPPS',null,'MENU_ICON','/openiam-ui-static/images/common/icons/sso.png',null);
Insert into IAMUSER.RESOURCE_PROP (RESOURCE_PROP_ID,RESOURCE_ID,METADATA_ID,NAME,PROP_VALUE,PROP_GROUP) values ('SELFSERVICE_MYAPPS_PUB','SELFSERVICE_MYAPPS',null,'MENU_IS_PUBLIC','true',null);
Insert into IAMUSER.RESOURCE_PROP (RESOURCE_PROP_ID,RESOURCE_ID,METADATA_ID,NAME,PROP_VALUE,PROP_GROUP) values ('SELFSERVICE_MYINFO_DESC','SELFSERVICE_MYINFO',null,'MENU_DISPLAY_NAME','My Info',null);
Insert into IAMUSER.RESOURCE_PROP (RESOURCE_PROP_ID,RESOURCE_ID,METADATA_ID,NAME,PROP_VALUE,PROP_GROUP) values ('SELFSERVICE_MYINFO_MENU_ICON','SELFSERVICE_MYINFO',null,'MENU_ICON','/openiam-ui-static/images/common/icons/menu7.png',null);
Insert into IAMUSER.RESOURCE_PROP (RESOURCE_PROP_ID,RESOURCE_ID,METADATA_ID,NAME,PROP_VALUE,PROP_GROUP) values ('SELFSERVICE_MYINFO_PUB','SELFSERVICE_MYINFO',null,'MENU_IS_PUBLIC','true',null);
Insert into IAMUSER.RESOURCE_PROP (RESOURCE_PROP_ID,RESOURCE_ID,METADATA_ID,NAME,PROP_VALUE,PROP_GROUP) values ('SELF_LOGIN_LIST_DESC','SELF_LOGIN_LIST',null,'MENU_DISPLAY_NAME','My Identities',null);
Insert into IAMUSER.RESOURCE_PROP (RESOURCE_PROP_ID,RESOURCE_ID,METADATA_ID,NAME,PROP_VALUE,PROP_GROUP) values ('SELF_LOGIN_LIST_PUB','SELF_LOGIN_LIST',null,'MENU_IS_PUBLIC','true',null);
Insert into IAMUSER.RESOURCE_PROP (RESOURCE_PROP_ID,RESOURCE_ID,METADATA_ID,NAME,PROP_VALUE,PROP_GROUP) values ('SELF_LOGIN_NEW_DESC','SELF_LOGIN_NEW',null,'MENU_DISPLAY_NAME','New Login',null);
Insert into IAMUSER.RESOURCE_PROP (RESOURCE_PROP_ID,RESOURCE_ID,METADATA_ID,NAME,PROP_VALUE,PROP_GROUP) values ('SELF_LOGIN_NEW_PUB','SELF_LOGIN_NEW',null,'MENU_IS_PUBLIC','true',null);
Insert into IAMUSER.RESOURCE_PROP (RESOURCE_PROP_ID,RESOURCE_ID,METADATA_ID,NAME,PROP_VALUE,PROP_GROUP) values ('SELF_LOGIN_ROOT_DESC','SELF_LOGIN_ROOT',null,'MENU_DISPLAY_NAME','SelfService Login Root',null);
Insert into IAMUSER.RESOURCE_PROP (RESOURCE_PROP_ID,RESOURCE_ID,METADATA_ID,NAME,PROP_VALUE,PROP_GROUP) values ('SELF_LOGIN_ROOT_PUB','SELF_LOGIN_ROOT',null,'MENU_IS_PUBLIC','true',null);
Insert into IAMUSER.RESOURCE_PROP (RESOURCE_PROP_ID,RESOURCE_ID,METADATA_ID,NAME,PROP_VALUE,PROP_GROUP) values ('SELF_QUERYUSER_MENU_DISPLAY','SELF_QUERYUSER',null,'MENU_DISPLAY_NAME','Manage User',null);
Insert into IAMUSER.RESOURCE_PROP (RESOURCE_PROP_ID,RESOURCE_ID,METADATA_ID,NAME,PROP_VALUE,PROP_GROUP) values ('SELF_USERIDENTITY_MENU_DISPLAY','SELF_USERIDENTITY',null,'MENU_DISPLAY_NAME','Identities',null);
Insert into IAMUSER.RESOURCE_PROP (RESOURCE_PROP_ID,RESOURCE_ID,METADATA_ID,NAME,PROP_VALUE,PROP_GROUP) values ('SELF_USERIDENTITY_VISIBLE','SELF_USERIDENTITY',null,'IS_VISIBLE','true',null);
Insert into IAMUSER.RESOURCE_PROP (RESOURCE_PROP_ID,RESOURCE_ID,METADATA_ID,NAME,PROP_VALUE,PROP_GROUP) values ('SYNCDETAIL_MENU_DISPLAY','SYNCDETAIL',null,'MENU_DISPLAY_NAME','Configuration',null);
Insert into IAMUSER.RESOURCE_PROP (RESOURCE_PROP_ID,RESOURCE_ID,METADATA_ID,NAME,PROP_VALUE,PROP_GROUP) values ('SYNCLOG_MENU_DISPLAY','SYNCLOG',null,'MENU_DISPLAY_NAME','LOG Viewer',null);
Insert into IAMUSER.RESOURCE_PROP (RESOURCE_PROP_ID,RESOURCE_ID,METADATA_ID,NAME,PROP_VALUE,PROP_GROUP) values ('SYNCUSER_MENU_DISPLAY','SYNCUSER',null,'MENU_DISPLAY_NAME','Sychronization',null);
Insert into IAMUSER.RESOURCE_PROP (RESOURCE_PROP_ID,RESOURCE_ID,METADATA_ID,NAME,PROP_VALUE,PROP_GROUP) values ('TEMPLATE_SEARCH_CHILD_DESC','TEMPLATE_SEARCH_CHILD',null,'MENU_DISPLAY_NAME','Page Template',null);
Insert into IAMUSER.RESOURCE_PROP (RESOURCE_PROP_ID,RESOURCE_ID,METADATA_ID,NAME,PROP_VALUE,PROP_GROUP) values ('TEMPLATE_SEARCH_CHILD_PUB','TEMPLATE_SEARCH_CHILD',null,'MENU_IS_PUBLIC','true',null);
Insert into IAMUSER.RESOURCE_PROP (RESOURCE_PROP_ID,RESOURCE_ID,METADATA_ID,NAME,PROP_VALUE,PROP_GROUP) values ('URI_META_BACK_DESC','URI_META_BACK',null,'MENU_DISPLAY_NAME','Back To Pattern',null);
Insert into IAMUSER.RESOURCE_PROP (RESOURCE_PROP_ID,RESOURCE_ID,METADATA_ID,NAME,PROP_VALUE,PROP_GROUP) values ('URI_META_BACK_PUB','URI_META_BACK',null,'MENU_IS_PUBLIC','true',null);
Insert into IAMUSER.RESOURCE_PROP (RESOURCE_PROP_ID,RESOURCE_ID,METADATA_ID,NAME,PROP_VALUE,PROP_GROUP) values ('URI_META_EDIT_DESC','URI_META_EDIT',null,'MENU_DISPLAY_NAME','URI Meta Root Item',null);
Insert into IAMUSER.RESOURCE_PROP (RESOURCE_PROP_ID,RESOURCE_ID,METADATA_ID,NAME,PROP_VALUE,PROP_GROUP) values ('URI_META_EDIT_PUB','URI_META_EDIT',null,'MENU_IS_PUBLIC','true',null);
Insert into IAMUSER.RESOURCE_PROP (RESOURCE_PROP_ID,RESOURCE_ID,METADATA_ID,NAME,PROP_VALUE,PROP_GROUP) values ('URI_PATTERN_EDIT_DESC','URI_PATTERN_EDIT',null,'MENU_DISPLAY_NAME','URI Pattern Edit Menu',null);
Insert into IAMUSER.RESOURCE_PROP (RESOURCE_PROP_ID,RESOURCE_ID,METADATA_ID,NAME,PROP_VALUE,PROP_GROUP) values ('URI_PATTERN_EDIT_NEW_PATTERN_DES','URI_PATTERN_EDIT_NEW_PATTERN',null,'MENU_DISPLAY_NAME','Create URI Pattern',null);
Insert into IAMUSER.RESOURCE_PROP (RESOURCE_PROP_ID,RESOURCE_ID,METADATA_ID,NAME,PROP_VALUE,PROP_GROUP) values ('URI_PATTERN_EDIT_NEW_PATTERN_PUB','URI_PATTERN_EDIT_NEW_PATTERN',null,'MENU_IS_PUBLIC','true',null);
Insert into IAMUSER.RESOURCE_PROP (RESOURCE_PROP_ID,RESOURCE_ID,METADATA_ID,NAME,PROP_VALUE,PROP_GROUP) values ('URI_PATTERN_EDIT_PATTERN_DESC','URI_PATTERN_EDIT_PATTERN',null,'MENU_DISPLAY_NAME','Edit URI Pattern',null);
Insert into IAMUSER.RESOURCE_PROP (RESOURCE_PROP_ID,RESOURCE_ID,METADATA_ID,NAME,PROP_VALUE,PROP_GROUP) values ('URI_PATTERN_EDIT_PATTERN_PUB','URI_PATTERN_EDIT_PATTERN',null,'MENU_IS_PUBLIC','true',null);
Insert into IAMUSER.RESOURCE_PROP (RESOURCE_PROP_ID,RESOURCE_ID,METADATA_ID,NAME,PROP_VALUE,PROP_GROUP) values ('URI_PATTERN_EDIT_PUB','URI_PATTERN_EDIT',null,'MENU_IS_PUBLIC','true',null);
Insert into IAMUSER.RESOURCE_PROP (RESOURCE_PROP_ID,RESOURCE_ID,METADATA_ID,NAME,PROP_VALUE,PROP_GROUP) values ('URI_PATTERN_EDT_PROV_SEARCH_DESC','URI_PATTERN_EDT_PROV_SEARCH',null,'MENU_DISPLAY_NAME','Content Provider Search',null);
Insert into IAMUSER.RESOURCE_PROP (RESOURCE_PROP_ID,RESOURCE_ID,METADATA_ID,NAME,PROP_VALUE,PROP_GROUP) values ('URI_PATTERN_EDT_PROV_SEARCH_PUB','URI_PATTERN_EDT_PROV_SEARCH',null,'MENU_IS_PUBLIC','true',null);
Insert into IAMUSER.RESOURCE_PROP (RESOURCE_PROP_ID,RESOURCE_ID,METADATA_ID,NAME,PROP_VALUE,PROP_GROUP) values ('USER_ATTRIBUTES_DESC','USER_ATTRIBUTES',null,'MENU_DISPLAY_NAME','User Attributes',null);
Insert into IAMUSER.RESOURCE_PROP (RESOURCE_PROP_ID,RESOURCE_ID,METADATA_ID,NAME,PROP_VALUE,PROP_GROUP) values ('USER_ATTRIBUTES_PUB','USER_ATTRIBUTES',null,'MENU_IS_PUBLIC','true',null);
Insert into IAMUSER.RESOURCE_PROP (RESOURCE_PROP_ID,RESOURCE_ID,METADATA_ID,NAME,PROP_VALUE,PROP_GROUP) values ('USER_BULK_MENU_DISPLAY','USER_BULK',null,'MENU_DISPLAY_NAME','User Bulk Ops',null);
Insert into IAMUSER.RESOURCE_PROP (RESOURCE_PROP_ID,RESOURCE_ID,METADATA_ID,NAME,PROP_VALUE,PROP_GROUP) values ('USER_BULK_VISIBLE','USER_BULK',null,'IS_VISIBLE','false',null);
Insert into IAMUSER.RESOURCE_PROP (RESOURCE_PROP_ID,RESOURCE_ID,METADATA_ID,NAME,PROP_VALUE,PROP_GROUP) values ('USER_DELEGATION_DESC','USER_DELEGATION',null,'MENU_DISPLAY_NAME','User Delegation Filter',null);
Insert into IAMUSER.RESOURCE_PROP (RESOURCE_PROP_ID,RESOURCE_ID,METADATA_ID,NAME,PROP_VALUE,PROP_GROUP) values ('USER_DELEGATION_PUB','USER_DELEGATION',null,'MENU_IS_PUBLIC','true',null);
Insert into IAMUSER.RESOURCE_PROP (RESOURCE_PROP_ID,RESOURCE_ID,METADATA_ID,NAME,PROP_VALUE,PROP_GROUP) values ('USER_EDIT_CONTACT_INFO_DESC','USER_EDIT_CONTACT_INFO',null,'MENU_DISPLAY_NAME','Contact Info',null);
Insert into IAMUSER.RESOURCE_PROP (RESOURCE_PROP_ID,RESOURCE_ID,METADATA_ID,NAME,PROP_VALUE,PROP_GROUP) values ('USER_EDIT_CONTACT_INFO_PUB','USER_EDIT_CONTACT_INFO',null,'MENU_IS_PUBLIC','true',null);
Insert into IAMUSER.RESOURCE_PROP (RESOURCE_PROP_ID,RESOURCE_ID,METADATA_ID,NAME,PROP_VALUE,PROP_GROUP) values ('USER_EDIT_INFO_DESC','USER_EDIT_INFO',null,'MENU_DISPLAY_NAME','User Info',null);
Insert into IAMUSER.RESOURCE_PROP (RESOURCE_PROP_ID,RESOURCE_ID,METADATA_ID,NAME,PROP_VALUE,PROP_GROUP) values ('USER_EDIT_INFO_PUB','USER_EDIT_INFO',null,'MENU_IS_PUBLIC','true',null);
Insert into IAMUSER.RESOURCE_PROP (RESOURCE_PROP_ID,RESOURCE_ID,METADATA_ID,NAME,PROP_VALUE,PROP_GROUP) values ('USER_EDIT_MENU_DESC','USER_EDIT_MENU',null,'MENU_DISPLAY_NAME','User Root Edit Menu',null);
Insert into IAMUSER.RESOURCE_PROP (RESOURCE_PROP_ID,RESOURCE_ID,METADATA_ID,NAME,PROP_VALUE,PROP_GROUP) values ('USER_EDIT_MENU_PUB','USER_EDIT_MENU',null,'MENU_IS_PUBLIC','true',null);
Insert into IAMUSER.RESOURCE_PROP (RESOURCE_PROP_ID,RESOURCE_ID,METADATA_ID,NAME,PROP_VALUE,PROP_GROUP) values ('USER_ENTITLEMENTS_DESC','USER_ENTITLEMENTS',null,'MENU_DISPLAY_NAME','User Entitlements',null);
Insert into IAMUSER.RESOURCE_PROP (RESOURCE_PROP_ID,RESOURCE_ID,METADATA_ID,NAME,PROP_VALUE,PROP_GROUP) values ('USER_ENTITLEMENTS_PUB','USER_ENTITLEMENTS',null,'MENU_IS_PUBLIC','true',null);
Insert into IAMUSER.RESOURCE_PROP (RESOURCE_PROP_ID,RESOURCE_ID,METADATA_ID,NAME,PROP_VALUE,PROP_GROUP) values ('USER_HISTORY_DESC','USER_HISTORY',null,'MENU_DISPLAY_NAME','User History',null);
Insert into IAMUSER.RESOURCE_PROP (RESOURCE_PROP_ID,RESOURCE_ID,METADATA_ID,NAME,PROP_VALUE,PROP_GROUP) values ('USER_HISTORY_PUB','USER_HISTORY',null,'MENU_IS_PUBLIC','true',null);
Insert into IAMUSER.RESOURCE_PROP (RESOURCE_PROP_ID,RESOURCE_ID,METADATA_ID,NAME,PROP_VALUE,PROP_GROUP) values ('USER_IDENTITY_DESC','USER_IDENTITY',null,'MENU_DISPLAY_NAME','User Identities',null);
Insert into IAMUSER.RESOURCE_PROP (RESOURCE_PROP_ID,RESOURCE_ID,METADATA_ID,NAME,PROP_VALUE,PROP_GROUP) values ('USER_IDENTITY_PUB','USER_IDENTITY',null,'MENU_IS_PUBLIC','true',null);
Insert into IAMUSER.RESOURCE_PROP (RESOURCE_PROP_ID,RESOURCE_ID,METADATA_ID,NAME,PROP_VALUE,PROP_GROUP) values ('USER_MENUS_DESC','USER_MENUS',null,'MENU_DISPLAY_NAME','Menus',null);
Insert into IAMUSER.RESOURCE_PROP (RESOURCE_PROP_ID,RESOURCE_ID,METADATA_ID,NAME,PROP_VALUE,PROP_GROUP) values ('USER_MENUS_PUB','USER_MENUS',null,'MENU_IS_PUBLIC','true',null);
Insert into IAMUSER.RESOURCE_PROP (RESOURCE_PROP_ID,RESOURCE_ID,METADATA_ID,NAME,PROP_VALUE,PROP_GROUP) values ('USER_MENU_DESC','USER',null,'MENU_DISPLAY_NAME','User',null);
Insert into IAMUSER.RESOURCE_PROP (RESOURCE_PROP_ID,RESOURCE_ID,METADATA_ID,NAME,PROP_VALUE,PROP_GROUP) values ('USER_MENU_PUB','USER',null,'MENU_IS_PUBLIC','true',null);
Insert into IAMUSER.RESOURCE_PROP (RESOURCE_PROP_ID,RESOURCE_ID,METADATA_ID,NAME,PROP_VALUE,PROP_GROUP) values ('USER_RESET_PASSWORD_DESC','USER_RESET_PASSWORD',null,'MENU_DISPLAY_NAME','Reset Password',null);
Insert into IAMUSER.RESOURCE_PROP (RESOURCE_PROP_ID,RESOURCE_ID,METADATA_ID,NAME,PROP_VALUE,PROP_GROUP) values ('USER_RESET_PASSWORD_PUB','USER_RESET_PASSWORD',null,'MENU_IS_PUBLIC','true',null);
Insert into IAMUSER.RESOURCE_PROP (RESOURCE_PROP_ID,RESOURCE_ID,METADATA_ID,NAME,PROP_VALUE,PROP_GROUP) values ('USER_ROOT_MENU_DESC','USER_ROOT_MENU',null,'MENU_DISPLAY_NAME','User Root Menu',null);
Insert into IAMUSER.RESOURCE_PROP (RESOURCE_PROP_ID,RESOURCE_ID,METADATA_ID,NAME,PROP_VALUE,PROP_GROUP) values ('USER_ROOT_MENU_PUB','USER_ROOT_MENU',null,'MENU_IS_PUBLIC','true',null);
Insert into IAMUSER.RESOURCE_PROP (RESOURCE_PROP_ID,RESOURCE_ID,METADATA_ID,NAME,PROP_VALUE,PROP_GROUP) values ('USER_SEARCH_DESC','USER_SEARCH',null,'MENU_DISPLAY_NAME','User Search',null);
Insert into IAMUSER.RESOURCE_PROP (RESOURCE_PROP_ID,RESOURCE_ID,METADATA_ID,NAME,PROP_VALUE,PROP_GROUP) values ('USER_SEARCH_PUB','USER_SEARCH',null,'MENU_IS_PUBLIC','true',null);

Insert into IAMUSER.RESOURCE_ROLE (RESOURCE_ID,START_DATE,END_DATE,ROLE_ID) values ('ACCESSCENTER',null,null,'2');
Insert into IAMUSER.RESOURCE_ROLE (RESOURCE_ID,START_DATE,END_DATE,ROLE_ID) values ('ACCESSCENTER',null,null,'4');
Insert into IAMUSER.RESOURCE_ROLE (RESOURCE_ID,START_DATE,END_DATE,ROLE_ID) values ('ACC_CONTROL',null,null,'9');
Insert into IAMUSER.RESOURCE_ROLE (RESOURCE_ID,START_DATE,END_DATE,ROLE_ID) values ('ADMIN',null,null,'9');
Insert into IAMUSER.RESOURCE_ROLE (RESOURCE_ID,START_DATE,END_DATE,ROLE_ID) values ('BATCH_PROC',null,null,'9');
Insert into IAMUSER.RESOURCE_ROLE (RESOURCE_ID,START_DATE,END_DATE,ROLE_ID) values ('CHALLENGE',null,null,'9');
Insert into IAMUSER.RESOURCE_ROLE (RESOURCE_ID,START_DATE,END_DATE,ROLE_ID) values ('CHNGPSWD',null,null,'1');
Insert into IAMUSER.RESOURCE_ROLE (RESOURCE_ID,START_DATE,END_DATE,ROLE_ID) values ('CHNGPSWD',null,null,'2');
Insert into IAMUSER.RESOURCE_ROLE (RESOURCE_ID,START_DATE,END_DATE,ROLE_ID) values ('CREATEREQ',null,null,'4');
Insert into IAMUSER.RESOURCE_ROLE (RESOURCE_ID,START_DATE,END_DATE,ROLE_ID) values ('DELG_FILTER',null,null,'9');
Insert into IAMUSER.RESOURCE_ROLE (RESOURCE_ID,START_DATE,END_DATE,ROLE_ID) values ('DIRECTORY',null,null,'1');
Insert into IAMUSER.RESOURCE_ROLE (RESOURCE_ID,START_DATE,END_DATE,ROLE_ID) values ('DIRECTORY',null,null,'2');
Insert into IAMUSER.RESOURCE_ROLE (RESOURCE_ID,START_DATE,END_DATE,ROLE_ID) values ('IDMAN',null,null,'9');
Insert into IAMUSER.RESOURCE_ROLE (RESOURCE_ID,START_DATE,END_DATE,ROLE_ID) values ('IDQUEST',null,null,'1');
Insert into IAMUSER.RESOURCE_ROLE (RESOURCE_ID,START_DATE,END_DATE,ROLE_ID) values ('IDQUEST',null,null,'2');
Insert into IAMUSER.RESOURCE_ROLE (RESOURCE_ID,START_DATE,END_DATE,ROLE_ID) values ('LOCATION',null,null,'9');
Insert into IAMUSER.RESOURCE_ROLE (RESOURCE_ID,START_DATE,END_DATE,ROLE_ID) values ('MANAGEREQ',null,null,'4');
Insert into IAMUSER.RESOURCE_ROLE (RESOURCE_ID,START_DATE,END_DATE,ROLE_ID) values ('METADATA',null,null,'9');
Insert into IAMUSER.RESOURCE_ROLE (RESOURCE_ID,START_DATE,END_DATE,ROLE_ID) values ('MNGSYS',null,null,'9');
Insert into IAMUSER.RESOURCE_ROLE (RESOURCE_ID,START_DATE,END_DATE,ROLE_ID) values ('NEWUSER',null,null,'4');
Insert into IAMUSER.RESOURCE_ROLE (RESOURCE_ID,START_DATE,END_DATE,ROLE_ID) values ('NEWUSER-NOAPPRV',null,null,'4');
Insert into IAMUSER.RESOURCE_ROLE (RESOURCE_ID,START_DATE,END_DATE,ROLE_ID) values ('NEW_USER',null,null,'9');
Insert into IAMUSER.RESOURCE_ROLE (RESOURCE_ID,START_DATE,END_DATE,ROLE_ID) values ('ORG',null,null,'9');
Insert into IAMUSER.RESOURCE_ROLE (RESOURCE_ID,START_DATE,END_DATE,ROLE_ID) values ('PROFILE',null,null,'1');
Insert into IAMUSER.RESOURCE_ROLE (RESOURCE_ID,START_DATE,END_DATE,ROLE_ID) values ('PROFILE',null,null,'2');
Insert into IAMUSER.RESOURCE_ROLE (RESOURCE_ID,START_DATE,END_DATE,ROLE_ID) values ('PROVCONNECT',null,null,'9');
Insert into IAMUSER.RESOURCE_ROLE (RESOURCE_ID,START_DATE,END_DATE,ROLE_ID) values ('PROVISIONING',null,null,'9');
Insert into IAMUSER.RESOURCE_ROLE (RESOURCE_ID,START_DATE,END_DATE,ROLE_ID) values ('REPORT',null,null,'9');
Insert into IAMUSER.RESOURCE_ROLE (RESOURCE_ID,START_DATE,END_DATE,ROLE_ID) values ('REQINBOX',null,null,'4');
Insert into IAMUSER.RESOURCE_ROLE (RESOURCE_ID,START_DATE,END_DATE,ROLE_ID) values ('RESAPPROVER',null,null,'9');
Insert into IAMUSER.RESOURCE_ROLE (RESOURCE_ID,START_DATE,END_DATE,ROLE_ID) values ('RESENTITLEMENT',null,null,'9');
Insert into IAMUSER.RESOURCE_ROLE (RESOURCE_ID,START_DATE,END_DATE,ROLE_ID) values ('RESPOLICYMAP',null,null,'9');
Insert into IAMUSER.RESOURCE_ROLE (RESOURCE_ID,START_DATE,END_DATE,ROLE_ID) values ('RESRECONCILE',null,null,'9');
Insert into IAMUSER.RESOURCE_ROLE (RESOURCE_ID,START_DATE,END_DATE,ROLE_ID) values ('RESSUMMARY',null,null,'9');
Insert into IAMUSER.RESOURCE_ROLE (RESOURCE_ID,START_DATE,END_DATE,ROLE_ID) values ('SECDOMAIN',null,null,'9');
Insert into IAMUSER.RESOURCE_ROLE (RESOURCE_ID,START_DATE,END_DATE,ROLE_ID) values ('SECURITY_GROUP',null,null,'9');
Insert into IAMUSER.RESOURCE_ROLE (RESOURCE_ID,START_DATE,END_DATE,ROLE_ID) values ('SECURITY_POLICY',null,null,'9');
Insert into IAMUSER.RESOURCE_ROLE (RESOURCE_ID,START_DATE,END_DATE,ROLE_ID) values ('SECURITY_RES',null,null,'9');
Insert into IAMUSER.RESOURCE_ROLE (RESOURCE_ID,START_DATE,END_DATE,ROLE_ID) values ('SECURITY_ROLE',null,null,'9');
Insert into IAMUSER.RESOURCE_ROLE (RESOURCE_ID,START_DATE,END_DATE,ROLE_ID) values ('SELFCENTER',null,null,'1');
Insert into IAMUSER.RESOURCE_ROLE (RESOURCE_ID,START_DATE,END_DATE,ROLE_ID) values ('SELFCENTER',null,null,'2');
Insert into IAMUSER.RESOURCE_ROLE (RESOURCE_ID,START_DATE,END_DATE,ROLE_ID) values ('SELFSERVICE',null,null,'1');
Insert into IAMUSER.RESOURCE_ROLE (RESOURCE_ID,START_DATE,END_DATE,ROLE_ID) values ('SELFSERVICE',null,null,'2');
Insert into IAMUSER.RESOURCE_ROLE (RESOURCE_ID,START_DATE,END_DATE,ROLE_ID) values ('SELF_QUERYUSER',null,null,'2');
Insert into IAMUSER.RESOURCE_ROLE (RESOURCE_ID,START_DATE,END_DATE,ROLE_ID) values ('SELF_USERIDENTITY',null,null,'1');
Insert into IAMUSER.RESOURCE_ROLE (RESOURCE_ID,START_DATE,END_DATE,ROLE_ID) values ('SELF_USERIDENTITY',null,null,'2');
Insert into IAMUSER.RESOURCE_ROLE (RESOURCE_ID,START_DATE,END_DATE,ROLE_ID) values ('SYNCDETAIL',null,null,'9');
Insert into IAMUSER.RESOURCE_ROLE (RESOURCE_ID,START_DATE,END_DATE,ROLE_ID) values ('SYNCLOG',null,null,'9');
Insert into IAMUSER.RESOURCE_ROLE (RESOURCE_ID,START_DATE,END_DATE,ROLE_ID) values ('SYNCUSER',null,null,'9');
Insert into IAMUSER.RESOURCE_ROLE (RESOURCE_ID,START_DATE,END_DATE,ROLE_ID) values ('USER',null,null,'9');
Insert into IAMUSER.RESOURCE_ROLE (RESOURCE_ID,START_DATE,END_DATE,ROLE_ID) values ('USER_ATTRIBUTES',null,null,'9');
Insert into IAMUSER.RESOURCE_ROLE (RESOURCE_ID,START_DATE,END_DATE,ROLE_ID) values ('USER_BULK',null,null,'9');
Insert into IAMUSER.RESOURCE_ROLE (RESOURCE_ID,START_DATE,END_DATE,ROLE_ID) values ('USER_DELEGATION',null,null,'9');
Insert into IAMUSER.RESOURCE_ROLE (RESOURCE_ID,START_DATE,END_DATE,ROLE_ID) values ('USER_EDIT_CONTACT_INFO',null,null,'9');
Insert into IAMUSER.RESOURCE_ROLE (RESOURCE_ID,START_DATE,END_DATE,ROLE_ID) values ('USER_EDIT_INFO',null,null,'9');
Insert into IAMUSER.RESOURCE_ROLE (RESOURCE_ID,START_DATE,END_DATE,ROLE_ID) values ('USER_ENTITLEMENTS',null,null,'9');
Insert into IAMUSER.RESOURCE_ROLE (RESOURCE_ID,START_DATE,END_DATE,ROLE_ID) values ('USER_HISTORY',null,null,'9');
Insert into IAMUSER.RESOURCE_ROLE (RESOURCE_ID,START_DATE,END_DATE,ROLE_ID) values ('USER_RESET_PASSWORD',null,null,'9');
Insert into IAMUSER.RESOURCE_ROLE (RESOURCE_ID,START_DATE,END_DATE,ROLE_ID) values ('USER_SEARCH',null,null,'9');

Insert into IAMUSER.URI_PATTERN_META_TYPE (URI_PATTERN_META_TYPE_ID,METADATA_TYPE_NAME,SPRING_BEAN_NAME) values ('cookieURIPatternRule','Set Cookie','cookieURIPatternRule');
Insert into IAMUSER.URI_PATTERN_META_TYPE (URI_PATTERN_META_TYPE_ID,METADATA_TYPE_NAME,SPRING_BEAN_NAME) values ('formPostURIPatternRule','Form Post Processor','formPostURIPatternRule');
Insert into IAMUSER.URI_PATTERN_META_TYPE (URI_PATTERN_META_TYPE_ID,METADATA_TYPE_NAME,SPRING_BEAN_NAME) values ('headerURIPatternRule','Set Header','headerURIPatternRule');
Insert into IAMUSER.URI_PATTERN_META_TYPE (URI_PATTERN_META_TYPE_ID,METADATA_TYPE_NAME,SPRING_BEAN_NAME) values ('requestParamURIPatternRule','Set URI String Parameter','requestParamURIPatternRule');


Insert into IAMUSER.MANAGED_SYS (MANAGED_SYS_ID,NAME,DESCRIPTION,STATUS,CONNECTOR_ID,DOMAIN_ID,HOST_URL,APPL_URL,PORT,COMM_PROTOCOL,USER_ID,PSWD,START_DATE,END_DATE,RESOURCE_ID,PRIMARY_REPOSITORY,SECONDARY_REPOSITORY_ID,ALWAYS_UPDATE_SECONDARY,RES_DEPENDENCY,ADD_HNDLR,MODIFY_HNDLR,DELETE_HNDLR,SETPASS_HNDLR,SUSPEND_HNDLR,SEARCH_HNDLR,LOOKUP_HNDLR,TEST_CONNECTION_HNDLR,RECONCILE_RESOURCE_HNDLR,HNDLR_5,DRIVER_URL,CONNECTION_STRING) values ('0','OPENIAM','Primary IDENTITY','ACTIVE',null,'USR_SEC_DOMAIN',null,null,null,null,'0001',null,null,null,'0',null,null,null,null,null,null,null,null,null,null,null,null,null,null,null,null);
Insert into IAMUSER.MANAGED_SYS (MANAGED_SYS_ID,NAME,DESCRIPTION,STATUS,CONNECTOR_ID,DOMAIN_ID,HOST_URL,APPL_URL,PORT,COMM_PROTOCOL,USER_ID,PSWD,START_DATE,END_DATE,RESOURCE_ID,PRIMARY_REPOSITORY,SECONDARY_REPOSITORY_ID,ALWAYS_UPDATE_SECONDARY,RES_DEPENDENCY,ADD_HNDLR,MODIFY_HNDLR,DELETE_HNDLR,SETPASS_HNDLR,SUSPEND_HNDLR,SEARCH_HNDLR,LOOKUP_HNDLR,TEST_CONNECTION_HNDLR,RECONCILE_RESOURCE_HNDLR,HNDLR_5,DRIVER_URL,CONNECTION_STRING) values ('101','LDAP','Primary Directory','ACTIVE','51','USR_SEC_DOMAIN','ldap://',null,389,'CLEAR','0001',null,null,null,'101',null,null,null,null,null,null,null,null,null,null,null,null,null,null,null,null);
Insert into IAMUSER.MANAGED_SYS (MANAGED_SYS_ID,NAME,DESCRIPTION,STATUS,CONNECTOR_ID,DOMAIN_ID,HOST_URL,APPL_URL,PORT,COMM_PROTOCOL,USER_ID,PSWD,START_DATE,END_DATE,RESOURCE_ID,PRIMARY_REPOSITORY,SECONDARY_REPOSITORY_ID,ALWAYS_UPDATE_SECONDARY,RES_DEPENDENCY,ADD_HNDLR,MODIFY_HNDLR,DELETE_HNDLR,SETPASS_HNDLR,SUSPEND_HNDLR,SEARCH_HNDLR,LOOKUP_HNDLR,TEST_CONNECTION_HNDLR,RECONCILE_RESOURCE_HNDLR,HNDLR_5,DRIVER_URL,CONNECTION_STRING) values ('103','Google Apps Connector','Google Apps Connector','ACTIVE','54','USR_SEC_DOMAIN','',null,null,'CLEAR','0001',null,null,null,'103',null,null,null,null,null,null,null,null,null,null,null,null,null,null,null,null);
Insert into IAMUSER.MANAGED_SYS (MANAGED_SYS_ID,NAME,DESCRIPTION,STATUS,CONNECTOR_ID,DOMAIN_ID,HOST_URL,APPL_URL,PORT,COMM_PROTOCOL,USER_ID,PSWD,START_DATE,END_DATE,RESOURCE_ID,PRIMARY_REPOSITORY,SECONDARY_REPOSITORY_ID,ALWAYS_UPDATE_SECONDARY,RES_DEPENDENCY,ADD_HNDLR,MODIFY_HNDLR,DELETE_HNDLR,SETPASS_HNDLR,SUSPEND_HNDLR,SEARCH_HNDLR,LOOKUP_HNDLR,TEST_CONNECTION_HNDLR,RECONCILE_RESOURCE_HNDLR,HNDLR_5,DRIVER_URL,CONNECTION_STRING) values ('104','Test_Script_CONNECTOR','Test Script CONNECTOR','ACTIVE','62','USR_SEC_DOMAIN','',null,null,'CLEAR','0001',null,null,null,'104',null,null,null,null,null,null,null,null,null,null,null,null,null,null,null,null);
Insert into IAMUSER.MANAGED_SYS (MANAGED_SYS_ID,NAME,DESCRIPTION,STATUS,CONNECTOR_ID,DOMAIN_ID,HOST_URL,APPL_URL,PORT,COMM_PROTOCOL,USER_ID,PSWD,START_DATE,END_DATE,RESOURCE_ID,PRIMARY_REPOSITORY,SECONDARY_REPOSITORY_ID,ALWAYS_UPDATE_SECONDARY,RES_DEPENDENCY,ADD_HNDLR,MODIFY_HNDLR,DELETE_HNDLR,SETPASS_HNDLR,SUSPEND_HNDLR,SEARCH_HNDLR,LOOKUP_HNDLR,TEST_CONNECTION_HNDLR,RECONCILE_RESOURCE_HNDLR,HNDLR_5,DRIVER_URL,CONNECTION_STRING) values ('105','Linux CONNECTOR','Linux CONNECTOR','ACTIVE','63','USR_SEC_DOMAIN','',null,null,'CLEAR','0001',null,null,null,'105',null,null,null,null,null,null,null,null,null,null,null,null,null,null,null,null);
Insert into IAMUSER.MANAGED_SYS (MANAGED_SYS_ID,NAME,DESCRIPTION,STATUS,CONNECTOR_ID,DOMAIN_ID,HOST_URL,APPL_URL,PORT,COMM_PROTOCOL,USER_ID,PSWD,START_DATE,END_DATE,RESOURCE_ID,PRIMARY_REPOSITORY,SECONDARY_REPOSITORY_ID,ALWAYS_UPDATE_SECONDARY,RES_DEPENDENCY,ADD_HNDLR,MODIFY_HNDLR,DELETE_HNDLR,SETPASS_HNDLR,SUSPEND_HNDLR,SEARCH_HNDLR,LOOKUP_HNDLR,TEST_CONNECTION_HNDLR,RECONCILE_RESOURCE_HNDLR,HNDLR_5,DRIVER_URL,CONNECTION_STRING) values ('106','MySQL CONNECTOR','MySQL CONNECTOR','ACTIVE','64','USR_SEC_DOMAIN','',null,null,'CLEAR','0001',null,null,null,'106',null,null,null,null,null,null,null,null,null,null,null,null,null,null,null,null);
Insert into IAMUSER.MANAGED_SYS (MANAGED_SYS_ID,NAME,DESCRIPTION,STATUS,CONNECTOR_ID,DOMAIN_ID,HOST_URL,APPL_URL,PORT,COMM_PROTOCOL,USER_ID,PSWD,START_DATE,END_DATE,RESOURCE_ID,PRIMARY_REPOSITORY,SECONDARY_REPOSITORY_ID,ALWAYS_UPDATE_SECONDARY,RES_DEPENDENCY,ADD_HNDLR,MODIFY_HNDLR,DELETE_HNDLR,SETPASS_HNDLR,SUSPEND_HNDLR,SEARCH_HNDLR,LOOKUP_HNDLR,TEST_CONNECTION_HNDLR,RECONCILE_RESOURCE_HNDLR,HNDLR_5,DRIVER_URL,CONNECTION_STRING) values ('110','ACTIVE DIRECTORY','ACTIVE DIRECTORY','ACTIVE','51','USR_SEC_DOMAIN','ldaps://',null,636,'CLEAR','0001',null,null,null,'110',null,null,null,null,null,null,null,null,null,null,null,null,null,null,null,null);
Insert into IAMUSER.MANAGED_SYS (MANAGED_SYS_ID,NAME,DESCRIPTION,STATUS,CONNECTOR_ID,DOMAIN_ID,HOST_URL,APPL_URL,PORT,COMM_PROTOCOL,USER_ID,PSWD,START_DATE,END_DATE,RESOURCE_ID,PRIMARY_REPOSITORY,SECONDARY_REPOSITORY_ID,ALWAYS_UPDATE_SECONDARY,RES_DEPENDENCY,ADD_HNDLR,MODIFY_HNDLR,DELETE_HNDLR,SETPASS_HNDLR,SUSPEND_HNDLR,SEARCH_HNDLR,LOOKUP_HNDLR,TEST_CONNECTION_HNDLR,RECONCILE_RESOURCE_HNDLR,HNDLR_5,DRIVER_URL,CONNECTION_STRING) values ('111','Oracle Connector','Oracle Connector','ACTIVE','65','USR_SEC_DOMAIN','',null,null,'CLEAR','0001',null,null,null,'111',null,null,null,null,null,null,null,null,null,null,null,null,null,null,null,null);
Insert into IAMUSER.MANAGED_SYS (MANAGED_SYS_ID,NAME,DESCRIPTION,STATUS,CONNECTOR_ID,DOMAIN_ID,HOST_URL,APPL_URL,PORT,COMM_PROTOCOL,USER_ID,PSWD,START_DATE,END_DATE,RESOURCE_ID,PRIMARY_REPOSITORY,SECONDARY_REPOSITORY_ID,ALWAYS_UPDATE_SECONDARY,RES_DEPENDENCY,ADD_HNDLR,MODIFY_HNDLR,DELETE_HNDLR,SETPASS_HNDLR,SUSPEND_HNDLR,SEARCH_HNDLR,LOOKUP_HNDLR,TEST_CONNECTION_HNDLR,RECONCILE_RESOURCE_HNDLR,HNDLR_5,DRIVER_URL,CONNECTION_STRING) values ('200','SELFSERVICE_NEWHIRE','New Hire Form','ACTIVE',null,null,null,null,null,null,'0001',null,null,null,'200',null,null,null,null,null,null,null,null,null,null,null,null,null,null,null,null);
Insert into IAMUSER.MANAGED_SYS (MANAGED_SYS_ID,NAME,DESCRIPTION,STATUS,CONNECTOR_ID,DOMAIN_ID,HOST_URL,APPL_URL,PORT,COMM_PROTOCOL,USER_ID,PSWD,START_DATE,END_DATE,RESOURCE_ID,PRIMARY_REPOSITORY,SECONDARY_REPOSITORY_ID,ALWAYS_UPDATE_SECONDARY,RES_DEPENDENCY,ADD_HNDLR,MODIFY_HNDLR,DELETE_HNDLR,SETPASS_HNDLR,SUSPEND_HNDLR,SEARCH_HNDLR,LOOKUP_HNDLR,TEST_CONNECTION_HNDLR,RECONCILE_RESOURCE_HNDLR,HNDLR_5,DRIVER_URL,CONNECTION_STRING) values ('201','SELFSERVICE_CREATEREQUEST','Create Request Form','ACTIVE',null,null,null,null,null,null,'0001',null,null,null,'201',null,null,null,null,null,null,null,null,null,null,null,null,null,null,null,null);
Insert into IAMUSER.MANAGED_SYS (MANAGED_SYS_ID,NAME,DESCRIPTION,STATUS,CONNECTOR_ID,DOMAIN_ID,HOST_URL,APPL_URL,PORT,COMM_PROTOCOL,USER_ID,PSWD,START_DATE,END_DATE,RESOURCE_ID,PRIMARY_REPOSITORY,SECONDARY_REPOSITORY_ID,ALWAYS_UPDATE_SECONDARY,RES_DEPENDENCY,ADD_HNDLR,MODIFY_HNDLR,DELETE_HNDLR,SETPASS_HNDLR,SUSPEND_HNDLR,SEARCH_HNDLR,LOOKUP_HNDLR,TEST_CONNECTION_HNDLR,RECONCILE_RESOURCE_HNDLR,HNDLR_5,DRIVER_URL,CONNECTION_STRING) values ('202','SELFSERVICE_PROFILE','Profile Form','ACTIVE',null,null,null,null,null,null,'0001',null,null,null,'202',null,null,null,null,null,null,null,null,null,null,null,null,null,null,null,null);

Insert into IAMUSER.GRP (GRP_ID,GRP_NAME,CREATE_DATE,CREATED_BY,COMPANY_ID,OWNER_ID,PROVISION_METHOD,PROVISION_OBJ_NAME,TYPE_ID,GROUP_DESC,STATUS,LAST_UPDATE,LAST_UPDATED_BY,INTERNAL_GROUP_ID,EXTERNAL_GRP_NAME) values ('END_USER_GRP','End User Group',null,null,null,null,null,null,null,null,null,null,null,null,null);
Insert into IAMUSER.GRP (GRP_ID,GRP_NAME,CREATE_DATE,CREATED_BY,COMPANY_ID,OWNER_ID,PROVISION_METHOD,PROVISION_OBJ_NAME,TYPE_ID,GROUP_DESC,STATUS,LAST_UPDATE,LAST_UPDATED_BY,INTERNAL_GROUP_ID,EXTERNAL_GRP_NAME) values ('HR_GRP','HR Group',null,null,null,null,null,null,null,null,null,null,null,null,null);
Insert into IAMUSER.GRP (GRP_ID,GRP_NAME,CREATE_DATE,CREATED_BY,COMPANY_ID,OWNER_ID,PROVISION_METHOD,PROVISION_OBJ_NAME,TYPE_ID,GROUP_DESC,STATUS,LAST_UPDATE,LAST_UPDATED_BY,INTERNAL_GROUP_ID,EXTERNAL_GRP_NAME) values ('MNGR_GRP','Manager Group',null,null,null,null,null,null,null,null,null,null,null,null,null);
Insert into IAMUSER.GRP (GRP_ID,GRP_NAME,CREATE_DATE,CREATED_BY,COMPANY_ID,OWNER_ID,PROVISION_METHOD,PROVISION_OBJ_NAME,TYPE_ID,GROUP_DESC,STATUS,LAST_UPDATE,LAST_UPDATED_BY,INTERNAL_GROUP_ID,EXTERNAL_GRP_NAME) values ('SECURITY_GRP','Security Group',null,null,null,null,null,null,null,null,null,null,null,null,null);
Insert into IAMUSER.GRP (GRP_ID,GRP_NAME,CREATE_DATE,CREATED_BY,COMPANY_ID,OWNER_ID,PROVISION_METHOD,PROVISION_OBJ_NAME,TYPE_ID,GROUP_DESC,STATUS,LAST_UPDATE,LAST_UPDATED_BY,INTERNAL_GROUP_ID,EXTERNAL_GRP_NAME) values ('SEC_ADMIN_GRP','Sec Admin Group',null,null,null,null,null,null,null,null,null,null,null,null,null);
Insert into IAMUSER.GRP (GRP_ID,GRP_NAME,CREATE_DATE,CREATED_BY,COMPANY_ID,OWNER_ID,PROVISION_METHOD,PROVISION_OBJ_NAME,TYPE_ID,GROUP_DESC,STATUS,LAST_UPDATE,LAST_UPDATED_BY,INTERNAL_GROUP_ID,EXTERNAL_GRP_NAME) values ('SUPER_SEC_ADMIN_GRP','Super Admin Group',null,null,null,null,null,null,null,null,null,null,null,null,null);

Insert into IAMUSER.GRP_ROLE (GRP_ID,ROLE_ID) values ('END_USER_GRP','1');
Insert into IAMUSER.GRP_ROLE (GRP_ID,ROLE_ID) values ('HR_GRP','3');
Insert into IAMUSER.GRP_ROLE (GRP_ID,ROLE_ID) values ('MNGR_GRP','4');
Insert into IAMUSER.GRP_ROLE (GRP_ID,ROLE_ID) values ('SECURITY_GRP','5');
Insert into IAMUSER.GRP_ROLE (GRP_ID,ROLE_ID) values ('SUPER_SEC_ADMIN_GRP','9');

Insert into IAMUSER.METADATA_ELEMENT (METADATA_ID,TYPE_ID,ATTRIBUTE_NAME,DESCRIPTION,DATA_TYPE,AUDITABLE,REQUIRED,SELF_EDITABLE,TEMPLATE_ID,RESOURCE_ID,VALIDATOR,STATIC_DEFAULT_VALUE,IS_PUBLIC) values ('101','InetOrgPerson','Display Name',null,null,'Y','N','Y',null,null,null,null,'Y');
Insert into IAMUSER.METADATA_ELEMENT (METADATA_ID,TYPE_ID,ATTRIBUTE_NAME,DESCRIPTION,DATA_TYPE,AUDITABLE,REQUIRED,SELF_EDITABLE,TEMPLATE_ID,RESOURCE_ID,VALIDATOR,STATIC_DEFAULT_VALUE,IS_PUBLIC) values ('104','InetOrgPerson','Preferred Language',null,null,'Y','N','Y',null,null,null,null,'Y');
Insert into IAMUSER.METADATA_ELEMENT (METADATA_ID,TYPE_ID,ATTRIBUTE_NAME,DESCRIPTION,DATA_TYPE,AUDITABLE,REQUIRED,SELF_EDITABLE,TEMPLATE_ID,RESOURCE_ID,VALIDATOR,STATIC_DEFAULT_VALUE,IS_PUBLIC) values ('105','InetOrgPerson','VehicleLicense',null,null,'Y','N','Y',null,null,null,null,'Y');
Insert into IAMUSER.METADATA_ELEMENT (METADATA_ID,TYPE_ID,ATTRIBUTE_NAME,DESCRIPTION,DATA_TYPE,AUDITABLE,REQUIRED,SELF_EDITABLE,TEMPLATE_ID,RESOURCE_ID,VALIDATOR,STATIC_DEFAULT_VALUE,IS_PUBLIC) values ('106','InetOrgPerson','Given Name',null,null,'Y','N','Y',null,null,null,null,'Y');
Insert into IAMUSER.METADATA_ELEMENT (METADATA_ID,TYPE_ID,ATTRIBUTE_NAME,DESCRIPTION,DATA_TYPE,AUDITABLE,REQUIRED,SELF_EDITABLE,TEMPLATE_ID,RESOURCE_ID,VALIDATOR,STATIC_DEFAULT_VALUE,IS_PUBLIC) values ('107','InetOrgPerson','LabeledURI',null,null,'Y','N','Y',null,null,null,null,'Y');
Insert into IAMUSER.METADATA_ELEMENT (METADATA_ID,TYPE_ID,ATTRIBUTE_NAME,DESCRIPTION,DATA_TYPE,AUDITABLE,REQUIRED,SELF_EDITABLE,TEMPLATE_ID,RESOURCE_ID,VALIDATOR,STATIC_DEFAULT_VALUE,IS_PUBLIC) values ('108','InetOrgPerson','Initials',null,null,'Y','N','Y',null,null,null,null,'Y');
Insert into IAMUSER.METADATA_ELEMENT (METADATA_ID,TYPE_ID,ATTRIBUTE_NAME,DESCRIPTION,DATA_TYPE,AUDITABLE,REQUIRED,SELF_EDITABLE,TEMPLATE_ID,RESOURCE_ID,VALIDATOR,STATIC_DEFAULT_VALUE,IS_PUBLIC) values ('110','InetOrgPerson','BusinessCategory',null,null,'Y','N','Y',null,null,null,null,'Y');
Insert into IAMUSER.METADATA_ELEMENT (METADATA_ID,TYPE_ID,ATTRIBUTE_NAME,DESCRIPTION,DATA_TYPE,AUDITABLE,REQUIRED,SELF_EDITABLE,TEMPLATE_ID,RESOURCE_ID,VALIDATOR,STATIC_DEFAULT_VALUE,IS_PUBLIC) values ('131','Contractor','Display Name',null,null,'Y','N','Y',null,null,null,null,'Y');
Insert into IAMUSER.METADATA_ELEMENT (METADATA_ID,TYPE_ID,ATTRIBUTE_NAME,DESCRIPTION,DATA_TYPE,AUDITABLE,REQUIRED,SELF_EDITABLE,TEMPLATE_ID,RESOURCE_ID,VALIDATOR,STATIC_DEFAULT_VALUE,IS_PUBLIC) values ('134','Contractor','Preferred Language',null,null,'Y','N','Y',null,null,null,null,'Y');
Insert into IAMUSER.METADATA_ELEMENT (METADATA_ID,TYPE_ID,ATTRIBUTE_NAME,DESCRIPTION,DATA_TYPE,AUDITABLE,REQUIRED,SELF_EDITABLE,TEMPLATE_ID,RESOURCE_ID,VALIDATOR,STATIC_DEFAULT_VALUE,IS_PUBLIC) values ('135','Contractor','VehicleLicense',null,null,'Y','N','Y',null,null,null,null,'Y');
Insert into IAMUSER.METADATA_ELEMENT (METADATA_ID,TYPE_ID,ATTRIBUTE_NAME,DESCRIPTION,DATA_TYPE,AUDITABLE,REQUIRED,SELF_EDITABLE,TEMPLATE_ID,RESOURCE_ID,VALIDATOR,STATIC_DEFAULT_VALUE,IS_PUBLIC) values ('136','Contractor','Given Name',null,null,'Y','N','Y',null,null,null,null,'Y');
Insert into IAMUSER.METADATA_ELEMENT (METADATA_ID,TYPE_ID,ATTRIBUTE_NAME,DESCRIPTION,DATA_TYPE,AUDITABLE,REQUIRED,SELF_EDITABLE,TEMPLATE_ID,RESOURCE_ID,VALIDATOR,STATIC_DEFAULT_VALUE,IS_PUBLIC) values ('137','Contractor','LabeledURI',null,null,'Y','N','Y',null,null,null,null,'Y');
Insert into IAMUSER.METADATA_ELEMENT (METADATA_ID,TYPE_ID,ATTRIBUTE_NAME,DESCRIPTION,DATA_TYPE,AUDITABLE,REQUIRED,SELF_EDITABLE,TEMPLATE_ID,RESOURCE_ID,VALIDATOR,STATIC_DEFAULT_VALUE,IS_PUBLIC) values ('138','Contractor','Initials',null,null,'Y','N','Y',null,null,null,null,'Y');
Insert into IAMUSER.METADATA_ELEMENT (METADATA_ID,TYPE_ID,ATTRIBUTE_NAME,DESCRIPTION,DATA_TYPE,AUDITABLE,REQUIRED,SELF_EDITABLE,TEMPLATE_ID,RESOURCE_ID,VALIDATOR,STATIC_DEFAULT_VALUE,IS_PUBLIC) values ('140','DIRECTORY','Display Name',null,null,'Y','N','N',null,null,null,null,'Y');
Insert into IAMUSER.METADATA_ELEMENT (METADATA_ID,TYPE_ID,ATTRIBUTE_NAME,DESCRIPTION,DATA_TYPE,AUDITABLE,REQUIRED,SELF_EDITABLE,TEMPLATE_ID,RESOURCE_ID,VALIDATOR,STATIC_DEFAULT_VALUE,IS_PUBLIC) values ('150','FILE','Display Name',null,null,'Y','N','N',null,null,null,null,'Y');
Insert into IAMUSER.METADATA_ELEMENT (METADATA_ID,TYPE_ID,ATTRIBUTE_NAME,DESCRIPTION,DATA_TYPE,AUDITABLE,REQUIRED,SELF_EDITABLE,TEMPLATE_ID,RESOURCE_ID,VALIDATOR,STATIC_DEFAULT_VALUE,IS_PUBLIC) values ('160','URL','Display Name',null,null,'Y','N','N',null,null,null,null,'Y');
Insert into IAMUSER.METADATA_ELEMENT (METADATA_ID,TYPE_ID,ATTRIBUTE_NAME,DESCRIPTION,DATA_TYPE,AUDITABLE,REQUIRED,SELF_EDITABLE,TEMPLATE_ID,RESOURCE_ID,VALIDATOR,STATIC_DEFAULT_VALUE,IS_PUBLIC) values ('260','Contractor','BusinessCategory',null,null,'Y','N','Y',null,null,null,null,'Y');
Insert into IAMUSER.METADATA_ELEMENT (METADATA_ID,TYPE_ID,ATTRIBUTE_NAME,DESCRIPTION,DATA_TYPE,AUDITABLE,REQUIRED,SELF_EDITABLE,TEMPLATE_ID,RESOURCE_ID,VALIDATOR,STATIC_DEFAULT_VALUE,IS_PUBLIC) values ('261','Contractor','StartDate',null,null,'Y','N','Y',null,null,null,null,'Y');
Insert into IAMUSER.METADATA_ELEMENT (METADATA_ID,TYPE_ID,ATTRIBUTE_NAME,DESCRIPTION,DATA_TYPE,AUDITABLE,REQUIRED,SELF_EDITABLE,TEMPLATE_ID,RESOURCE_ID,VALIDATOR,STATIC_DEFAULT_VALUE,IS_PUBLIC) values ('262','Contractor','EndDate',null,null,'Y','N','Y',null,null,null,null,'Y');
Insert into IAMUSER.METADATA_ELEMENT (METADATA_ID,TYPE_ID,ATTRIBUTE_NAME,DESCRIPTION,DATA_TYPE,AUDITABLE,REQUIRED,SELF_EDITABLE,TEMPLATE_ID,RESOURCE_ID,VALIDATOR,STATIC_DEFAULT_VALUE,IS_PUBLIC) values ('300','LdapOrgPerson','name','',null,'Y','N','N',null,null,null,null,'Y');
Insert into IAMUSER.METADATA_ELEMENT (METADATA_ID,TYPE_ID,ATTRIBUTE_NAME,DESCRIPTION,DATA_TYPE,AUDITABLE,REQUIRED,SELF_EDITABLE,TEMPLATE_ID,RESOURCE_ID,VALIDATOR,STATIC_DEFAULT_VALUE,IS_PUBLIC) values ('301','LdapOrgPerson','distinguishedName','',null,'Y','N','N',null,null,null,null,'Y');
Insert into IAMUSER.METADATA_ELEMENT (METADATA_ID,TYPE_ID,ATTRIBUTE_NAME,DESCRIPTION,DATA_TYPE,AUDITABLE,REQUIRED,SELF_EDITABLE,TEMPLATE_ID,RESOURCE_ID,VALIDATOR,STATIC_DEFAULT_VALUE,IS_PUBLIC) values ('302','LdapOrgPerson','objectclass','',null,'Y','Y','N',null,null,null,null,'Y');
Insert into IAMUSER.METADATA_ELEMENT (METADATA_ID,TYPE_ID,ATTRIBUTE_NAME,DESCRIPTION,DATA_TYPE,AUDITABLE,REQUIRED,SELF_EDITABLE,TEMPLATE_ID,RESOURCE_ID,VALIDATOR,STATIC_DEFAULT_VALUE,IS_PUBLIC) values ('303','LdapOrgPerson','aliasedObjectName','',null,'Y','N','N',null,null,null,null,'Y');
Insert into IAMUSER.METADATA_ELEMENT (METADATA_ID,TYPE_ID,ATTRIBUTE_NAME,DESCRIPTION,DATA_TYPE,AUDITABLE,REQUIRED,SELF_EDITABLE,TEMPLATE_ID,RESOURCE_ID,VALIDATOR,STATIC_DEFAULT_VALUE,IS_PUBLIC) values ('304','LdapOrgPerson','cn','',null,'Y','Y','N',null,null,null,null,'Y');
Insert into IAMUSER.METADATA_ELEMENT (METADATA_ID,TYPE_ID,ATTRIBUTE_NAME,DESCRIPTION,DATA_TYPE,AUDITABLE,REQUIRED,SELF_EDITABLE,TEMPLATE_ID,RESOURCE_ID,VALIDATOR,STATIC_DEFAULT_VALUE,IS_PUBLIC) values ('305','LdapOrgPerson','sn','',null,'Y','N','N',null,null,null,null,'Y');
Insert into IAMUSER.METADATA_ELEMENT (METADATA_ID,TYPE_ID,ATTRIBUTE_NAME,DESCRIPTION,DATA_TYPE,AUDITABLE,REQUIRED,SELF_EDITABLE,TEMPLATE_ID,RESOURCE_ID,VALIDATOR,STATIC_DEFAULT_VALUE,IS_PUBLIC) values ('306','LdapOrgPerson','serialNumber','',null,'Y','N','N',null,null,null,null,'Y');
Insert into IAMUSER.METADATA_ELEMENT (METADATA_ID,TYPE_ID,ATTRIBUTE_NAME,DESCRIPTION,DATA_TYPE,AUDITABLE,REQUIRED,SELF_EDITABLE,TEMPLATE_ID,RESOURCE_ID,VALIDATOR,STATIC_DEFAULT_VALUE,IS_PUBLIC) values ('307','LdapOrgPerson','c','',null,'Y','N','N',null,null,null,null,'Y');
Insert into IAMUSER.METADATA_ELEMENT (METADATA_ID,TYPE_ID,ATTRIBUTE_NAME,DESCRIPTION,DATA_TYPE,AUDITABLE,REQUIRED,SELF_EDITABLE,TEMPLATE_ID,RESOURCE_ID,VALIDATOR,STATIC_DEFAULT_VALUE,IS_PUBLIC) values ('308','LdapOrgPerson','l','',null,'Y','N','N',null,null,null,null,'Y');
Insert into IAMUSER.METADATA_ELEMENT (METADATA_ID,TYPE_ID,ATTRIBUTE_NAME,DESCRIPTION,DATA_TYPE,AUDITABLE,REQUIRED,SELF_EDITABLE,TEMPLATE_ID,RESOURCE_ID,VALIDATOR,STATIC_DEFAULT_VALUE,IS_PUBLIC) values ('309','LdapOrgPerson','st','',null,'Y','N','N',null,null,null,null,'Y');
Insert into IAMUSER.METADATA_ELEMENT (METADATA_ID,TYPE_ID,ATTRIBUTE_NAME,DESCRIPTION,DATA_TYPE,AUDITABLE,REQUIRED,SELF_EDITABLE,TEMPLATE_ID,RESOURCE_ID,VALIDATOR,STATIC_DEFAULT_VALUE,IS_PUBLIC) values ('310','LdapOrgPerson','street','',null,'Y','N','N',null,null,null,null,'Y');
Insert into IAMUSER.METADATA_ELEMENT (METADATA_ID,TYPE_ID,ATTRIBUTE_NAME,DESCRIPTION,DATA_TYPE,AUDITABLE,REQUIRED,SELF_EDITABLE,TEMPLATE_ID,RESOURCE_ID,VALIDATOR,STATIC_DEFAULT_VALUE,IS_PUBLIC) values ('311','LdapOrgPerson','o','',null,'Y','Y','N',null,null,null,null,'Y');
Insert into IAMUSER.METADATA_ELEMENT (METADATA_ID,TYPE_ID,ATTRIBUTE_NAME,DESCRIPTION,DATA_TYPE,AUDITABLE,REQUIRED,SELF_EDITABLE,TEMPLATE_ID,RESOURCE_ID,VALIDATOR,STATIC_DEFAULT_VALUE,IS_PUBLIC) values ('312','LdapOrgPerson','ou','',null,'Y','N','N',null,null,null,null,'Y');
Insert into IAMUSER.METADATA_ELEMENT (METADATA_ID,TYPE_ID,ATTRIBUTE_NAME,DESCRIPTION,DATA_TYPE,AUDITABLE,REQUIRED,SELF_EDITABLE,TEMPLATE_ID,RESOURCE_ID,VALIDATOR,STATIC_DEFAULT_VALUE,IS_PUBLIC) values ('313','LdapOrgPerson','title','',null,'Y','N','N',null,null,null,null,'Y');
Insert into IAMUSER.METADATA_ELEMENT (METADATA_ID,TYPE_ID,ATTRIBUTE_NAME,DESCRIPTION,DATA_TYPE,AUDITABLE,REQUIRED,SELF_EDITABLE,TEMPLATE_ID,RESOURCE_ID,VALIDATOR,STATIC_DEFAULT_VALUE,IS_PUBLIC) values ('314','LdapOrgPerson','description','',null,'Y','N','N',null,null,null,null,'Y');
Insert into IAMUSER.METADATA_ELEMENT (METADATA_ID,TYPE_ID,ATTRIBUTE_NAME,DESCRIPTION,DATA_TYPE,AUDITABLE,REQUIRED,SELF_EDITABLE,TEMPLATE_ID,RESOURCE_ID,VALIDATOR,STATIC_DEFAULT_VALUE,IS_PUBLIC) values ('315','LdapOrgPerson','businessCategory','',null,'Y','N','N',null,null,null,null,'Y');
Insert into IAMUSER.METADATA_ELEMENT (METADATA_ID,TYPE_ID,ATTRIBUTE_NAME,DESCRIPTION,DATA_TYPE,AUDITABLE,REQUIRED,SELF_EDITABLE,TEMPLATE_ID,RESOURCE_ID,VALIDATOR,STATIC_DEFAULT_VALUE,IS_PUBLIC) values ('316','LdapOrgPerson','postalAddress','',null,'Y','N','N',null,null,null,null,'Y');
Insert into IAMUSER.METADATA_ELEMENT (METADATA_ID,TYPE_ID,ATTRIBUTE_NAME,DESCRIPTION,DATA_TYPE,AUDITABLE,REQUIRED,SELF_EDITABLE,TEMPLATE_ID,RESOURCE_ID,VALIDATOR,STATIC_DEFAULT_VALUE,IS_PUBLIC) values ('317','LdapOrgPerson','postalCode','',null,'Y','N','N',null,null,null,null,'Y');
Insert into IAMUSER.METADATA_ELEMENT (METADATA_ID,TYPE_ID,ATTRIBUTE_NAME,DESCRIPTION,DATA_TYPE,AUDITABLE,REQUIRED,SELF_EDITABLE,TEMPLATE_ID,RESOURCE_ID,VALIDATOR,STATIC_DEFAULT_VALUE,IS_PUBLIC) values ('318','LdapOrgPerson','postOfficeBox','',null,'Y','N','N',null,null,null,null,'Y');
Insert into IAMUSER.METADATA_ELEMENT (METADATA_ID,TYPE_ID,ATTRIBUTE_NAME,DESCRIPTION,DATA_TYPE,AUDITABLE,REQUIRED,SELF_EDITABLE,TEMPLATE_ID,RESOURCE_ID,VALIDATOR,STATIC_DEFAULT_VALUE,IS_PUBLIC) values ('319','LdapOrgPerson','physicalDeliveryOfficeName','',null,'Y','N','N',null,null,null,null,'Y');
Insert into IAMUSER.METADATA_ELEMENT (METADATA_ID,TYPE_ID,ATTRIBUTE_NAME,DESCRIPTION,DATA_TYPE,AUDITABLE,REQUIRED,SELF_EDITABLE,TEMPLATE_ID,RESOURCE_ID,VALIDATOR,STATIC_DEFAULT_VALUE,IS_PUBLIC) values ('320','LdapOrgPerson','telephoneNumber','',null,'Y','N','N',null,null,null,null,'Y');
Insert into IAMUSER.METADATA_ELEMENT (METADATA_ID,TYPE_ID,ATTRIBUTE_NAME,DESCRIPTION,DATA_TYPE,AUDITABLE,REQUIRED,SELF_EDITABLE,TEMPLATE_ID,RESOURCE_ID,VALIDATOR,STATIC_DEFAULT_VALUE,IS_PUBLIC) values ('321','LdapOrgPerson','telexNumber','',null,'Y','N','N',null,null,null,null,'Y');
Insert into IAMUSER.METADATA_ELEMENT (METADATA_ID,TYPE_ID,ATTRIBUTE_NAME,DESCRIPTION,DATA_TYPE,AUDITABLE,REQUIRED,SELF_EDITABLE,TEMPLATE_ID,RESOURCE_ID,VALIDATOR,STATIC_DEFAULT_VALUE,IS_PUBLIC) values ('322','LdapOrgPerson','teletexTerminalIdentifier','',null,'Y','N','N',null,null,null,null,'Y');
Insert into IAMUSER.METADATA_ELEMENT (METADATA_ID,TYPE_ID,ATTRIBUTE_NAME,DESCRIPTION,DATA_TYPE,AUDITABLE,REQUIRED,SELF_EDITABLE,TEMPLATE_ID,RESOURCE_ID,VALIDATOR,STATIC_DEFAULT_VALUE,IS_PUBLIC) values ('323','LdapOrgPerson','facsimileTelephoneNumber','',null,'Y','N','N',null,null,null,null,'Y');
Insert into IAMUSER.METADATA_ELEMENT (METADATA_ID,TYPE_ID,ATTRIBUTE_NAME,DESCRIPTION,DATA_TYPE,AUDITABLE,REQUIRED,SELF_EDITABLE,TEMPLATE_ID,RESOURCE_ID,VALIDATOR,STATIC_DEFAULT_VALUE,IS_PUBLIC) values ('324','LdapOrgPerson','x121Address','',null,'Y','N','N',null,null,null,null,'Y');
Insert into IAMUSER.METADATA_ELEMENT (METADATA_ID,TYPE_ID,ATTRIBUTE_NAME,DESCRIPTION,DATA_TYPE,AUDITABLE,REQUIRED,SELF_EDITABLE,TEMPLATE_ID,RESOURCE_ID,VALIDATOR,STATIC_DEFAULT_VALUE,IS_PUBLIC) values ('325','LdapOrgPerson','internationaliSDNNumber','',null,'Y','N','N',null,null,null,null,'Y');
Insert into IAMUSER.METADATA_ELEMENT (METADATA_ID,TYPE_ID,ATTRIBUTE_NAME,DESCRIPTION,DATA_TYPE,AUDITABLE,REQUIRED,SELF_EDITABLE,TEMPLATE_ID,RESOURCE_ID,VALIDATOR,STATIC_DEFAULT_VALUE,IS_PUBLIC) values ('326','LdapOrgPerson','registeredAddress','',null,'Y','N','N',null,null,null,null,'Y');
Insert into IAMUSER.METADATA_ELEMENT (METADATA_ID,TYPE_ID,ATTRIBUTE_NAME,DESCRIPTION,DATA_TYPE,AUDITABLE,REQUIRED,SELF_EDITABLE,TEMPLATE_ID,RESOURCE_ID,VALIDATOR,STATIC_DEFAULT_VALUE,IS_PUBLIC) values ('327','LdapOrgPerson','destinationIndicator','',null,'Y','N','N',null,null,null,null,'Y');
Insert into IAMUSER.METADATA_ELEMENT (METADATA_ID,TYPE_ID,ATTRIBUTE_NAME,DESCRIPTION,DATA_TYPE,AUDITABLE,REQUIRED,SELF_EDITABLE,TEMPLATE_ID,RESOURCE_ID,VALIDATOR,STATIC_DEFAULT_VALUE,IS_PUBLIC) values ('328','LdapOrgPerson','preferredDeliveryMethod','',null,'Y','N','N',null,null,null,null,'Y');
Insert into IAMUSER.METADATA_ELEMENT (METADATA_ID,TYPE_ID,ATTRIBUTE_NAME,DESCRIPTION,DATA_TYPE,AUDITABLE,REQUIRED,SELF_EDITABLE,TEMPLATE_ID,RESOURCE_ID,VALIDATOR,STATIC_DEFAULT_VALUE,IS_PUBLIC) values ('329','LdapOrgPerson','presentationAddress','',null,'Y','N','N',null,null,null,null,'Y');
Insert into IAMUSER.METADATA_ELEMENT (METADATA_ID,TYPE_ID,ATTRIBUTE_NAME,DESCRIPTION,DATA_TYPE,AUDITABLE,REQUIRED,SELF_EDITABLE,TEMPLATE_ID,RESOURCE_ID,VALIDATOR,STATIC_DEFAULT_VALUE,IS_PUBLIC) values ('330','LdapOrgPerson','supportedApplicationContext','',null,'Y','N','N',null,null,null,null,'Y');
Insert into IAMUSER.METADATA_ELEMENT (METADATA_ID,TYPE_ID,ATTRIBUTE_NAME,DESCRIPTION,DATA_TYPE,AUDITABLE,REQUIRED,SELF_EDITABLE,TEMPLATE_ID,RESOURCE_ID,VALIDATOR,STATIC_DEFAULT_VALUE,IS_PUBLIC) values ('331','LdapOrgPerson','member','',null,'Y','N','N',null,null,null,null,'Y');
Insert into IAMUSER.METADATA_ELEMENT (METADATA_ID,TYPE_ID,ATTRIBUTE_NAME,DESCRIPTION,DATA_TYPE,AUDITABLE,REQUIRED,SELF_EDITABLE,TEMPLATE_ID,RESOURCE_ID,VALIDATOR,STATIC_DEFAULT_VALUE,IS_PUBLIC) values ('332','LdapOrgPerson','owner','',null,'Y','N','N',null,null,null,null,'Y');
Insert into IAMUSER.METADATA_ELEMENT (METADATA_ID,TYPE_ID,ATTRIBUTE_NAME,DESCRIPTION,DATA_TYPE,AUDITABLE,REQUIRED,SELF_EDITABLE,TEMPLATE_ID,RESOURCE_ID,VALIDATOR,STATIC_DEFAULT_VALUE,IS_PUBLIC) values ('333','LdapOrgPerson','roleOccupant','',null,'Y','N','N',null,null,null,null,'Y');
Insert into IAMUSER.METADATA_ELEMENT (METADATA_ID,TYPE_ID,ATTRIBUTE_NAME,DESCRIPTION,DATA_TYPE,AUDITABLE,REQUIRED,SELF_EDITABLE,TEMPLATE_ID,RESOURCE_ID,VALIDATOR,STATIC_DEFAULT_VALUE,IS_PUBLIC) values ('334','LdapOrgPerson','seeAlso','',null,'Y','N','N',null,null,null,null,'Y');
Insert into IAMUSER.METADATA_ELEMENT (METADATA_ID,TYPE_ID,ATTRIBUTE_NAME,DESCRIPTION,DATA_TYPE,AUDITABLE,REQUIRED,SELF_EDITABLE,TEMPLATE_ID,RESOURCE_ID,VALIDATOR,STATIC_DEFAULT_VALUE,IS_PUBLIC) values ('335','LdapOrgPerson','userPassword','',null,'Y','N','N',null,null,null,null,'Y');
Insert into IAMUSER.METADATA_ELEMENT (METADATA_ID,TYPE_ID,ATTRIBUTE_NAME,DESCRIPTION,DATA_TYPE,AUDITABLE,REQUIRED,SELF_EDITABLE,TEMPLATE_ID,RESOURCE_ID,VALIDATOR,STATIC_DEFAULT_VALUE,IS_PUBLIC) values ('336','LdapOrgPerson','userCertificate','',null,'Y','N','N',null,null,null,null,'Y');
Insert into IAMUSER.METADATA_ELEMENT (METADATA_ID,TYPE_ID,ATTRIBUTE_NAME,DESCRIPTION,DATA_TYPE,AUDITABLE,REQUIRED,SELF_EDITABLE,TEMPLATE_ID,RESOURCE_ID,VALIDATOR,STATIC_DEFAULT_VALUE,IS_PUBLIC) values ('337','LdapOrgPerson','cACertificate','',null,'Y','N','N',null,null,null,null,'Y');
Insert into IAMUSER.METADATA_ELEMENT (METADATA_ID,TYPE_ID,ATTRIBUTE_NAME,DESCRIPTION,DATA_TYPE,AUDITABLE,REQUIRED,SELF_EDITABLE,TEMPLATE_ID,RESOURCE_ID,VALIDATOR,STATIC_DEFAULT_VALUE,IS_PUBLIC) values ('338','LdapOrgPerson','authorityRevocationList','',null,'Y','N','N',null,null,null,null,'Y');
Insert into IAMUSER.METADATA_ELEMENT (METADATA_ID,TYPE_ID,ATTRIBUTE_NAME,DESCRIPTION,DATA_TYPE,AUDITABLE,REQUIRED,SELF_EDITABLE,TEMPLATE_ID,RESOURCE_ID,VALIDATOR,STATIC_DEFAULT_VALUE,IS_PUBLIC) values ('339','LdapOrgPerson','certificateRevocationList','',null,'Y','N','N',null,null,null,null,'Y');
Insert into IAMUSER.METADATA_ELEMENT (METADATA_ID,TYPE_ID,ATTRIBUTE_NAME,DESCRIPTION,DATA_TYPE,AUDITABLE,REQUIRED,SELF_EDITABLE,TEMPLATE_ID,RESOURCE_ID,VALIDATOR,STATIC_DEFAULT_VALUE,IS_PUBLIC) values ('340','LdapOrgPerson','crossCertificatePair','',null,'Y','N','N',null,null,null,null,'Y');
Insert into IAMUSER.METADATA_ELEMENT (METADATA_ID,TYPE_ID,ATTRIBUTE_NAME,DESCRIPTION,DATA_TYPE,AUDITABLE,REQUIRED,SELF_EDITABLE,TEMPLATE_ID,RESOURCE_ID,VALIDATOR,STATIC_DEFAULT_VALUE,IS_PUBLIC) values ('341','LdapOrgPerson','givenName','',null,'Y','N','N',null,null,null,null,'Y');
Insert into IAMUSER.METADATA_ELEMENT (METADATA_ID,TYPE_ID,ATTRIBUTE_NAME,DESCRIPTION,DATA_TYPE,AUDITABLE,REQUIRED,SELF_EDITABLE,TEMPLATE_ID,RESOURCE_ID,VALIDATOR,STATIC_DEFAULT_VALUE,IS_PUBLIC) values ('342','LdapOrgPerson','initials','',null,'Y','N','N',null,null,null,null,'Y');
Insert into IAMUSER.METADATA_ELEMENT (METADATA_ID,TYPE_ID,ATTRIBUTE_NAME,DESCRIPTION,DATA_TYPE,AUDITABLE,REQUIRED,SELF_EDITABLE,TEMPLATE_ID,RESOURCE_ID,VALIDATOR,STATIC_DEFAULT_VALUE,IS_PUBLIC) values ('343','LdapOrgPerson','generationQualifier','',null,'Y','N','N',null,null,null,null,'Y');
Insert into IAMUSER.METADATA_ELEMENT (METADATA_ID,TYPE_ID,ATTRIBUTE_NAME,DESCRIPTION,DATA_TYPE,AUDITABLE,REQUIRED,SELF_EDITABLE,TEMPLATE_ID,RESOURCE_ID,VALIDATOR,STATIC_DEFAULT_VALUE,IS_PUBLIC) values ('344','LdapOrgPerson','x500UniqueIdentifier','',null,'Y','N','N',null,null,null,null,'Y');
Insert into IAMUSER.METADATA_ELEMENT (METADATA_ID,TYPE_ID,ATTRIBUTE_NAME,DESCRIPTION,DATA_TYPE,AUDITABLE,REQUIRED,SELF_EDITABLE,TEMPLATE_ID,RESOURCE_ID,VALIDATOR,STATIC_DEFAULT_VALUE,IS_PUBLIC) values ('346','LdapOrgPerson','uniqueMember','',null,'Y','N','N',null,null,null,null,'Y');
Insert into IAMUSER.METADATA_ELEMENT (METADATA_ID,TYPE_ID,ATTRIBUTE_NAME,DESCRIPTION,DATA_TYPE,AUDITABLE,REQUIRED,SELF_EDITABLE,TEMPLATE_ID,RESOURCE_ID,VALIDATOR,STATIC_DEFAULT_VALUE,IS_PUBLIC) values ('347','LdapOrgPerson','houseIdentifier','',null,'Y','N','N',null,null,null,null,'Y');
Insert into IAMUSER.METADATA_ELEMENT (METADATA_ID,TYPE_ID,ATTRIBUTE_NAME,DESCRIPTION,DATA_TYPE,AUDITABLE,REQUIRED,SELF_EDITABLE,TEMPLATE_ID,RESOURCE_ID,VALIDATOR,STATIC_DEFAULT_VALUE,IS_PUBLIC) values ('348','LdapOrgPerson','uid','',null,'Y','N','N',null,null,null,null,'Y');
Insert into IAMUSER.METADATA_ELEMENT (METADATA_ID,TYPE_ID,ATTRIBUTE_NAME,DESCRIPTION,DATA_TYPE,AUDITABLE,REQUIRED,SELF_EDITABLE,TEMPLATE_ID,RESOURCE_ID,VALIDATOR,STATIC_DEFAULT_VALUE,IS_PUBLIC) values ('349','LdapOrgPerson','mail','',null,'Y','N','N',null,null,null,null,'Y');
Insert into IAMUSER.METADATA_ELEMENT (METADATA_ID,TYPE_ID,ATTRIBUTE_NAME,DESCRIPTION,DATA_TYPE,AUDITABLE,REQUIRED,SELF_EDITABLE,TEMPLATE_ID,RESOURCE_ID,VALIDATOR,STATIC_DEFAULT_VALUE,IS_PUBLIC) values ('350','LdapOrgPerson','ref','',null,'Y','N','N',null,null,null,null,'Y');
Insert into IAMUSER.METADATA_ELEMENT (METADATA_ID,TYPE_ID,ATTRIBUTE_NAME,DESCRIPTION,DATA_TYPE,AUDITABLE,REQUIRED,SELF_EDITABLE,TEMPLATE_ID,RESOURCE_ID,VALIDATOR,STATIC_DEFAULT_VALUE,IS_PUBLIC) values ('351','LdapOrgPerson','referral','',null,'Y','N','N',null,null,null,null,'Y');
Insert into IAMUSER.METADATA_ELEMENT (METADATA_ID,TYPE_ID,ATTRIBUTE_NAME,DESCRIPTION,DATA_TYPE,AUDITABLE,REQUIRED,SELF_EDITABLE,TEMPLATE_ID,RESOURCE_ID,VALIDATOR,STATIC_DEFAULT_VALUE,IS_PUBLIC) values ('352','LdapOrgPerson','krbName','',null,'Y','N','N',null,null,null,null,'Y');
Insert into IAMUSER.METADATA_ELEMENT (METADATA_ID,TYPE_ID,ATTRIBUTE_NAME,DESCRIPTION,DATA_TYPE,AUDITABLE,REQUIRED,SELF_EDITABLE,TEMPLATE_ID,RESOURCE_ID,VALIDATOR,STATIC_DEFAULT_VALUE,IS_PUBLIC) values ('401','MANAGED_SYS','SUBMIT_USER_TO_CONNECTOR',null,null,'Y','N','N',null,null,null,null,'Y');
Insert into IAMUSER.METADATA_ELEMENT (METADATA_ID,TYPE_ID,ATTRIBUTE_NAME,DESCRIPTION,DATA_TYPE,AUDITABLE,REQUIRED,SELF_EDITABLE,TEMPLATE_ID,RESOURCE_ID,VALIDATOR,STATIC_DEFAULT_VALUE,IS_PUBLIC) values ('402','MANAGED_SYS','INCLUDE_IN_PASSWORD_SYNC',null,null,'Y','N','N',null,null,null,null,'Y');
Insert into IAMUSER.METADATA_ELEMENT (METADATA_ID,TYPE_ID,ATTRIBUTE_NAME,DESCRIPTION,DATA_TYPE,AUDITABLE,REQUIRED,SELF_EDITABLE,TEMPLATE_ID,RESOURCE_ID,VALIDATOR,STATIC_DEFAULT_VALUE,IS_PUBLIC) values ('405','MANAGED_SYS','INCLUDE_IN_SYNC',null,null,'Y','N','N',null,null,null,null,'Y');
Insert into IAMUSER.METADATA_ELEMENT (METADATA_ID,TYPE_ID,ATTRIBUTE_NAME,DESCRIPTION,DATA_TYPE,AUDITABLE,REQUIRED,SELF_EDITABLE,TEMPLATE_ID,RESOURCE_ID,VALIDATOR,STATIC_DEFAULT_VALUE,IS_PUBLIC) values ('406','MANAGED_SYS','TABLE_NAME',null,null,'Y','N','N',null,null,null,null,'Y');
Insert into IAMUSER.METADATA_ELEMENT (METADATA_ID,TYPE_ID,ATTRIBUTE_NAME,DESCRIPTION,DATA_TYPE,AUDITABLE,REQUIRED,SELF_EDITABLE,TEMPLATE_ID,RESOURCE_ID,VALIDATOR,STATIC_DEFAULT_VALUE,IS_PUBLIC) values ('407','MANAGED_SYS','GROUP_MEMBERSHIP_ENABLED',null,null,'Y','N','N',null,null,null,null,'Y');
Insert into IAMUSER.METADATA_ELEMENT (METADATA_ID,TYPE_ID,ATTRIBUTE_NAME,DESCRIPTION,DATA_TYPE,AUDITABLE,REQUIRED,SELF_EDITABLE,TEMPLATE_ID,RESOURCE_ID,VALIDATOR,STATIC_DEFAULT_VALUE,IS_PUBLIC) values ('408','MANAGED_SYS','ON_DELETE',null,null,'Y','N','N',null,null,null,null,'Y');
Insert into IAMUSER.METADATA_ELEMENT (METADATA_ID,TYPE_ID,ATTRIBUTE_NAME,DESCRIPTION,DATA_TYPE,AUDITABLE,REQUIRED,SELF_EDITABLE,TEMPLATE_ID,RESOURCE_ID,VALIDATOR,STATIC_DEFAULT_VALUE,IS_PUBLIC) values ('409','MANAGED_SYS','PRE_PROCESS',null,null,'Y','N','N',null,null,null,null,'Y');
Insert into IAMUSER.METADATA_ELEMENT (METADATA_ID,TYPE_ID,ATTRIBUTE_NAME,DESCRIPTION,DATA_TYPE,AUDITABLE,REQUIRED,SELF_EDITABLE,TEMPLATE_ID,RESOURCE_ID,VALIDATOR,STATIC_DEFAULT_VALUE,IS_PUBLIC) values ('410','MANAGED_SYS','POST_PROCESS',null,null,'Y','N','N',null,null,null,null,'Y');
Insert into IAMUSER.METADATA_ELEMENT (METADATA_ID,TYPE_ID,ATTRIBUTE_NAME,DESCRIPTION,DATA_TYPE,AUDITABLE,REQUIRED,SELF_EDITABLE,TEMPLATE_ID,RESOURCE_ID,VALIDATOR,STATIC_DEFAULT_VALUE,IS_PUBLIC) values ('411','AUTH_REPO','HOST_URL',null,null,'Y','N','N',null,null,null,null,'Y');
Insert into IAMUSER.METADATA_ELEMENT (METADATA_ID,TYPE_ID,ATTRIBUTE_NAME,DESCRIPTION,DATA_TYPE,AUDITABLE,REQUIRED,SELF_EDITABLE,TEMPLATE_ID,RESOURCE_ID,VALIDATOR,STATIC_DEFAULT_VALUE,IS_PUBLIC) values ('412','AUTH_REPO','BASE_DN',null,null,'Y','N','N',null,null,null,null,'Y');
Insert into IAMUSER.METADATA_ELEMENT (METADATA_ID,TYPE_ID,ATTRIBUTE_NAME,DESCRIPTION,DATA_TYPE,AUDITABLE,REQUIRED,SELF_EDITABLE,TEMPLATE_ID,RESOURCE_ID,VALIDATOR,STATIC_DEFAULT_VALUE,IS_PUBLIC) values ('413','AUTH_REPO','HOST_LOGIN ID',null,null,'Y','N','N',null,null,null,null,'Y');
Insert into IAMUSER.METADATA_ELEMENT (METADATA_ID,TYPE_ID,ATTRIBUTE_NAME,DESCRIPTION,DATA_TYPE,AUDITABLE,REQUIRED,SELF_EDITABLE,TEMPLATE_ID,RESOURCE_ID,VALIDATOR,STATIC_DEFAULT_VALUE,IS_PUBLIC) values ('415','AUTH_REPO','COMMUNICATION_PROTOCOL',null,null,'Y','N','N',null,null,null,null,'Y');
Insert into IAMUSER.METADATA_ELEMENT (METADATA_ID,TYPE_ID,ATTRIBUTE_NAME,DESCRIPTION,DATA_TYPE,AUDITABLE,REQUIRED,SELF_EDITABLE,TEMPLATE_ID,RESOURCE_ID,VALIDATOR,STATIC_DEFAULT_VALUE,IS_PUBLIC) values ('416','AUTH_REPO','OBJECT_CLASS',null,null,'Y','N','N',null,null,null,null,'Y');
Insert into IAMUSER.METADATA_ELEMENT (METADATA_ID,TYPE_ID,ATTRIBUTE_NAME,DESCRIPTION,DATA_TYPE,AUDITABLE,REQUIRED,SELF_EDITABLE,TEMPLATE_ID,RESOURCE_ID,VALIDATOR,STATIC_DEFAULT_VALUE,IS_PUBLIC) values ('418','AUTH_REPO','SEARCH_ATTRIBUTE',null,null,'Y','N','N',null,null,null,null,'Y');
Insert into IAMUSER.METADATA_ELEMENT (METADATA_ID,TYPE_ID,ATTRIBUTE_NAME,DESCRIPTION,DATA_TYPE,AUDITABLE,REQUIRED,SELF_EDITABLE,TEMPLATE_ID,RESOURCE_ID,VALIDATOR,STATIC_DEFAULT_VALUE,IS_PUBLIC) values ('419','AUTH_REPO','MANAGED_SYS_ID',null,null,'Y','N','N',null,null,null,null,'Y');
Insert into IAMUSER.METADATA_ELEMENT (METADATA_ID,TYPE_ID,ATTRIBUTE_NAME,DESCRIPTION,DATA_TYPE,AUDITABLE,REQUIRED,SELF_EDITABLE,TEMPLATE_ID,RESOURCE_ID,VALIDATOR,STATIC_DEFAULT_VALUE,IS_PUBLIC) values ('420','AUTH_REPO','DN_ATTRIBUTE',null,null,'Y','N','N',null,null,null,null,'Y');
Insert into IAMUSER.METADATA_ELEMENT (METADATA_ID,TYPE_ID,ATTRIBUTE_NAME,DESCRIPTION,DATA_TYPE,AUDITABLE,REQUIRED,SELF_EDITABLE,TEMPLATE_ID,RESOURCE_ID,VALIDATOR,STATIC_DEFAULT_VALUE,IS_PUBLIC) values ('421','AUTH_REPO','PASSWORD',null,null,'Y','N','N',null,null,null,null,'Y');
Insert into IAMUSER.METADATA_ELEMENT (METADATA_ID,TYPE_ID,ATTRIBUTE_NAME,DESCRIPTION,DATA_TYPE,AUDITABLE,REQUIRED,SELF_EDITABLE,TEMPLATE_ID,RESOURCE_ID,VALIDATOR,STATIC_DEFAULT_VALUE,IS_PUBLIC) values ('430','WEBSERVICE','END_POINT',null,null,'Y','N','N',null,null,null,null,'Y');
Insert into IAMUSER.METADATA_ELEMENT (METADATA_ID,TYPE_ID,ATTRIBUTE_NAME,DESCRIPTION,DATA_TYPE,AUDITABLE,REQUIRED,SELF_EDITABLE,TEMPLATE_ID,RESOURCE_ID,VALIDATOR,STATIC_DEFAULT_VALUE,IS_PUBLIC) values ('440','WEBSERVICE_OP','OPERATION_NAME',null,null,'Y','N','N',null,null,null,null,'Y');
Insert into IAMUSER.METADATA_ELEMENT (METADATA_ID,TYPE_ID,ATTRIBUTE_NAME,DESCRIPTION,DATA_TYPE,AUDITABLE,REQUIRED,SELF_EDITABLE,TEMPLATE_ID,RESOURCE_ID,VALIDATOR,STATIC_DEFAULT_VALUE,IS_PUBLIC) values ('450','NO-PROVISION-APP','URL',null,null,'Y','N','N',null,null,null,null,'Y');

Insert into IAMUSER.COMPANY (COMPANY_ID,COMPANY_NAME,LST_UPDATE,LST_UPDATED_BY,PARENT_ID,STATUS,TYPE_ID,CREATE_DATE,CREATED_BY,ALIAS,DESCRIPTION,DOMAIN_NAME,LDAP_STR,CLASSIFICATION,INTERNAL_COMPANY_ID,ABBREVIATION,SYMBOL) values ('100','OpenIAM',null,null,null,'ACTIVE','OrgOpenIAM',null,null,null,null,'openiam.com',null,'ORGANIZATION',null,null,null);
Insert into IAMUSER.COMPANY (COMPANY_ID,COMPANY_NAME,LST_UPDATE,LST_UPDATED_BY,PARENT_ID,STATUS,TYPE_ID,CREATE_DATE,CREATED_BY,ALIAS,DESCRIPTION,DOMAIN_NAME,LDAP_STR,CLASSIFICATION,INTERNAL_COMPANY_ID,ABBREVIATION,SYMBOL) values ('101','Sales',null,null,'100','ACTIVE','departmentType',null,null,null,null,null,null,'DEPARTMENT',null,null,null);
Insert into IAMUSER.COMPANY (COMPANY_ID,COMPANY_NAME,LST_UPDATE,LST_UPDATED_BY,PARENT_ID,STATUS,TYPE_ID,CREATE_DATE,CREATED_BY,ALIAS,DESCRIPTION,DOMAIN_NAME,LDAP_STR,CLASSIFICATION,INTERNAL_COMPANY_ID,ABBREVIATION,SYMBOL) values ('102','Finance',null,null,'100','ACTIVE','departmentType',null,null,null,null,null,null,'DEPARTMENT',null,null,null);
Insert into IAMUSER.COMPANY (COMPANY_ID,COMPANY_NAME,LST_UPDATE,LST_UPDATED_BY,PARENT_ID,STATUS,TYPE_ID,CREATE_DATE,CREATED_BY,ALIAS,DESCRIPTION,DOMAIN_NAME,LDAP_STR,CLASSIFICATION,INTERNAL_COMPANY_ID,ABBREVIATION,SYMBOL) values ('103','Customer Service',null,null,'100','ACTIVE','departmentType',null,null,null,null,null,null,'DEPARTMENT',null,null,null);
Insert into IAMUSER.COMPANY (COMPANY_ID,COMPANY_NAME,LST_UPDATE,LST_UPDATED_BY,PARENT_ID,STATUS,TYPE_ID,CREATE_DATE,CREATED_BY,ALIAS,DESCRIPTION,DOMAIN_NAME,LDAP_STR,CLASSIFICATION,INTERNAL_COMPANY_ID,ABBREVIATION,SYMBOL) values ('104','IT',null,null,'100','ACTIVE','departmentType',null,null,null,null,null,null,'DEPARTMENT',null,null,null);

Insert into IAMUSER.COMPANY_TO_COMPANY_MEMBERSHIP (COMPANY_ID,MEMBER_COMPANY_ID) values ('100','101');
Insert into IAMUSER.COMPANY_TO_COMPANY_MEMBERSHIP (COMPANY_ID,MEMBER_COMPANY_ID) values ('100','102');
Insert into IAMUSER.COMPANY_TO_COMPANY_MEMBERSHIP (COMPANY_ID,MEMBER_COMPANY_ID) values ('100','103');
Insert into IAMUSER.COMPANY_TO_COMPANY_MEMBERSHIP (COMPANY_ID,MEMBER_COMPANY_ID) values ('100','104');


Insert into IAMUSER.LANGUAGE (ID,LANGUAGE,IS_USED,LANGUAGE_CODE) values ('1','English','Y','en');
Insert into IAMUSER.LANGUAGE (ID,LANGUAGE,IS_USED,LANGUAGE_CODE) values ('2','German','N','de');
Insert into IAMUSER.LANGUAGE (ID,LANGUAGE,IS_USED,LANGUAGE_CODE) values ('3','French','N','fr');
Insert into IAMUSER.LANGUAGE (ID,LANGUAGE,IS_USED,LANGUAGE_CODE) values ('4','Spanish','N','es');
Insert into IAMUSER.LANGUAGE (ID,LANGUAGE,IS_USED,LANGUAGE_CODE) values ('5','Italian','N','it');
Insert into IAMUSER.LANGUAGE (ID,LANGUAGE,IS_USED,LANGUAGE_CODE) values ('6','Dutch','N','nl');
Insert into IAMUSER.LANGUAGE (ID,LANGUAGE,IS_USED,LANGUAGE_CODE) values ('7','Portugese','N','pt');

Insert into IAMUSER.LANGUAGE_LOCALE (ID,LANGUAGE_ID,LOCALE) values ('4','2','de_DE');
Insert into IAMUSER.LANGUAGE_LOCALE (ID,LANGUAGE_ID,LOCALE) values ('1','1','en_EN');
Insert into IAMUSER.LANGUAGE_LOCALE (ID,LANGUAGE_ID,LOCALE) values ('3','1','en_GB');
Insert into IAMUSER.LANGUAGE_LOCALE (ID,LANGUAGE_ID,LOCALE) values ('2','1','en_US');
Insert into IAMUSER.LANGUAGE_LOCALE (ID,LANGUAGE_ID,LOCALE) values ('6','4','es_ES');
Insert into IAMUSER.LANGUAGE_LOCALE (ID,LANGUAGE_ID,LOCALE) values ('5','3','fr_FR');
Insert into IAMUSER.LANGUAGE_LOCALE (ID,LANGUAGE_ID,LOCALE) values ('7','5','it_IT');
Insert into IAMUSER.LANGUAGE_LOCALE (ID,LANGUAGE_ID,LOCALE) values ('8','6','nl_NL');
Insert into IAMUSER.LANGUAGE_LOCALE (ID,LANGUAGE_ID,LOCALE) values ('9','7','pt_PT');


Insert into IAMUSER.LOCATION (LOCATION_ID,NAME,DESCRIPTION,COUNTRY,BLDG_NUM,STREET_DIRECTION,ADDRESS1,ADDRESS2,ADDRESS3,CITY,STATE,POSTAL_CD,ORGANIZATION_ID,INTERNAL_LOCATION_ID,ACTIVE,SENSITIVE_LOCATION) values ('100','HQ',null,'US','111',null,'MAIN ST',null,null,'MY TOWN','NY','12345',null,null,1,0);
Insert into IAMUSER.LOCATION (LOCATION_ID,NAME,DESCRIPTION,COUNTRY,BLDG_NUM,STREET_DIRECTION,ADDRESS1,ADDRESS2,ADDRESS3,CITY,STATE,POSTAL_CD,ORGANIZATION_ID,INTERNAL_LOCATION_ID,ACTIVE,SENSITIVE_LOCATION) values ('101','BRANCH',null,'US','112',null,'Next ST',null,null,'MY TOWN','CT','67890',null,null,1,0);

Insert into IAMUSER.MNG_SYS_OBJECT_MATCH (OBJECT_SEARCH_ID,MANAGED_SYS_ID,OBJECT_TYPE,MATCH_METHOD,BASE_DN,SEARCH_BASE_DN,SEARCH_FILTER,KEY_FIELD) values ('100','101','USER','BASE_DN','ou=people,dc=openiam,dc=org','dc=openiam,dc=org','(&(objectclass=inetOrgPerson)(?))','uid');
Insert into IAMUSER.MNG_SYS_OBJECT_MATCH (OBJECT_SEARCH_ID,MANAGED_SYS_ID,OBJECT_TYPE,MATCH_METHOD,BASE_DN,SEARCH_BASE_DN,SEARCH_FILTER,KEY_FIELD) values ('101','101','USER','BASE_DN',null,null,'(&(objectclass=inetOrgPerson)(?))','uid');
Insert into IAMUSER.MNG_SYS_OBJECT_MATCH (OBJECT_SEARCH_ID,MANAGED_SYS_ID,OBJECT_TYPE,MATCH_METHOD,BASE_DN,SEARCH_BASE_DN,SEARCH_FILTER,KEY_FIELD) values ('110','110','USER','BASE_DN',null,null,'(&(objectclass=user)(?))','CN');

Insert into IAMUSER.POLICY_DEF (POLICY_DEF_ID,NAME,DESCRIPTION,POLICY_TYPE,LOCATION_TYPE,POLICY_RULE,POLICY_HANDLER,POLICY_ADVISE_HANDLER) values ('100','PASSWORD POLICY','Out of the box Password Policy','2','DB',null,null,null);
Insert into IAMUSER.POLICY_DEF (POLICY_DEF_ID,NAME,DESCRIPTION,POLICY_TYPE,LOCATION_TYPE,POLICY_RULE,POLICY_HANDLER,POLICY_ADVISE_HANDLER) values ('103','AUTHENTICATION POLICY','Out of the box Authentication Policy','4','DB',null,null,null);
Insert into IAMUSER.POLICY_DEF (POLICY_DEF_ID,NAME,DESCRIPTION,POLICY_TYPE,LOCATION_TYPE,POLICY_RULE,POLICY_HANDLER,POLICY_ADVISE_HANDLER) values ('104','ATTRIBUTE POLICY','Attribute value policies.','5','DB',null,null,null);

Insert into IAMUSER.POLICY_DEF_PARAM (DEF_PARAM_ID,POLICY_DEF_ID,NAME,DESCRIPTION,OPERATION,VALUE1,VALUE2,REPEATS,PARAM_GROUP,HANDLER_LANGUAGE,POLICY_PARAM_HANDLER) values ('110','100','PWD_HIST_VER','Password history versions',null,null,null,0,'PSWD_COMPOSITION',null,'org.openiam.idm.srvc.pswd.rule.PasswordHistoryRule');
Insert into IAMUSER.POLICY_DEF_PARAM (DEF_PARAM_ID,POLICY_DEF_ID,NAME,DESCRIPTION,OPERATION,VALUE1,VALUE2,REPEATS,PARAM_GROUP,HANDLER_LANGUAGE,POLICY_PARAM_HANDLER) values ('111','100','PWD_EXPIRATION','Password expiration',null,null,null,0,'',null,'');
Insert into IAMUSER.POLICY_DEF_PARAM (DEF_PARAM_ID,POLICY_DEF_ID,NAME,DESCRIPTION,OPERATION,VALUE1,VALUE2,REPEATS,PARAM_GROUP,HANDLER_LANGUAGE,POLICY_PARAM_HANDLER) values ('112','100','PWD_LEN','Password length','RANGE',null,null,0,'PSWD_COMPOSITION',null,'org.openiam.idm.srvc.pswd.rule.PasswordLengthRule');
Insert into IAMUSER.POLICY_DEF_PARAM (DEF_PARAM_ID,POLICY_DEF_ID,NAME,DESCRIPTION,OPERATION,VALUE1,VALUE2,REPEATS,PARAM_GROUP,HANDLER_LANGUAGE,POLICY_PARAM_HANDLER) values ('113','100','NUMERIC_CHARS','Numeric characters(Min-Max)','RANGE',null,null,0,'PSWD_COMPOSITION',null,'org.openiam.idm.srvc.pswd.rule.NumericCharRule');
Insert into IAMUSER.POLICY_DEF_PARAM (DEF_PARAM_ID,POLICY_DEF_ID,NAME,DESCRIPTION,OPERATION,VALUE1,VALUE2,REPEATS,PARAM_GROUP,HANDLER_LANGUAGE,POLICY_PARAM_HANDLER) values ('114','100','UPPERCASE_CHARS','Uppercase characters(Min-Max)','RANGE',null,null,0,'PSWD_COMPOSITION',null,'org.openiam.idm.srvc.pswd.rule.UpperCaseRule');
Insert into IAMUSER.POLICY_DEF_PARAM (DEF_PARAM_ID,POLICY_DEF_ID,NAME,DESCRIPTION,OPERATION,VALUE1,VALUE2,REPEATS,PARAM_GROUP,HANDLER_LANGUAGE,POLICY_PARAM_HANDLER) values ('115','100','LOWERCASE_CHARS','Lowercase characters(Min-Max)','RANGE',null,null,0,'PSWD_COMPOSITION',null,'org.openiam.idm.srvc.pswd.rule.LowerCaseRule');
Insert into IAMUSER.POLICY_DEF_PARAM (DEF_PARAM_ID,POLICY_DEF_ID,NAME,DESCRIPTION,OPERATION,VALUE1,VALUE2,REPEATS,PARAM_GROUP,HANDLER_LANGUAGE,POLICY_PARAM_HANDLER) values ('116','100','NON_ALPHA_CHARS','Non-alpha numeric symbols(Min-Max)','RANGE',null,null,0,'PSWD_COMPOSITION',null,'org.openiam.idm.srvc.pswd.rule.NonAlphaNumericRule');
Insert into IAMUSER.POLICY_DEF_PARAM (DEF_PARAM_ID,POLICY_DEF_ID,NAME,DESCRIPTION,OPERATION,VALUE1,VALUE2,REPEATS,PARAM_GROUP,HANDLER_LANGUAGE,POLICY_PARAM_HANDLER) values ('117','100','ALPHA_CHARS','Alpha character(Min-Max)','RANGE',null,null,0,'PSWD_COMPOSITION',null,'org.openiam.idm.srvc.pswd.rule.AlphaCharRule');
Insert into IAMUSER.POLICY_DEF_PARAM (DEF_PARAM_ID,POLICY_DEF_ID,NAME,DESCRIPTION,OPERATION,VALUE1,VALUE2,REPEATS,PARAM_GROUP,HANDLER_LANGUAGE,POLICY_PARAM_HANDLER) values ('120','100','DICTIONARY_CHECK','Dictionary Check','boolean',null,null,0,'',null,'');
Insert into IAMUSER.POLICY_DEF_PARAM (DEF_PARAM_ID,POLICY_DEF_ID,NAME,DESCRIPTION,OPERATION,VALUE1,VALUE2,REPEATS,PARAM_GROUP,HANDLER_LANGUAGE,POLICY_PARAM_HANDLER) values ('121','100','PWD_LOGIN','Reject password = Login Id','boolean',null,null,0,'PSWD_COMPOSITION',null,'org.openiam.idm.srvc.pswd.rule.PasswordNotPrincipalRule');
Insert into IAMUSER.POLICY_DEF_PARAM (DEF_PARAM_ID,POLICY_DEF_ID,NAME,DESCRIPTION,OPERATION,VALUE1,VALUE2,REPEATS,PARAM_GROUP,HANDLER_LANGUAGE,POLICY_PARAM_HANDLER) values ('122','100','PWD_NAME','Reject password = First / Last name','boolean',null,null,0,'PSWD_COMPOSITION',null,'org.openiam.idm.srvc.pswd.rule.PasswordNotNameRule');
Insert into IAMUSER.POLICY_DEF_PARAM (DEF_PARAM_ID,POLICY_DEF_ID,NAME,DESCRIPTION,OPERATION,VALUE1,VALUE2,REPEATS,PARAM_GROUP,HANDLER_LANGUAGE,POLICY_PARAM_HANDLER) values ('123','100','VOWELS_IN_PWD','Reject Password containing vowels ','boolean',null,null,0,'PSWD_COMPOSITION',null,'');
Insert into IAMUSER.POLICY_DEF_PARAM (DEF_PARAM_ID,POLICY_DEF_ID,NAME,DESCRIPTION,OPERATION,VALUE1,VALUE2,REPEATS,PARAM_GROUP,HANDLER_LANGUAGE,POLICY_PARAM_HANDLER) values ('124','100','REJECT_NUM_START','Reject passwords that begin or end with a numeric character','boolean',null,null,0,'PSWD_COMPOSITION',null,'');
Insert into IAMUSER.POLICY_DEF_PARAM (DEF_PARAM_ID,POLICY_DEF_ID,NAME,DESCRIPTION,OPERATION,VALUE1,VALUE2,REPEATS,PARAM_GROUP,HANDLER_LANGUAGE,POLICY_PARAM_HANDLER) values ('125','100','HAS_NUMERIC_AT','Password to contain numeric chars at following positions',null,null,null,0,'PSWD_COMPOSITION',null,'');
Insert into IAMUSER.POLICY_DEF_PARAM (DEF_PARAM_ID,POLICY_DEF_ID,NAME,DESCRIPTION,OPERATION,VALUE1,VALUE2,REPEATS,PARAM_GROUP,HANDLER_LANGUAGE,POLICY_PARAM_HANDLER) values ('126','100','HAS_ALPHA_NUM_AT','Password to contain alpha numeric chars at following positions',null,null,null,0,'PSWD_COMPOSITION',null,'');
Insert into IAMUSER.POLICY_DEF_PARAM (DEF_PARAM_ID,POLICY_DEF_ID,NAME,DESCRIPTION,OPERATION,VALUE1,VALUE2,REPEATS,PARAM_GROUP,HANDLER_LANGUAGE,POLICY_PARAM_HANDLER) values ('128','100','FORCE_NON_ALPHA_NUM_AT','Force password to contain non-alpha numeric chars at following positions',null,null,null,0,'PSWD_COMPOSITION',null,'');
Insert into IAMUSER.POLICY_DEF_PARAM (DEF_PARAM_ID,POLICY_DEF_ID,NAME,DESCRIPTION,OPERATION,VALUE1,VALUE2,REPEATS,PARAM_GROUP,HANDLER_LANGUAGE,POLICY_PARAM_HANDLER) values ('129','100','PWD_EXP_WARN','Days to password expiration warning',null,null,null,0,'MISC',null,null);
Insert into IAMUSER.POLICY_DEF_PARAM (DEF_PARAM_ID,POLICY_DEF_ID,NAME,DESCRIPTION,OPERATION,VALUE1,VALUE2,REPEATS,PARAM_GROUP,HANDLER_LANGUAGE,POLICY_PARAM_HANDLER) values ('130','100','QUEST_COUNT','Number of questions to display',null,null,null,0,null,null,null);
Insert into IAMUSER.POLICY_DEF_PARAM (DEF_PARAM_ID,POLICY_DEF_ID,NAME,DESCRIPTION,OPERATION,VALUE1,VALUE2,REPEATS,PARAM_GROUP,HANDLER_LANGUAGE,POLICY_PARAM_HANDLER) values ('131','100','QUEST_SRC','Source of questions',null,null,null,0,'SELFSERVE',null,null);
Insert into IAMUSER.POLICY_DEF_PARAM (DEF_PARAM_ID,POLICY_DEF_ID,NAME,DESCRIPTION,OPERATION,VALUE1,VALUE2,REPEATS,PARAM_GROUP,HANDLER_LANGUAGE,POLICY_PARAM_HANDLER) values ('132','100','QUEST_LIST','Question list',null,null,null,0,'SELFSERVE',null,null);
Insert into IAMUSER.POLICY_DEF_PARAM (DEF_PARAM_ID,POLICY_DEF_ID,NAME,DESCRIPTION,OPERATION,VALUE1,VALUE2,REPEATS,PARAM_GROUP,HANDLER_LANGUAGE,POLICY_PARAM_HANDLER) values ('133','100','PWD_EXP_GRACE','Password expiration grace period',null,null,null,0,null,null,'');
Insert into IAMUSER.POLICY_DEF_PARAM (DEF_PARAM_ID,POLICY_DEF_ID,NAME,DESCRIPTION,OPERATION,VALUE1,VALUE2,REPEATS,PARAM_GROUP,HANDLER_LANGUAGE,POLICY_PARAM_HANDLER) values ('134','100','CHNG_PSWD_ON_RESET','Change Password after reset',null,null,null,0,null,null,'');
Insert into IAMUSER.POLICY_DEF_PARAM (DEF_PARAM_ID,POLICY_DEF_ID,NAME,DESCRIPTION,OPERATION,VALUE1,VALUE2,REPEATS,PARAM_GROUP,HANDLER_LANGUAGE,POLICY_PARAM_HANDLER) values ('138','100','PWD_EQ_PWD','RejectPassword Equals password',null,null,null,0,'PSWD_COMPOSITION',null,'org.openiam.idm.srvc.pswd.rule.PasswordNotPasswordRule');
Insert into IAMUSER.POLICY_DEF_PARAM (DEF_PARAM_ID,POLICY_DEF_ID,NAME,DESCRIPTION,OPERATION,VALUE1,VALUE2,REPEATS,PARAM_GROUP,HANDLER_LANGUAGE,POLICY_PARAM_HANDLER) values ('139','100','RESET_BY_USER','Reject reset by user',null,null,null,0,'PSWD_COMPOSITION',null,'org.openiam.idm.srvc.pswd.rule.ChangePasswordByUserRule');
Insert into IAMUSER.POLICY_DEF_PARAM (DEF_PARAM_ID,POLICY_DEF_ID,NAME,DESCRIPTION,OPERATION,VALUE1,VALUE2,REPEATS,PARAM_GROUP,HANDLER_LANGUAGE,POLICY_PARAM_HANDLER) values ('141','100','PWD_EXPIRATION_ON_RESET','Password expiration time on reset',null,null,null,0,'',null,'');
Insert into IAMUSER.POLICY_DEF_PARAM (DEF_PARAM_ID,POLICY_DEF_ID,NAME,DESCRIPTION,OPERATION,VALUE1,VALUE2,REPEATS,PARAM_GROUP,HANDLER_LANGUAGE,POLICY_PARAM_HANDLER) values ('142','100','PASSWORD_CHANGE_ALLOWED','Determines how many times you are allowed to change your password',null,null,null,0,'PSWD_COMPOSITION',null,'org.openiam.idm.srvc.pswd.rule.PasswordChangeAllowedRule');
Insert into IAMUSER.POLICY_DEF_PARAM (DEF_PARAM_ID,POLICY_DEF_ID,NAME,DESCRIPTION,OPERATION,VALUE1,VALUE2,REPEATS,PARAM_GROUP,HANDLER_LANGUAGE,POLICY_PARAM_HANDLER) values ('151','103','AUTO_UNLOCK_TIME','UnLock account in n minutes',null,null,null,0,null,null,null);
Insert into IAMUSER.POLICY_DEF_PARAM (DEF_PARAM_ID,POLICY_DEF_ID,NAME,DESCRIPTION,OPERATION,VALUE1,VALUE2,REPEATS,PARAM_GROUP,HANDLER_LANGUAGE,POLICY_PARAM_HANDLER) values ('152','103','TOKEN_TYPE','SSO Token Type',null,null,null,0,null,null,null);
Insert into IAMUSER.POLICY_DEF_PARAM (DEF_PARAM_ID,POLICY_DEF_ID,NAME,DESCRIPTION,OPERATION,VALUE1,VALUE2,REPEATS,PARAM_GROUP,HANDLER_LANGUAGE,POLICY_PARAM_HANDLER) values ('153','103','LOGIN_MODULE_SEL_POLCY','Policy to select the login module',null,null,null,0,null,null,null);
Insert into IAMUSER.POLICY_DEF_PARAM (DEF_PARAM_ID,POLICY_DEF_ID,NAME,DESCRIPTION,OPERATION,VALUE1,VALUE2,REPEATS,PARAM_GROUP,HANDLER_LANGUAGE,POLICY_PARAM_HANDLER) values ('154','103','SUCCESS_URL','URL to forward on authn success',null,null,null,0,null,null,null);
Insert into IAMUSER.POLICY_DEF_PARAM (DEF_PARAM_ID,POLICY_DEF_ID,NAME,DESCRIPTION,OPERATION,VALUE1,VALUE2,REPEATS,PARAM_GROUP,HANDLER_LANGUAGE,POLICY_PARAM_HANDLER) values ('155','103','FAIL_URL','URL to forward on authn fail',null,null,null,0,null,null,null);
Insert into IAMUSER.POLICY_DEF_PARAM (DEF_PARAM_ID,POLICY_DEF_ID,NAME,DESCRIPTION,OPERATION,VALUE1,VALUE2,REPEATS,PARAM_GROUP,HANDLER_LANGUAGE,POLICY_PARAM_HANDLER) values ('157','103','FAILED_AUTH_COUNT','Failed Authentication Attempts',null,null,null,0,null,null,null);
Insert into IAMUSER.POLICY_DEF_PARAM (DEF_PARAM_ID,POLICY_DEF_ID,NAME,DESCRIPTION,OPERATION,VALUE1,VALUE2,REPEATS,PARAM_GROUP,HANDLER_LANGUAGE,POLICY_PARAM_HANDLER) values ('158','103','DEFAULT_LOGIN_MOD','Default Login Module',null,null,null,0,null,null,null);
Insert into IAMUSER.POLICY_DEF_PARAM (DEF_PARAM_ID,POLICY_DEF_ID,NAME,DESCRIPTION,OPERATION,VALUE1,VALUE2,REPEATS,PARAM_GROUP,HANDLER_LANGUAGE,POLICY_PARAM_HANDLER) values ('159','103','TOKEN_LIFE','SSO Token Type Life',null,null,null,0,null,null,null);
Insert into IAMUSER.POLICY_DEF_PARAM (DEF_PARAM_ID,POLICY_DEF_ID,NAME,DESCRIPTION,OPERATION,VALUE1,VALUE2,REPEATS,PARAM_GROUP,HANDLER_LANGUAGE,POLICY_PARAM_HANDLER) values ('162','103','TOKEN_ISSUER','Issuer of the SSO Token',null,null,null,0,null,null,null);
Insert into IAMUSER.POLICY_DEF_PARAM (DEF_PARAM_ID,POLICY_DEF_ID,NAME,DESCRIPTION,OPERATION,VALUE1,VALUE2,REPEATS,PARAM_GROUP,HANDLER_LANGUAGE,POLICY_PARAM_HANDLER) values ('163','103','LOGIN_MOD_TYPE','Type of authentication module',null,null,null,0,null,null,null);
Insert into IAMUSER.POLICY_DEF_PARAM (DEF_PARAM_ID,POLICY_DEF_ID,NAME,DESCRIPTION,OPERATION,VALUE1,VALUE2,REPEATS,PARAM_GROUP,HANDLER_LANGUAGE,POLICY_PARAM_HANDLER) values ('164','103','AUTH_REPOSITORY','Authentication Repository',null,null,null,0,null,null,null);
Insert into IAMUSER.POLICY_DEF_PARAM (DEF_PARAM_ID,POLICY_DEF_ID,NAME,DESCRIPTION,OPERATION,VALUE1,VALUE2,REPEATS,PARAM_GROUP,HANDLER_LANGUAGE,POLICY_PARAM_HANDLER) values ('170','100','REJECT_CHARS_IN_PSWD','Characters not allowed in a password',null,null,null,0,'PSWD_COMPOSITION',null,'org.openiam.idm.srvc.pswd.rule.RejectCharactersRule');
Insert into IAMUSER.POLICY_DEF_PARAM (DEF_PARAM_ID,POLICY_DEF_ID,NAME,DESCRIPTION,OPERATION,VALUE1,VALUE2,REPEATS,PARAM_GROUP,HANDLER_LANGUAGE,POLICY_PARAM_HANDLER) values ('171','100','QUEST_ANSWER_CORRECT','Number of answers that are required to be correct',null,null,null,0,null,null,null);
Insert into IAMUSER.POLICY_DEF_PARAM (DEF_PARAM_ID,POLICY_DEF_ID,NAME,DESCRIPTION,OPERATION,VALUE1,VALUE2,REPEATS,PARAM_GROUP,HANDLER_LANGUAGE,POLICY_PARAM_HANDLER) values ('172','103','HOST_LOGIN','Login to the host',null,null,null,0,null,null,null);
Insert into IAMUSER.POLICY_DEF_PARAM (DEF_PARAM_ID,POLICY_DEF_ID,NAME,DESCRIPTION,OPERATION,VALUE1,VALUE2,REPEATS,PARAM_GROUP,HANDLER_LANGUAGE,POLICY_PARAM_HANDLER) values ('173','103','HOST_PASSWORD','Password to the host',null,null,null,0,null,null,null);
Insert into IAMUSER.POLICY_DEF_PARAM (DEF_PARAM_ID,POLICY_DEF_ID,NAME,DESCRIPTION,OPERATION,VALUE1,VALUE2,REPEATS,PARAM_GROUP,HANDLER_LANGUAGE,POLICY_PARAM_HANDLER) values ('174','103','BASEDN','Type of authentication module',null,null,null,0,null,null,null);
Insert into IAMUSER.POLICY_DEF_PARAM (DEF_PARAM_ID,POLICY_DEF_ID,NAME,DESCRIPTION,OPERATION,VALUE1,VALUE2,REPEATS,PARAM_GROUP,HANDLER_LANGUAGE,POLICY_PARAM_HANDLER) values ('175','103','PROTOCOL','Protocol',null,null,null,0,null,null,null);
Insert into IAMUSER.POLICY_DEF_PARAM (DEF_PARAM_ID,POLICY_DEF_ID,NAME,DESCRIPTION,OPERATION,VALUE1,VALUE2,REPEATS,PARAM_GROUP,HANDLER_LANGUAGE,POLICY_PARAM_HANDLER) values ('176','103','KEY_ATTRIBUTE','Name of the Primary Key Attribute',null,null,null,0,null,null,null);
Insert into IAMUSER.POLICY_DEF_PARAM (DEF_PARAM_ID,POLICY_DEF_ID,NAME,DESCRIPTION,OPERATION,VALUE1,VALUE2,REPEATS,PARAM_GROUP,HANDLER_LANGUAGE,POLICY_PARAM_HANDLER) values ('178','103','MANAGED_SYS_ID','Managed system Id',null,null,null,0,null,null,null);
Insert into IAMUSER.POLICY_DEF_PARAM (DEF_PARAM_ID,POLICY_DEF_ID,NAME,DESCRIPTION,OPERATION,VALUE1,VALUE2,REPEATS,PARAM_GROUP,HANDLER_LANGUAGE,POLICY_PARAM_HANDLER) values ('179','103','HOST_URL','URL of the host system',null,null,null,0,null,null,null);

Insert into IAMUSER.POLICY (POLICY_ID,POLICY_DEF_ID,NAME,DESCRIPTION,STATUS,RULE_SRC_URL,ENABLEMENT) values ('4000','100','Default Pswd Policy','Default Password Policy',1,null,1);
Insert into IAMUSER.POLICY (POLICY_ID,POLICY_DEF_ID,NAME,DESCRIPTION,STATUS,RULE_SRC_URL,ENABLEMENT) values ('4001','103','Default Authn Policy','Default Authentication Policy',1,null,1);
Insert into IAMUSER.POLICY (POLICY_ID,POLICY_DEF_ID,NAME,DESCRIPTION,STATUS,RULE_SRC_URL,ENABLEMENT) values ('4501','104','cn','commonName',1,'provision/cn.groovy',1);
Insert into IAMUSER.POLICY (POLICY_ID,POLICY_DEF_ID,NAME,DESCRIPTION,STATUS,RULE_SRC_URL,ENABLEMENT) values ('4502','104','mail','email address',1,'provision/mail.groovy',1);
Insert into IAMUSER.POLICY (POLICY_ID,POLICY_DEF_ID,NAME,DESCRIPTION,STATUS,RULE_SRC_URL,ENABLEMENT) values ('4503','104','o','organization name',1,'provision/o.groovy',1);
Insert into IAMUSER.POLICY (POLICY_ID,POLICY_DEF_ID,NAME,DESCRIPTION,STATUS,RULE_SRC_URL,ENABLEMENT) values ('4504','104','ou','organizationalUnitName',1,'provision/ou.groovy',1);
Insert into IAMUSER.POLICY (POLICY_ID,POLICY_DEF_ID,NAME,DESCRIPTION,STATUS,RULE_SRC_URL,ENABLEMENT) values ('4505','104','postalCode','commonName',1,'provision/postalCode.groovy',1);
Insert into IAMUSER.POLICY (POLICY_ID,POLICY_DEF_ID,NAME,DESCRIPTION,STATUS,RULE_SRC_URL,ENABLEMENT) values ('4506','104','sn','surname',1,'provision/sn.groovy',1);
Insert into IAMUSER.POLICY (POLICY_ID,POLICY_DEF_ID,NAME,DESCRIPTION,STATUS,RULE_SRC_URL,ENABLEMENT) values ('4507','104','st','stateOrProvinceName',1,'provision/st.groovy',1);
Insert into IAMUSER.POLICY (POLICY_ID,POLICY_DEF_ID,NAME,DESCRIPTION,STATUS,RULE_SRC_URL,ENABLEMENT) values ('4508','104','street','streetAddress',1,'provision/street.groovy',1);
Insert into IAMUSER.POLICY (POLICY_ID,POLICY_DEF_ID,NAME,DESCRIPTION,STATUS,RULE_SRC_URL,ENABLEMENT) values ('4509','104','userPassword','password',1,'provision/userPassword.groovy',1);
Insert into IAMUSER.POLICY (POLICY_ID,POLICY_DEF_ID,NAME,DESCRIPTION,STATUS,RULE_SRC_URL,ENABLEMENT) values ('4510','104','postalAddress','postalAddress',1,'provision/postalAddress.groovy',1);
Insert into IAMUSER.POLICY (POLICY_ID,POLICY_DEF_ID,NAME,DESCRIPTION,STATUS,RULE_SRC_URL,ENABLEMENT) values ('4511','104','telephoneNumber','Primary Telephone',1,'provision/telephone.groovy',1);
Insert into IAMUSER.POLICY (POLICY_ID,POLICY_DEF_ID,NAME,DESCRIPTION,STATUS,RULE_SRC_URL,ENABLEMENT) values ('4512','104','facsimileTelephoneNumber','Fax',1,'provision/fax.groovy',1);
Insert into IAMUSER.POLICY (POLICY_ID,POLICY_DEF_ID,NAME,DESCRIPTION,STATUS,RULE_SRC_URL,ENABLEMENT) values ('4513','104','mobile','mobileTelephoneNumber',1,'provision/mobile.groovy',1);
Insert into IAMUSER.POLICY (POLICY_ID,POLICY_DEF_ID,NAME,DESCRIPTION,STATUS,RULE_SRC_URL,ENABLEMENT) values ('4514','104','gn','givenName',1,'provision/gn.groovy',1);
Insert into IAMUSER.POLICY (POLICY_ID,POLICY_DEF_ID,NAME,DESCRIPTION,STATUS,RULE_SRC_URL,ENABLEMENT) values ('4515','104','uid','User Id',1,'provision/uid.groovy',1);
Insert into IAMUSER.POLICY (POLICY_ID,POLICY_DEF_ID,NAME,DESCRIPTION,STATUS,RULE_SRC_URL,ENABLEMENT) values ('4516','104','departmentCD','Department Code',1,'provision/deptcd.groovy',1);
Insert into IAMUSER.POLICY (POLICY_ID,POLICY_DEF_ID,NAME,DESCRIPTION,STATUS,RULE_SRC_URL,ENABLEMENT) values ('4517','104','displayName','Display Name',1,'provision/displayName.groovy',1);
Insert into IAMUSER.POLICY (POLICY_ID,POLICY_DEF_ID,NAME,DESCRIPTION,STATUS,RULE_SRC_URL,ENABLEMENT) values ('4518','104','employeeType','Employee Type',1,'provision/employeeType.groovy',1);
Insert into IAMUSER.POLICY (POLICY_ID,POLICY_DEF_ID,NAME,DESCRIPTION,STATUS,RULE_SRC_URL,ENABLEMENT) values ('4519','104','initials','Intials',1,'provision/initials.groovy',1);
Insert into IAMUSER.POLICY (POLICY_ID,POLICY_DEF_ID,NAME,DESCRIPTION,STATUS,RULE_SRC_URL,ENABLEMENT) values ('4521','104','objectclass','Department Number',1,'provision/objectclass.groovy',1);
Insert into IAMUSER.POLICY (POLICY_ID,POLICY_DEF_ID,NAME,DESCRIPTION,STATUS,RULE_SRC_URL,ENABLEMENT) values ('4522','104','title','Title',1,'provision/title.groovy',1);
Insert into IAMUSER.POLICY (POLICY_ID,POLICY_DEF_ID,NAME,DESCRIPTION,STATUS,RULE_SRC_URL,ENABLEMENT) values ('4540','104','userDefineEmail','email address',1,'provision/emailUserDefined.groovy',1);
Insert into IAMUSER.POLICY (POLICY_ID,POLICY_DEF_ID,NAME,DESCRIPTION,STATUS,RULE_SRC_URL,ENABLEMENT) values ('4541','104','dob','Date of Birth',1,'provision/dob.groovy',1);
Insert into IAMUSER.POLICY (POLICY_ID,POLICY_DEF_ID,NAME,DESCRIPTION,STATUS,RULE_SRC_URL,ENABLEMENT) values ('4542','104','middleInit','Middle Initial',1,'provision/middleInit.groovy',1);
Insert into IAMUSER.POLICY (POLICY_ID,POLICY_DEF_ID,NAME,DESCRIPTION,STATUS,RULE_SRC_URL,ENABLEMENT) values ('4543','104','employeeId','Employee ID',1,'provision/employeeId.groovy',1);
Insert into IAMUSER.POLICY (POLICY_ID,POLICY_DEF_ID,NAME,DESCRIPTION,STATUS,RULE_SRC_URL,ENABLEMENT) values ('4544','104','userDefinedPassword','Password By User',1,'provision/userDefPassword.groovy',1);
Insert into IAMUSER.POLICY (POLICY_ID,POLICY_DEF_ID,NAME,DESCRIPTION,STATUS,RULE_SRC_URL,ENABLEMENT) values ('4545','104','userRole','Role Membership',1,'provision/userRole.groovy',1);
Insert into IAMUSER.POLICY (POLICY_ID,POLICY_DEF_ID,NAME,DESCRIPTION,STATUS,RULE_SRC_URL,ENABLEMENT) values ('4546','104','userGroup','Group Membership',1,'provision/userGroup.groovy',1);
Insert into IAMUSER.POLICY (POLICY_ID,POLICY_DEF_ID,NAME,DESCRIPTION,STATUS,RULE_SRC_URL,ENABLEMENT) values ('4547','104','isEnabled','Is the User Enabled',1,'provision/isEnabled.groovy',1);
Insert into IAMUSER.POLICY (POLICY_ID,POLICY_DEF_ID,NAME,DESCRIPTION,STATUS,RULE_SRC_URL,ENABLEMENT) values ('4548','104','GUID','GUID',1,'provision/guid.groovy',1);
Insert into IAMUSER.POLICY (POLICY_ID,POLICY_DEF_ID,NAME,DESCRIPTION,STATUS,RULE_SRC_URL,ENABLEMENT) values ('4562','104','principal','PRIMARY_PRINICPAL',1,'provision/primary_principal.groovy',1);
Insert into IAMUSER.POLICY (POLICY_ID,POLICY_DEF_ID,NAME,DESCRIPTION,STATUS,RULE_SRC_URL,ENABLEMENT) values ('4563','104','password','PRIMARY_PASSWORD',1,'provision/primary_pswd.groovy',1);
Insert into IAMUSER.POLICY (POLICY_ID,POLICY_DEF_ID,NAME,DESCRIPTION,STATUS,RULE_SRC_URL,ENABLEMENT) values ('4564','104','emailAddress','PRIMARY_EMAIL',1,'provision/primary_email.groovy',1);
Insert into IAMUSER.POLICY (POLICY_ID,POLICY_DEF_ID,NAME,DESCRIPTION,STATUS,RULE_SRC_URL,ENABLEMENT) values ('4565','104','domain','PRIMARY_DOMAIN',1,'provision/primaryDomain.groovy',1);
Insert into IAMUSER.POLICY (POLICY_ID,POLICY_DEF_ID,NAME,DESCRIPTION,STATUS,RULE_SRC_URL,ENABLEMENT) values ('4600','104','userName','Google User Name',1,'provision/gapps/gappsUid.groovy',1);
Insert into IAMUSER.POLICY (POLICY_ID,POLICY_DEF_ID,NAME,DESCRIPTION,STATUS,RULE_SRC_URL,ENABLEMENT) values ('4601','104','firstName','Google Fist Name',1,'provision/gapps/gappsFirstName.groovy',1);
Insert into IAMUSER.POLICY (POLICY_ID,POLICY_DEF_ID,NAME,DESCRIPTION,STATUS,RULE_SRC_URL,ENABLEMENT) values ('4602','104','lastName','Google Last Name',1,'provision/gapps/gappsLastName.groovy',1);
Insert into IAMUSER.POLICY (POLICY_ID,POLICY_DEF_ID,NAME,DESCRIPTION,STATUS,RULE_SRC_URL,ENABLEMENT) values ('4603','104','password','Google Password',1,'provision/gapps/gappsPassword.groovy',1);
Insert into IAMUSER.POLICY (POLICY_ID,POLICY_DEF_ID,NAME,DESCRIPTION,STATUS,RULE_SRC_URL,ENABLEMENT) values ('4630','104','ad-sAMAccountName','sAMAccountName',1,'provision/ad/sAMAccountName.groovy',1);
Insert into IAMUSER.POLICY (POLICY_ID,POLICY_DEF_ID,NAME,DESCRIPTION,STATUS,RULE_SRC_URL,ENABLEMENT) values ('4631','104','ad-givenName','givenName',1,'provision/gn.groovy',1);
Insert into IAMUSER.POLICY (POLICY_ID,POLICY_DEF_ID,NAME,DESCRIPTION,STATUS,RULE_SRC_URL,ENABLEMENT) values ('4632','104','ad-CN','CN',1,'provision/ad/adCN.groovy',1);
Insert into IAMUSER.POLICY (POLICY_ID,POLICY_DEF_ID,NAME,DESCRIPTION,STATUS,RULE_SRC_URL,ENABLEMENT) values ('4633','104','ad-ou','ou',1,'provision/ad/ou.groovy',1);
Insert into IAMUSER.POLICY (POLICY_ID,POLICY_DEF_ID,NAME,DESCRIPTION,STATUS,RULE_SRC_URL,ENABLEMENT) values ('4634','104','ad-objectclass','objectclass',1,'provision/ad/objectclass.groovy',1);
Insert into IAMUSER.POLICY (POLICY_ID,POLICY_DEF_ID,NAME,DESCRIPTION,STATUS,RULE_SRC_URL,ENABLEMENT) values ('4635','104','ad-profilePath','profilePath',1,'provision/ad/profilePath.groovy',1);
Insert into IAMUSER.POLICY (POLICY_ID,POLICY_DEF_ID,NAME,DESCRIPTION,STATUS,RULE_SRC_URL,ENABLEMENT) values ('4636','104','ad-homeDirectory','homeDirectory',1,'provision/ad/homeDirectory.groovy',1);
Insert into IAMUSER.POLICY (POLICY_ID,POLICY_DEF_ID,NAME,DESCRIPTION,STATUS,RULE_SRC_URL,ENABLEMENT) values ('4637','104','ad-homeDrive','homeDrive',1,'provision/ad/homeDrive.groovy',1);
Insert into IAMUSER.POLICY (POLICY_ID,POLICY_DEF_ID,NAME,DESCRIPTION,STATUS,RULE_SRC_URL,ENABLEMENT) values ('4639','104','ad-scriptPath','scriptPath',1,'provision/ad/scriptPath.groovy',1);
Insert into IAMUSER.POLICY (POLICY_ID,POLICY_DEF_ID,NAME,DESCRIPTION,STATUS,RULE_SRC_URL,ENABLEMENT) values ('4640','104','ad-company','company',1,'provision/ad/company.groovy',1);
Insert into IAMUSER.POLICY (POLICY_ID,POLICY_DEF_ID,NAME,DESCRIPTION,STATUS,RULE_SRC_URL,ENABLEMENT) values ('4642','104','ad-initials','initials',1,'provision/ad/initials.groovy',1);
Insert into IAMUSER.POLICY (POLICY_ID,POLICY_DEF_ID,NAME,DESCRIPTION,STATUS,RULE_SRC_URL,ENABLEMENT) values ('4643','104','ad-department','department',1,'provision/ad/department.groovy',1);
Insert into IAMUSER.POLICY (POLICY_ID,POLICY_DEF_ID,NAME,DESCRIPTION,STATUS,RULE_SRC_URL,ENABLEMENT) values ('4644','104','ad-telephoneNumber','telephoneNumber',1,'provision/ad/telephoneNumber.groovy',1);
Insert into IAMUSER.POLICY (POLICY_ID,POLICY_DEF_ID,NAME,DESCRIPTION,STATUS,RULE_SRC_URL,ENABLEMENT) values ('4645','104','ad-title','title',1,'provision/ad/title.groovy',1);
Insert into IAMUSER.POLICY (POLICY_ID,POLICY_DEF_ID,NAME,DESCRIPTION,STATUS,RULE_SRC_URL,ENABLEMENT) values ('4646','104','ad-unicodePwd','unicodePwd',1,'provision/ad/unicodePwd.groovy',1);
Insert into IAMUSER.POLICY (POLICY_ID,POLICY_DEF_ID,NAME,DESCRIPTION,STATUS,RULE_SRC_URL,ENABLEMENT) values ('4650','104','ad-userAccountControl','userAccountControl',1,'provision/ad/userAccountControl.groovy',1);
Insert into IAMUSER.POLICY (POLICY_ID,POLICY_DEF_ID,NAME,DESCRIPTION,STATUS,RULE_SRC_URL,ENABLEMENT) values ('4651','104','ad-userPrincipalName','userPrincipalName',1,'provision/ad/userPrincipalName.groovy',1);
Insert into IAMUSER.POLICY (POLICY_ID,POLICY_DEF_ID,NAME,DESCRIPTION,STATUS,RULE_SRC_URL,ENABLEMENT) values ('4652','104','ad-userGroup','Group Membership',1,'provision/ad/userGroup.groovy',1);
Insert into IAMUSER.POLICY (POLICY_ID,POLICY_DEF_ID,NAME,DESCRIPTION,STATUS,RULE_SRC_URL,ENABLEMENT) values ('4653','104','ad-streetAddress','Street Address',1,'provision/ad/street.groovy',1);
Insert into IAMUSER.POLICY (POLICY_ID,POLICY_DEF_ID,NAME,DESCRIPTION,STATUS,RULE_SRC_URL,ENABLEMENT) values ('4654','104','ad-city','City',1,'provision/ad/city.groovy',1);
Insert into IAMUSER.POLICY (POLICY_ID,POLICY_DEF_ID,NAME,DESCRIPTION,STATUS,RULE_SRC_URL,ENABLEMENT) values ('4655','104','ad-state','State',1,'provision/ad/state.groovy',1);
Insert into IAMUSER.POLICY (POLICY_ID,POLICY_DEF_ID,NAME,DESCRIPTION,STATUS,RULE_SRC_URL,ENABLEMENT) values ('4656','104','ad-zip','Zip',1,'provision/ad/zip.groovy',1);
Insert into IAMUSER.POLICY (POLICY_ID,POLICY_DEF_ID,NAME,DESCRIPTION,STATUS,RULE_SRC_URL,ENABLEMENT) values ('4657','104','sf-profile-grp','Sales Force Profile Group',1,'salesforce/salesforce-profile-group.groovy',1);


Insert into IAMUSER.POLICY_ATTRIBUTE (POLICY_ATTR_ID,DEF_PARAM_ID,POLICY_ID,NAME,OPERATION,VALUE1,VALUE2,RULE_TEXT) values ('4000','116','4000','NON_ALPHA_CHARS','RANGE',null,null,null);
Insert into IAMUSER.POLICY_ATTRIBUTE (POLICY_ATTR_ID,DEF_PARAM_ID,POLICY_ID,NAME,OPERATION,VALUE1,VALUE2,RULE_TEXT) values ('4001','131','4000','QUEST_SRC','','USER',null,null);
Insert into IAMUSER.POLICY_ATTRIBUTE (POLICY_ATTR_ID,DEF_PARAM_ID,POLICY_ID,NAME,OPERATION,VALUE1,VALUE2,RULE_TEXT) values ('4004','117','4000','ALPHA_CHARS','RANGE','',null,null);
Insert into IAMUSER.POLICY_ATTRIBUTE (POLICY_ATTR_ID,DEF_PARAM_ID,POLICY_ID,NAME,OPERATION,VALUE1,VALUE2,RULE_TEXT) values ('4007','114','4000','UPPERCASE_CHARS','RANGE',null,null,null);
Insert into IAMUSER.POLICY_ATTRIBUTE (POLICY_ATTR_ID,DEF_PARAM_ID,POLICY_ID,NAME,OPERATION,VALUE1,VALUE2,RULE_TEXT) values ('4008','113','4000','NUMERIC_CHARS','RANGE','1',null,null);
Insert into IAMUSER.POLICY_ATTRIBUTE (POLICY_ATTR_ID,DEF_PARAM_ID,POLICY_ID,NAME,OPERATION,VALUE1,VALUE2,RULE_TEXT) values ('4010','122','4000','PWD_NAME','boolean',null,null,null);
Insert into IAMUSER.POLICY_ATTRIBUTE (POLICY_ATTR_ID,DEF_PARAM_ID,POLICY_ID,NAME,OPERATION,VALUE1,VALUE2,RULE_TEXT) values ('4011','112','4000','PWD_LEN','RANGE','8','12',null);
Insert into IAMUSER.POLICY_ATTRIBUTE (POLICY_ATTR_ID,DEF_PARAM_ID,POLICY_ID,NAME,OPERATION,VALUE1,VALUE2,RULE_TEXT) values ('4012','120','4000','DICTIONARY_CHECK','boolean',null,null,null);
Insert into IAMUSER.POLICY_ATTRIBUTE (POLICY_ATTR_ID,DEF_PARAM_ID,POLICY_ID,NAME,OPERATION,VALUE1,VALUE2,RULE_TEXT) values ('4013','110','4000','PWD_HIST_VER',null,'6',null,null);
Insert into IAMUSER.POLICY_ATTRIBUTE (POLICY_ATTR_ID,DEF_PARAM_ID,POLICY_ID,NAME,OPERATION,VALUE1,VALUE2,RULE_TEXT) values ('4015','132','4000','QUEST_LIST',null,null,null,null);
Insert into IAMUSER.POLICY_ATTRIBUTE (POLICY_ATTR_ID,DEF_PARAM_ID,POLICY_ID,NAME,OPERATION,VALUE1,VALUE2,RULE_TEXT) values ('4016','130','4000','QUEST_COUNT',null,'3',null,null);
Insert into IAMUSER.POLICY_ATTRIBUTE (POLICY_ATTR_ID,DEF_PARAM_ID,POLICY_ID,NAME,OPERATION,VALUE1,VALUE2,RULE_TEXT) values ('4017','121','4000','PWD_LOGIN','boolean',null,null,null);
Insert into IAMUSER.POLICY_ATTRIBUTE (POLICY_ATTR_ID,DEF_PARAM_ID,POLICY_ID,NAME,OPERATION,VALUE1,VALUE2,RULE_TEXT) values ('4019','115','4000','LOWERCASE_CHARS','RANGE',null,null,null);
Insert into IAMUSER.POLICY_ATTRIBUTE (POLICY_ATTR_ID,DEF_PARAM_ID,POLICY_ID,NAME,OPERATION,VALUE1,VALUE2,RULE_TEXT) values ('4020','129','4000','PWD_EXP_WARN',null,'2',null,null);
Insert into IAMUSER.POLICY_ATTRIBUTE (POLICY_ATTR_ID,DEF_PARAM_ID,POLICY_ID,NAME,OPERATION,VALUE1,VALUE2,RULE_TEXT) values ('4023','111','4000','PWD_EXPIRATION',null,'90',null,null);
Insert into IAMUSER.POLICY_ATTRIBUTE (POLICY_ATTR_ID,DEF_PARAM_ID,POLICY_ID,NAME,OPERATION,VALUE1,VALUE2,RULE_TEXT) values ('4050','133','4000','PWD_EXP_GRACE',null,'1',null,null);
Insert into IAMUSER.POLICY_ATTRIBUTE (POLICY_ATTR_ID,DEF_PARAM_ID,POLICY_ID,NAME,OPERATION,VALUE1,VALUE2,RULE_TEXT) values ('4051','134','4000','CHNG_PSWD_ON_RESET',null,'1',null,null);
Insert into IAMUSER.POLICY_ATTRIBUTE (POLICY_ATTR_ID,DEF_PARAM_ID,POLICY_ID,NAME,OPERATION,VALUE1,VALUE2,RULE_TEXT) values ('4054','141','4000','PWD_EXPIRATION_ON_RESET',null,'2',null,null);
Insert into IAMUSER.POLICY_ATTRIBUTE (POLICY_ATTR_ID,DEF_PARAM_ID,POLICY_ID,NAME,OPERATION,VALUE1,VALUE2,RULE_TEXT) values ('4055','142','4000','PASSWORD_CHANGE_ALLOWED',null,'1',null,null);
Insert into IAMUSER.POLICY_ATTRIBUTE (POLICY_ATTR_ID,DEF_PARAM_ID,POLICY_ID,NAME,OPERATION,VALUE1,VALUE2,RULE_TEXT) values ('4056','170','4000','REJECT_CHARS_IN_PSWD',null,'<>',null,null);
Insert into IAMUSER.POLICY_ATTRIBUTE (POLICY_ATTR_ID,DEF_PARAM_ID,POLICY_ID,NAME,OPERATION,VALUE1,VALUE2,RULE_TEXT) values ('4057','171','4000','QUEST_ANSWER_CORRECT',null,'3',null,null);
Insert into IAMUSER.POLICY_ATTRIBUTE (POLICY_ATTR_ID,DEF_PARAM_ID,POLICY_ID,NAME,OPERATION,VALUE1,VALUE2,RULE_TEXT) values ('4101','151','4001','AUTO_UNLOCK_TIME','','30',null,null);
Insert into IAMUSER.POLICY_ATTRIBUTE (POLICY_ATTR_ID,DEF_PARAM_ID,POLICY_ID,NAME,OPERATION,VALUE1,VALUE2,RULE_TEXT) values ('4102','152','4001','TOKEN_TYPE','','OPENIAM_TOKEN',null,null);
Insert into IAMUSER.POLICY_ATTRIBUTE (POLICY_ATTR_ID,DEF_PARAM_ID,POLICY_ID,NAME,OPERATION,VALUE1,VALUE2,RULE_TEXT) values ('4103','153','4001','LOGIN_MODULE_SEL_POLCY','','',null,null);
Insert into IAMUSER.POLICY_ATTRIBUTE (POLICY_ATTR_ID,DEF_PARAM_ID,POLICY_ID,NAME,OPERATION,VALUE1,VALUE2,RULE_TEXT) values ('4104','154','4001','SUCCESS_URL','','',null,null);
Insert into IAMUSER.POLICY_ATTRIBUTE (POLICY_ATTR_ID,DEF_PARAM_ID,POLICY_ID,NAME,OPERATION,VALUE1,VALUE2,RULE_TEXT) values ('4105','155','4001','FAIL_URL','','',null,null);
Insert into IAMUSER.POLICY_ATTRIBUTE (POLICY_ATTR_ID,DEF_PARAM_ID,POLICY_ID,NAME,OPERATION,VALUE1,VALUE2,RULE_TEXT) values ('4107','157','4001','FAILED_AUTH_COUNT','','3',null,null);
Insert into IAMUSER.POLICY_ATTRIBUTE (POLICY_ATTR_ID,DEF_PARAM_ID,POLICY_ID,NAME,OPERATION,VALUE1,VALUE2,RULE_TEXT) values ('4108','158','4001','DEFAULT_LOGIN_MOD','','defaultLoginModule',null,null);
Insert into IAMUSER.POLICY_ATTRIBUTE (POLICY_ATTR_ID,DEF_PARAM_ID,POLICY_ID,NAME,OPERATION,VALUE1,VALUE2,RULE_TEXT) values ('4109','159','4001','TOKEN_LIFE','','30',null,null);
Insert into IAMUSER.POLICY_ATTRIBUTE (POLICY_ATTR_ID,DEF_PARAM_ID,POLICY_ID,NAME,OPERATION,VALUE1,VALUE2,RULE_TEXT) values ('4110','162','4001','TOKEN_ISSUER','','openiam',null,null);
Insert into IAMUSER.POLICY_ATTRIBUTE (POLICY_ATTR_ID,DEF_PARAM_ID,POLICY_ID,NAME,OPERATION,VALUE1,VALUE2,RULE_TEXT) values ('4111','163','4001','LOGIN_MOD_TYPE','','1',null,null);
Insert into IAMUSER.POLICY_ATTRIBUTE (POLICY_ATTR_ID,DEF_PARAM_ID,POLICY_ID,NAME,OPERATION,VALUE1,VALUE2,RULE_TEXT) values ('4112','164','4001','AUTH_REPOSITORY','',null,null,null);

Insert into IAMUSER.POLICY_OBJECT_ASSOC (POLICY_OBJECT_ID,POLICY_ID,ASSOCIATION_LEVEL,ASSOCIATION_VALUE,OBJECT_TYPE,OBJECT_ID,PARENT_ASSOC_ID) values ('1100','4000','GLOBAL','GLOBAL',null,null,null);

Insert into IAMUSER.RECONCILIATION_CONFIG (RECON_CONFIG_ID,RESOURCE_ID,FREQUENCY,STATUS) values ('4028b881373b90e501373b92ec180001','101','NIGHTLY','ACTIVE');

Insert into IAMUSER.RECONCILIATION_SITUATION (RECON_SITUATION_ID,RECON_CONFIG_ID,SITUATION,SITUATION_RESP,SCRIPT) values ('4028b881373b90e501373b92ec1f0002','4028b881373b90e501373b92ec180001','Match Found','UPD_IDM_USER','/recon/LDAPPopulationScript.groovy');
Insert into IAMUSER.RECONCILIATION_SITUATION (RECON_SITUATION_ID,RECON_CONFIG_ID,SITUATION,SITUATION_RESP,SCRIPT) values ('4028b881373b90e501373b92ec1f0003','4028b881373b90e501373b92ec180001','Login Not Found','CREATE_RES_ACCOUNT','');
Insert into IAMUSER.RECONCILIATION_SITUATION (RECON_SITUATION_ID,RECON_CONFIG_ID,SITUATION,SITUATION_RESP,SCRIPT) values ('4028b881373b90e501373b92ec1f0004','4028b881373b90e501373b92ec180001','IDM Delete','DEL_RES_ACCOUNT','');
Insert into IAMUSER.RECONCILIATION_SITUATION (RECON_SITUATION_ID,RECON_CONFIG_ID,SITUATION,SITUATION_RESP,SCRIPT) values ('4028b881373b90e501373b92ec1f0005','4028b881373b90e501373b92ec180001','Resource Delete','CREATE_RES_ACCOUNT','');
Insert into IAMUSER.RECONCILIATION_SITUATION (RECON_SITUATION_ID,RECON_CONFIG_ID,SITUATION,SITUATION_RESP,SCRIPT) values ('4028b881373b90e501373b92ec200006','4028b881373b90e501373b92ec180001','IDM Not Found','CREATE_IDM_ACCOUNT','/recon/LDAPPopulationScript.groovy');


Insert into IAMUSER.IDENTITY_QUEST_GRP (IDENTITY_QUEST_GRP_ID,NAME,STATUS,COMPANY_OWNER_ID) values ('GLOBAL','GLOBAL IDENTITY QUESTIONS','ACTIVE','GLOBAL');

Insert into IAMUSER.IDENTITY_QUESTION (IDENTITY_QUESTION_ID,IDENTITY_QUEST_GRP_ID,QUESTION_TEXT,ACTIVE) values ('200','GLOBAL','What are the last four digits of your social security number?','Y');
Insert into IAMUSER.IDENTITY_QUESTION (IDENTITY_QUESTION_ID,IDENTITY_QUEST_GRP_ID,QUESTION_TEXT,ACTIVE) values ('201','GLOBAL','What is your mothers maiden name?','Y');
Insert into IAMUSER.IDENTITY_QUESTION (IDENTITY_QUESTION_ID,IDENTITY_QUEST_GRP_ID,QUESTION_TEXT,ACTIVE) values ('202','GLOBAL','Where did you go to school?','Y');
Insert into IAMUSER.IDENTITY_QUESTION (IDENTITY_QUESTION_ID,IDENTITY_QUEST_GRP_ID,QUESTION_TEXT,ACTIVE) values ('203','GLOBAL','What is your pets name?','Y');
Insert into IAMUSER.IDENTITY_QUESTION (IDENTITY_QUESTION_ID,IDENTITY_QUEST_GRP_ID,QUESTION_TEXT,ACTIVE) values ('204','GLOBAL','What is your favorite food?','Y');
Insert into IAMUSER.IDENTITY_QUESTION (IDENTITY_QUESTION_ID,IDENTITY_QUEST_GRP_ID,QUESTION_TEXT,ACTIVE) values ('205','GLOBAL','What is your favorite color?','Y');
Insert into IAMUSER.IDENTITY_QUESTION (IDENTITY_QUESTION_ID,IDENTITY_QUEST_GRP_ID,QUESTION_TEXT,ACTIVE) values ('206','GLOBAL','Which city were you born in?','Y');
Insert into IAMUSER.IDENTITY_QUESTION (IDENTITY_QUESTION_ID,IDENTITY_QUEST_GRP_ID,QUESTION_TEXT,ACTIVE) values ('207','GLOBAL','What is your favorite sport?','Y');
Insert into IAMUSER.IDENTITY_QUESTION (IDENTITY_QUESTION_ID,IDENTITY_QUEST_GRP_ID,QUESTION_TEXT,ACTIVE) values ('209','GLOBAL','What are the last four digits of your drivers license?','Y');
Insert into IAMUSER.IDENTITY_QUESTION (IDENTITY_QUESTION_ID,IDENTITY_QUEST_GRP_ID,QUESTION_TEXT,ACTIVE) values ('210','GLOBAL','What is the name of your favorite school?','Y');
Insert into IAMUSER.IDENTITY_QUESTION (IDENTITY_QUESTION_ID,IDENTITY_QUEST_GRP_ID,QUESTION_TEXT,ACTIVE) values ('211','GLOBAL','What is the name of your first pet','Y');
Insert into IAMUSER.IDENTITY_QUESTION (IDENTITY_QUESTION_ID,IDENTITY_QUEST_GRP_ID,QUESTION_TEXT,ACTIVE) values ('212','GLOBAL','What is the name of your favorite movie, play or song?','Y');
Insert into IAMUSER.IDENTITY_QUESTION (IDENTITY_QUESTION_ID,IDENTITY_QUEST_GRP_ID,QUESTION_TEXT,ACTIVE) values ('213','GLOBAL','What is the title of your favorite book?','Y');
Insert into IAMUSER.IDENTITY_QUESTION (IDENTITY_QUESTION_ID,IDENTITY_QUEST_GRP_ID,QUESTION_TEXT,ACTIVE) values ('214','GLOBAL','What is the name of your first boy or girl friend?','Y');
Insert into IAMUSER.IDENTITY_QUESTION (IDENTITY_QUESTION_ID,IDENTITY_QUEST_GRP_ID,QUESTION_TEXT,ACTIVE) values ('215','GLOBAL','What is the name of your favorite school teacher?','Y');
Insert into IAMUSER.IDENTITY_QUESTION (IDENTITY_QUESTION_ID,IDENTITY_QUEST_GRP_ID,QUESTION_TEXT,ACTIVE) values ('216','GLOBAL','What is the year and nick name of your first car (Year-Name)?','Y');
Insert into IAMUSER.IDENTITY_QUESTION (IDENTITY_QUESTION_ID,IDENTITY_QUEST_GRP_ID,QUESTION_TEXT,ACTIVE) values ('217','GLOBAL','Where did you meet you significant other?','Y');
Insert into IAMUSER.IDENTITY_QUESTION (IDENTITY_QUESTION_ID,IDENTITY_QUEST_GRP_ID,QUESTION_TEXT,ACTIVE) values ('218','GLOBAL','What is the type and name of your first pet (Type-Name)?','Y');


Insert into IAMUSER.STATUS (STATUS_CD,STATUS_TYPE,DESCRIPTION,CODE_GROUP,LANGUAGE_CD,COMPANY_OWNER_ID,SERVICE_ID,WEIGHT) values ('MANAGER','String','MANAGER','JOB_CODE','en','100','USR_SEC_DOMAIN',null);
Insert into IAMUSER.STATUS (STATUS_CD,STATUS_TYPE,DESCRIPTION,CODE_GROUP,LANGUAGE_CD,COMPANY_OWNER_ID,SERVICE_ID,WEIGHT) values ('SALES REP','String','SALES REP','JOB_CODE','en','100','USR_SEC_DOMAIN',null);
Insert into IAMUSER.STATUS (STATUS_CD,STATUS_TYPE,DESCRIPTION,CODE_GROUP,LANGUAGE_CD,COMPANY_OWNER_ID,SERVICE_ID,WEIGHT) values ('SECURITY MANAGER','String','SECURITY MANAGER','JOB_CODE','en','100','USR_SEC_DOMAIN',null);
Insert into IAMUSER.STATUS (STATUS_CD,STATUS_TYPE,DESCRIPTION,CODE_GROUP,LANGUAGE_CD,COMPANY_OWNER_ID,SERVICE_ID,WEIGHT) values ('SERVICE REP','String','SERVICE REP','JOB_CODE','en','100','USR_SEC_DOMAIN',null);
Insert into IAMUSER.STATUS (STATUS_CD,STATUS_TYPE,DESCRIPTION,CODE_GROUP,LANGUAGE_CD,COMPANY_OWNER_ID,SERVICE_ID,WEIGHT) values ('ACCNT','String','Account','OBJECT_TYPE','en','100','IDM',null);
Insert into IAMUSER.STATUS (STATUS_CD,STATUS_TYPE,DESCRIPTION,CODE_GROUP,LANGUAGE_CD,COMPANY_OWNER_ID,SERVICE_ID,WEIGHT) values ('ADMGP','String','Admin Group','OBJECT_TYPE','en','100','IDM',null);
Insert into IAMUSER.STATUS (STATUS_CD,STATUS_TYPE,DESCRIPTION,CODE_GROUP,LANGUAGE_CD,COMPANY_OWNER_ID,SERVICE_ID,WEIGHT) values ('ADMIN','String','Administrator','OBJECT_TYPE','en','100','IDM',null);
Insert into IAMUSER.STATUS (STATUS_CD,STATUS_TYPE,DESCRIPTION,CODE_GROUP,LANGUAGE_CD,COMPANY_OWNER_ID,SERVICE_ID,WEIGHT) values ('ATTR','String','Attribute','OBJECT_TYPE','en','100','IDM',null);
Insert into IAMUSER.STATUS (STATUS_CD,STATUS_TYPE,DESCRIPTION,CODE_GROUP,LANGUAGE_CD,COMPANY_OWNER_ID,SERVICE_ID,WEIGHT) values ('BL','String','DISABLE','OPERATION','en','100','IDM',null);
Insert into IAMUSER.STATUS (STATUS_CD,STATUS_TYPE,DESCRIPTION,CODE_GROUP,LANGUAGE_CD,COMPANY_OWNER_ID,SERVICE_ID,WEIGHT) values ('DL','String','DELETE','OPERATION','en','100','IDM',null);
Insert into IAMUSER.STATUS (STATUS_CD,STATUS_TYPE,DESCRIPTION,CODE_GROUP,LANGUAGE_CD,COMPANY_OWNER_ID,SERVICE_ID,WEIGHT) values ('RJ','String','REJECT','OPERATION','en','100','IDM',null);
Insert into IAMUSER.STATUS (STATUS_CD,STATUS_TYPE,DESCRIPTION,CODE_GROUP,LANGUAGE_CD,COMPANY_OWNER_ID,SERVICE_ID,WEIGHT) values ('UB','String','UN-DISABLE','OPERATION','en','100','IDM',null);
Insert into IAMUSER.STATUS (STATUS_CD,STATUS_TYPE,DESCRIPTION,CODE_GROUP,LANGUAGE_CD,COMPANY_OWNER_ID,SERVICE_ID,WEIGHT) values ('OFF-LINE','String','OFF-LINE','SERVICE_STATUS','en','100','IDM',null);
Insert into IAMUSER.STATUS (STATUS_CD,STATUS_TYPE,DESCRIPTION,CODE_GROUP,LANGUAGE_CD,COMPANY_OWNER_ID,SERVICE_ID,WEIGHT) values ('READY','String','READY','SERVICE_STATUS','en','100','IDM',null);
Insert into IAMUSER.STATUS (STATUS_CD,STATUS_TYPE,DESCRIPTION,CODE_GROUP,LANGUAGE_CD,COMPANY_OWNER_ID,SERVICE_ID,WEIGHT) values ('ACTIVE','String','ACTIVE','USER','en','100','IDM',null);
Insert into IAMUSER.STATUS (STATUS_CD,STATUS_TYPE,DESCRIPTION,CODE_GROUP,LANGUAGE_CD,COMPANY_OWNER_ID,SERVICE_ID,WEIGHT) values ('APPROVAL_DECLINED','String','APPROVAL_DECLINED','USER','en','100','IDM',null);
Insert into IAMUSER.STATUS (STATUS_CD,STATUS_TYPE,DESCRIPTION,CODE_GROUP,LANGUAGE_CD,COMPANY_OWNER_ID,SERVICE_ID,WEIGHT) values ('DELETED','String','DELETED','USER','en','100','IDM',null);
Insert into IAMUSER.STATUS (STATUS_CD,STATUS_TYPE,DESCRIPTION,CODE_GROUP,LANGUAGE_CD,COMPANY_OWNER_ID,SERVICE_ID,WEIGHT) values ('INACTIVE','String','INACTIVE','USER','en','100','IDM',null);
Insert into IAMUSER.STATUS (STATUS_CD,STATUS_TYPE,DESCRIPTION,CODE_GROUP,LANGUAGE_CD,COMPANY_OWNER_ID,SERVICE_ID,WEIGHT) values ('LEAVE','String','LEAVE','USER','en','100','IDM',null);
Insert into IAMUSER.STATUS (STATUS_CD,STATUS_TYPE,DESCRIPTION,CODE_GROUP,LANGUAGE_CD,COMPANY_OWNER_ID,SERVICE_ID,WEIGHT) values ('PENDING_APPROVAL','String','PENDING_APPROVAL','USER','en','100','IDM',null);
Insert into IAMUSER.STATUS (STATUS_CD,STATUS_TYPE,DESCRIPTION,CODE_GROUP,LANGUAGE_CD,COMPANY_OWNER_ID,SERVICE_ID,WEIGHT) values ('PENDING_INITIAL_LOGIN','String','PENDING_INITIAL_LOGIN','USER','en','100','IDM',null);
Insert into IAMUSER.STATUS (STATUS_CD,STATUS_TYPE,DESCRIPTION,CODE_GROUP,LANGUAGE_CD,COMPANY_OWNER_ID,SERVICE_ID,WEIGHT) values ('PENDING_START_DATE','String','PENDING_START_DATE','USER','en','100','IDM',null);
Insert into IAMUSER.STATUS (STATUS_CD,STATUS_TYPE,DESCRIPTION,CODE_GROUP,LANGUAGE_CD,COMPANY_OWNER_ID,SERVICE_ID,WEIGHT) values ('PENDING_USER_VALIDATION','String','PENDING_USER_VALIDATION','USER','en','100','IDM',null);
Insert into IAMUSER.STATUS (STATUS_CD,STATUS_TYPE,DESCRIPTION,CODE_GROUP,LANGUAGE_CD,COMPANY_OWNER_ID,SERVICE_ID,WEIGHT) values ('RETIRED','String','RETIRED','USER','en','100','IDM',null);
Insert into IAMUSER.STATUS (STATUS_CD,STATUS_TYPE,DESCRIPTION,CODE_GROUP,LANGUAGE_CD,COMPANY_OWNER_ID,SERVICE_ID,WEIGHT) values ('TERMINATE','String','TERMINATE','USER','en','100','IDM',null);
Insert into IAMUSER.STATUS (STATUS_CD,STATUS_TYPE,DESCRIPTION,CODE_GROUP,LANGUAGE_CD,COMPANY_OWNER_ID,SERVICE_ID,WEIGHT) values ('DISABLED','String','DISABLED','USER_2ND_STATUS','en','100','IDM',null);
Insert into IAMUSER.STATUS (STATUS_CD,STATUS_TYPE,DESCRIPTION,CODE_GROUP,LANGUAGE_CD,COMPANY_OWNER_ID,SERVICE_ID,WEIGHT) values ('LOCKED','String','LOCKED','USER_2ND_STATUS','en','100','IDM',null);
Insert into IAMUSER.STATUS (STATUS_CD,STATUS_TYPE,DESCRIPTION,CODE_GROUP,LANGUAGE_CD,COMPANY_OWNER_ID,SERVICE_ID,WEIGHT) values ('LOCKED_ADMIN','String','LOCKED_ADMIN','USER_2ND_STATUS','en','100','IDM',null);
Insert into IAMUSER.STATUS (STATUS_CD,STATUS_TYPE,DESCRIPTION,CODE_GROUP,LANGUAGE_CD,COMPANY_OWNER_ID,SERVICE_ID,WEIGHT) values ('AFFILIATE','String','AFFILIATE','USER_TYPE','en','100','USR_SEC_DOMAIN',null);
Insert into IAMUSER.STATUS (STATUS_CD,STATUS_TYPE,DESCRIPTION,CODE_GROUP,LANGUAGE_CD,COMPANY_OWNER_ID,SERVICE_ID,WEIGHT) values ('CONTRACTOR','String','CONTRACTOR','USER_TYPE','en','100','USR_SEC_DOMAIN',null);
Insert into IAMUSER.STATUS (STATUS_CD,STATUS_TYPE,DESCRIPTION,CODE_GROUP,LANGUAGE_CD,COMPANY_OWNER_ID,SERVICE_ID,WEIGHT) values ('PERM FULL TIME','String','PERMANENT FULL TIME','USER_TYPE','en','100','USR_SEC_DOMAIN',null);
Insert into IAMUSER.STATUS (STATUS_CD,STATUS_TYPE,DESCRIPTION,CODE_GROUP,LANGUAGE_CD,COMPANY_OWNER_ID,SERVICE_ID,WEIGHT) values ('PERM PART TIME','String','PERMANENT PART TIME','USER_TYPE','en','100','USR_SEC_DOMAIN',null);
Insert into IAMUSER.STATUS (STATUS_CD,STATUS_TYPE,DESCRIPTION,CODE_GROUP,LANGUAGE_CD,COMPANY_OWNER_ID,SERVICE_ID,WEIGHT) values ('SYS ACCOUNT','String','SYSTEM ACCOUNT','USER_TYPE','en','100','USR_SEC_DOMAIN',null);
Insert into IAMUSER.STATUS (STATUS_CD,STATUS_TYPE,DESCRIPTION,CODE_GROUP,LANGUAGE_CD,COMPANY_OWNER_ID,SERVICE_ID,WEIGHT) values ('VENDOR','String','VENDOR','USER_TYPE','en','100','USR_SEC_DOMAIN',null);


Insert into IAMUSER.USERS (USER_ID,FIRST_NAME,LAST_NAME,MIDDLE_INIT,TYPE_ID,CLASSIFICATION,TITLE,DEPT_CD,DEPT_NAME,MAIL_CODE,DIVISION,COST_CENTER,STATUS,SECONDARY_STATUS,BIRTHDATE,SEX,CREATE_DATE,CREATED_BY,LAST_UPDATE,LAST_UPDATED_BY,PREFIX,SUFFIX,USER_TYPE_IND,EMPLOYEE_ID,EMPLOYEE_TYPE,LOCATION_CD,LOCATION_NAME,COMPANY_ID,COMPANY_OWNER_ID,JOB_CODE,MANAGER_ID,ALTERNATE_ID,START_DATE,LAST_DATE,MAIDEN_NAME,NICKNAME,PASSWORD_THEME,SHOW_IN_SEARCH,DEL_ADMIN,USER_OWNER_ID,DATE_PASSWORD_CHANGED,DATE_CHALLENGE_RESP_CHANGED,SYSTEM_FLAG) values ('0001','system','system',null,null,null,null,null,null,null,null,null,'ACTIVE',null,null,null,(SELECT to_timestamp('2013-05-20','YYYY-MM-DD') FROM DUAL),null,(SELECT to_timestamp('2013-05-20','YYYY-MM-DD') FROM DUAL),null,null,null,null,null,null,null,null,'100',null,null,null,null,null,null,null,null,null,null,null,null,null,null,'1');
Insert into IAMUSER.USERS (USER_ID,FIRST_NAME,LAST_NAME,MIDDLE_INIT,TYPE_ID,CLASSIFICATION,TITLE,DEPT_CD,DEPT_NAME,MAIL_CODE,DIVISION,COST_CENTER,STATUS,SECONDARY_STATUS,BIRTHDATE,SEX,CREATE_DATE,CREATED_BY,LAST_UPDATE,LAST_UPDATED_BY,PREFIX,SUFFIX,USER_TYPE_IND,EMPLOYEE_ID,EMPLOYEE_TYPE,LOCATION_CD,LOCATION_NAME,COMPANY_ID,COMPANY_OWNER_ID,JOB_CODE,MANAGER_ID,ALTERNATE_ID,START_DATE,LAST_DATE,MAIDEN_NAME,NICKNAME,PASSWORD_THEME,SHOW_IN_SEARCH,DEL_ADMIN,USER_OWNER_ID,DATE_PASSWORD_CHANGED,DATE_CHALLENGE_RESP_CHANGED,SYSTEM_FLAG) values ('3000','sys','',null,null,null,null,null,null,null,null,null,'ACTIVE',null,null,null,null,null,null,null,null,null,null,null,null,null,null,'100',null,null,null,null,null,null,null,null,null,null,null,null,null,null,null);
Insert into IAMUSER.USERS (USER_ID,FIRST_NAME,LAST_NAME,MIDDLE_INIT,TYPE_ID,CLASSIFICATION,TITLE,DEPT_CD,DEPT_NAME,MAIL_CODE,DIVISION,COST_CENTER,STATUS,SECONDARY_STATUS,BIRTHDATE,SEX,CREATE_DATE,CREATED_BY,LAST_UPDATE,LAST_UPDATED_BY,PREFIX,SUFFIX,USER_TYPE_IND,EMPLOYEE_ID,EMPLOYEE_TYPE,LOCATION_CD,LOCATION_NAME,COMPANY_ID,COMPANY_OWNER_ID,JOB_CODE,MANAGER_ID,ALTERNATE_ID,START_DATE,LAST_DATE,MAIDEN_NAME,NICKNAME,PASSWORD_THEME,SHOW_IN_SEARCH,DEL_ADMIN,USER_OWNER_ID,DATE_PASSWORD_CHANGED,DATE_CHALLENGE_RESP_CHANGED,SYSTEM_FLAG) values ('3001','sys2','',null,null,null,null,null,null,null,null,null,'ACTIVE',null,null,null,null,null,null,null,null,null,null,null,null,null,null,'100',null,null,null,null,null,null,null,null,null,null,null,null,null,null,null);
Insert into IAMUSER.USERS (USER_ID,FIRST_NAME,LAST_NAME,MIDDLE_INIT,TYPE_ID,CLASSIFICATION,TITLE,DEPT_CD,DEPT_NAME,MAIL_CODE,DIVISION,COST_CENTER,STATUS,SECONDARY_STATUS,BIRTHDATE,SEX,CREATE_DATE,CREATED_BY,LAST_UPDATE,LAST_UPDATED_BY,PREFIX,SUFFIX,USER_TYPE_IND,EMPLOYEE_ID,EMPLOYEE_TYPE,LOCATION_CD,LOCATION_NAME,COMPANY_ID,COMPANY_OWNER_ID,JOB_CODE,MANAGER_ID,ALTERNATE_ID,START_DATE,LAST_DATE,MAIDEN_NAME,NICKNAME,PASSWORD_THEME,SHOW_IN_SEARCH,DEL_ADMIN,USER_OWNER_ID,DATE_PASSWORD_CHANGED,DATE_CHALLENGE_RESP_CHANGED,SYSTEM_FLAG) values ('3006','Scott','Nelson',null,null,null,null,null,null,null,null,null,'ACTIVE',null,null,null,null,null,null,null,null,null,null,null,null,null,null,'100',null,null,null,null,null,null,null,null,null,null,null,null,null,null,null);
Insert into IAMUSER.USERS (USER_ID,FIRST_NAME,LAST_NAME,MIDDLE_INIT,TYPE_ID,CLASSIFICATION,TITLE,DEPT_CD,DEPT_NAME,MAIL_CODE,DIVISION,COST_CENTER,STATUS,SECONDARY_STATUS,BIRTHDATE,SEX,CREATE_DATE,CREATED_BY,LAST_UPDATE,LAST_UPDATED_BY,PREFIX,SUFFIX,USER_TYPE_IND,EMPLOYEE_ID,EMPLOYEE_TYPE,LOCATION_CD,LOCATION_NAME,COMPANY_ID,COMPANY_OWNER_ID,JOB_CODE,MANAGER_ID,ALTERNATE_ID,START_DATE,LAST_DATE,MAIDEN_NAME,NICKNAME,PASSWORD_THEME,SHOW_IN_SEARCH,DEL_ADMIN,USER_OWNER_ID,DATE_PASSWORD_CHANGED,DATE_CHALLENGE_RESP_CHANGED,SYSTEM_FLAG) values ('3007','HR','User',null,null,null,null,null,null,null,null,null,'ACTIVE',null,null,null,null,null,null,null,null,null,null,null,null,null,null,'100',null,null,null,null,null,null,null,null,null,null,null,null,null,null,null);
Insert into IAMUSER.USERS (USER_ID,FIRST_NAME,LAST_NAME,MIDDLE_INIT,TYPE_ID,CLASSIFICATION,TITLE,DEPT_CD,DEPT_NAME,MAIL_CODE,DIVISION,COST_CENTER,STATUS,SECONDARY_STATUS,BIRTHDATE,SEX,CREATE_DATE,CREATED_BY,LAST_UPDATE,LAST_UPDATED_BY,PREFIX,SUFFIX,USER_TYPE_IND,EMPLOYEE_ID,EMPLOYEE_TYPE,LOCATION_CD,LOCATION_NAME,COMPANY_ID,COMPANY_OWNER_ID,JOB_CODE,MANAGER_ID,ALTERNATE_ID,START_DATE,LAST_DATE,MAIDEN_NAME,NICKNAME,PASSWORD_THEME,SHOW_IN_SEARCH,DEL_ADMIN,USER_OWNER_ID,DATE_PASSWORD_CHANGED,DATE_CHALLENGE_RESP_CHANGED,SYSTEM_FLAG) values ('3008','Hiring','Manager',null,null,null,null,null,null,null,null,null,'ACTIVE',null,null,null,null,null,null,null,null,null,null,null,null,null,null,'100',null,null,null,null,null,null,null,null,null,null,null,null,null,null,null);
Insert into IAMUSER.USERS (USER_ID,FIRST_NAME,LAST_NAME,MIDDLE_INIT,TYPE_ID,CLASSIFICATION,TITLE,DEPT_CD,DEPT_NAME,MAIL_CODE,DIVISION,COST_CENTER,STATUS,SECONDARY_STATUS,BIRTHDATE,SEX,CREATE_DATE,CREATED_BY,LAST_UPDATE,LAST_UPDATED_BY,PREFIX,SUFFIX,USER_TYPE_IND,EMPLOYEE_ID,EMPLOYEE_TYPE,LOCATION_CD,LOCATION_NAME,COMPANY_ID,COMPANY_OWNER_ID,JOB_CODE,MANAGER_ID,ALTERNATE_ID,START_DATE,LAST_DATE,MAIDEN_NAME,NICKNAME,PASSWORD_THEME,SHOW_IN_SEARCH,DEL_ADMIN,USER_OWNER_ID,DATE_PASSWORD_CHANGED,DATE_CHALLENGE_RESP_CHANGED,SYSTEM_FLAG) values ('3009','Security','Manager',null,null,null,null,null,null,null,null,null,'ACTIVE',null,null,null,null,null,null,null,null,null,null,null,null,null,null,'100',null,null,null,null,null,null,null,null,null,null,null,null,null,null,null);
Insert into IAMUSER.USERS (USER_ID,FIRST_NAME,LAST_NAME,MIDDLE_INIT,TYPE_ID,CLASSIFICATION,TITLE,DEPT_CD,DEPT_NAME,MAIL_CODE,DIVISION,COST_CENTER,STATUS,SECONDARY_STATUS,BIRTHDATE,SEX,CREATE_DATE,CREATED_BY,LAST_UPDATE,LAST_UPDATED_BY,PREFIX,SUFFIX,USER_TYPE_IND,EMPLOYEE_ID,EMPLOYEE_TYPE,LOCATION_CD,LOCATION_NAME,COMPANY_ID,COMPANY_OWNER_ID,JOB_CODE,MANAGER_ID,ALTERNATE_ID,START_DATE,LAST_DATE,MAIDEN_NAME,NICKNAME,PASSWORD_THEME,SHOW_IN_SEARCH,DEL_ADMIN,USER_OWNER_ID,DATE_PASSWORD_CHANGED,DATE_CHALLENGE_RESP_CHANGED,SYSTEM_FLAG) values ('3010','Help','Desk',null,null,null,null,null,null,null,null,null,'ACTIVE',null,null,null,null,null,null,null,null,null,null,null,null,null,null,'100',null,null,null,null,null,null,null,null,null,null,null,null,null,null,null);

Insert into IAMUSER.LOGIN (SERVICE_ID,LOGIN,LOWERCASE_LOGIN,MANAGED_SYS_ID,IDENTITY_TYPE,CANONICAL_NAME,USER_ID,PASSWORD,PWD_EQUIVALENT_TOKEN,PWD_CHANGED,PWD_EXP,RESET_PWD,FIRST_TIME_LOGIN,IS_LOCKED,STATUS,GRACE_PERIOD,CREATE_DATE,CREATED_BY,CURRENT_LOGIN_HOST,AUTH_FAIL_COUNT,LAST_AUTH_ATTEMPT,LAST_LOGIN,LAST_LOGIN_IP,PREV_LOGIN,PREV_LOGIN_IP,IS_DEFAULT,PWD_CHANGE_COUNT,PSWD_RESET_TOKEN,PSWD_RESET_TOKEN_EXP,LOGIN_ID,LAST_UPDATE) values ('IDM','system','system','0',null,null,'0001','passwd00',null,null,null,0,1,0,null,null,(SELECT to_timestamp('2013-05-20','YYYY-MM-DD') FROM DUAL),null,null,0,null,null,null,null,null,0,0,null,null,'0',(SELECT to_timestamp('2013-05-20','YYYY-MM-DD') FROM DUAL));
Insert into IAMUSER.LOGIN (SERVICE_ID,LOGIN,LOWERCASE_LOGIN,MANAGED_SYS_ID,IDENTITY_TYPE,CANONICAL_NAME,USER_ID,PASSWORD,PWD_EQUIVALENT_TOKEN,PWD_CHANGED,PWD_EXP,RESET_PWD,FIRST_TIME_LOGIN,IS_LOCKED,STATUS,GRACE_PERIOD,CREATE_DATE,CREATED_BY,CURRENT_LOGIN_HOST,AUTH_FAIL_COUNT,LAST_AUTH_ATTEMPT,LAST_LOGIN,LAST_LOGIN_IP,PREV_LOGIN,PREV_LOGIN_IP,IS_DEFAULT,PWD_CHANGE_COUNT,PSWD_RESET_TOKEN,PSWD_RESET_TOKEN_EXP,LOGIN_ID,LAST_UPDATE) values ('IDM','sysadmin','sysadmin','0',null,null,'3000','passwd00',null,null,null,0,1,0,null,null,null,null,null,0,null,null,null,null,null,0,0,null,null,'1',(SELECT to_timestamp('2013-05-20','YYYY-MM-DD') FROM DUAL));
Insert into IAMUSER.LOGIN (SERVICE_ID,LOGIN,LOWERCASE_LOGIN,MANAGED_SYS_ID,IDENTITY_TYPE,CANONICAL_NAME,USER_ID,PASSWORD,PWD_EQUIVALENT_TOKEN,PWD_CHANGED,PWD_EXP,RESET_PWD,FIRST_TIME_LOGIN,IS_LOCKED,STATUS,GRACE_PERIOD,CREATE_DATE,CREATED_BY,CURRENT_LOGIN_HOST,AUTH_FAIL_COUNT,LAST_AUTH_ATTEMPT,LAST_LOGIN,LAST_LOGIN_IP,PREV_LOGIN,PREV_LOGIN_IP,IS_DEFAULT,PWD_CHANGE_COUNT,PSWD_RESET_TOKEN,PSWD_RESET_TOKEN_EXP,LOGIN_ID,LAST_UPDATE) values ('IDM','sysadmin2','sysadmin2','0',null,null,'3001','passwd00',null,null,null,0,1,0,null,null,null,null,null,0,null,null,null,null,null,0,0,null,null,'2',(SELECT to_timestamp('2013-05-20','YYYY-MM-DD') FROM DUAL));
Insert into IAMUSER.LOGIN (SERVICE_ID,LOGIN,LOWERCASE_LOGIN,MANAGED_SYS_ID,IDENTITY_TYPE,CANONICAL_NAME,USER_ID,PASSWORD,PWD_EQUIVALENT_TOKEN,PWD_CHANGED,PWD_EXP,RESET_PWD,FIRST_TIME_LOGIN,IS_LOCKED,STATUS,GRACE_PERIOD,CREATE_DATE,CREATED_BY,CURRENT_LOGIN_HOST,AUTH_FAIL_COUNT,LAST_AUTH_ATTEMPT,LAST_LOGIN,LAST_LOGIN_IP,PREV_LOGIN,PREV_LOGIN_IP,IS_DEFAULT,PWD_CHANGE_COUNT,PSWD_RESET_TOKEN,PSWD_RESET_TOKEN_EXP,LOGIN_ID,LAST_UPDATE) values ('USR_SEC_DOMAIN','helpdesk','helpdesk','0',null,null,'3010','passwd00',null,null,null,0,1,0,null,null,null,null,null,0,null,null,null,null,null,0,0,null,null,'3',(SELECT to_timestamp('2013-05-20','YYYY-MM-DD') FROM DUAL));
Insert into IAMUSER.LOGIN (SERVICE_ID,LOGIN,LOWERCASE_LOGIN,MANAGED_SYS_ID,IDENTITY_TYPE,CANONICAL_NAME,USER_ID,PASSWORD,PWD_EQUIVALENT_TOKEN,PWD_CHANGED,PWD_EXP,RESET_PWD,FIRST_TIME_LOGIN,IS_LOCKED,STATUS,GRACE_PERIOD,CREATE_DATE,CREATED_BY,CURRENT_LOGIN_HOST,AUTH_FAIL_COUNT,LAST_AUTH_ATTEMPT,LAST_LOGIN,LAST_LOGIN_IP,PREV_LOGIN,PREV_LOGIN_IP,IS_DEFAULT,PWD_CHANGE_COUNT,PSWD_RESET_TOKEN,PSWD_RESET_TOKEN_EXP,LOGIN_ID,LAST_UPDATE) values ('USR_SEC_DOMAIN','hrmanager','hrmanager','0',null,null,'3007','passwd00',null,null,null,0,1,0,null,null,null,null,null,0,null,null,null,null,null,0,0,null,null,'4',(SELECT to_timestamp('2013-05-20','YYYY-MM-DD') FROM DUAL));
Insert into IAMUSER.LOGIN (SERVICE_ID,LOGIN,LOWERCASE_LOGIN,MANAGED_SYS_ID,IDENTITY_TYPE,CANONICAL_NAME,USER_ID,PASSWORD,PWD_EQUIVALENT_TOKEN,PWD_CHANGED,PWD_EXP,RESET_PWD,FIRST_TIME_LOGIN,IS_LOCKED,STATUS,GRACE_PERIOD,CREATE_DATE,CREATED_BY,CURRENT_LOGIN_HOST,AUTH_FAIL_COUNT,LAST_AUTH_ATTEMPT,LAST_LOGIN,LAST_LOGIN_IP,PREV_LOGIN,PREV_LOGIN_IP,IS_DEFAULT,PWD_CHANGE_COUNT,PSWD_RESET_TOKEN,PSWD_RESET_TOKEN_EXP,LOGIN_ID,LAST_UPDATE) values ('USR_SEC_DOMAIN','manager','manager','0',null,null,'3008','passwd00',null,null,null,0,1,0,null,null,null,null,null,0,null,null,null,null,null,0,0,null,null,'5',(SELECT to_timestamp('2013-05-20','YYYY-MM-DD') FROM DUAL));
Insert into IAMUSER.LOGIN (SERVICE_ID,LOGIN,LOWERCASE_LOGIN,MANAGED_SYS_ID,IDENTITY_TYPE,CANONICAL_NAME,USER_ID,PASSWORD,PWD_EQUIVALENT_TOKEN,PWD_CHANGED,PWD_EXP,RESET_PWD,FIRST_TIME_LOGIN,IS_LOCKED,STATUS,GRACE_PERIOD,CREATE_DATE,CREATED_BY,CURRENT_LOGIN_HOST,AUTH_FAIL_COUNT,LAST_AUTH_ATTEMPT,LAST_LOGIN,LAST_LOGIN_IP,PREV_LOGIN,PREV_LOGIN_IP,IS_DEFAULT,PWD_CHANGE_COUNT,PSWD_RESET_TOKEN,PSWD_RESET_TOKEN_EXP,LOGIN_ID,LAST_UPDATE) values ('USR_SEC_DOMAIN','secmanager','secmanager','0',null,null,'3009','passwd00',null,null,null,0,1,0,null,null,null,null,null,0,null,null,null,null,null,0,0,null,null,'6',(SELECT to_timestamp('2013-05-20','YYYY-MM-DD') FROM DUAL));
Insert into IAMUSER.LOGIN (SERVICE_ID,LOGIN,LOWERCASE_LOGIN,MANAGED_SYS_ID,IDENTITY_TYPE,CANONICAL_NAME,USER_ID,PASSWORD,PWD_EQUIVALENT_TOKEN,PWD_CHANGED,PWD_EXP,RESET_PWD,FIRST_TIME_LOGIN,IS_LOCKED,STATUS,GRACE_PERIOD,CREATE_DATE,CREATED_BY,CURRENT_LOGIN_HOST,AUTH_FAIL_COUNT,LAST_AUTH_ATTEMPT,LAST_LOGIN,LAST_LOGIN_IP,PREV_LOGIN,PREV_LOGIN_IP,IS_DEFAULT,PWD_CHANGE_COUNT,PSWD_RESET_TOKEN,PSWD_RESET_TOKEN_EXP,LOGIN_ID,LAST_UPDATE) values ('USR_SEC_DOMAIN','snelson','snelson','0',null,null,'3006','passwd00',null,null,null,0,1,0,null,null,null,null,null,0,null,null,null,null,null,0,0,null,null,'7',(SELECT to_timestamp('2013-05-20','YYYY-MM-DD') FROM DUAL));
Insert into IAMUSER.LOGIN (SERVICE_ID,LOGIN,LOWERCASE_LOGIN,MANAGED_SYS_ID,IDENTITY_TYPE,CANONICAL_NAME,USER_ID,PASSWORD,PWD_EQUIVALENT_TOKEN,PWD_CHANGED,PWD_EXP,RESET_PWD,FIRST_TIME_LOGIN,IS_LOCKED,STATUS,GRACE_PERIOD,CREATE_DATE,CREATED_BY,CURRENT_LOGIN_HOST,AUTH_FAIL_COUNT,LAST_AUTH_ATTEMPT,LAST_LOGIN,LAST_LOGIN_IP,PREV_LOGIN,PREV_LOGIN_IP,IS_DEFAULT,PWD_CHANGE_COUNT,PSWD_RESET_TOKEN,PSWD_RESET_TOKEN_EXP,LOGIN_ID,LAST_UPDATE) values ('USR_SEC_DOMAIN','sysadmin','sysadmin','0',null,null,'3000','passwd00',null,null,null,0,1,0,null,null,null,null,null,0,null,null,null,null,null,0,0,null,null,'9',(SELECT to_timestamp('2013-05-20','YYYY-MM-DD') FROM DUAL));

Insert into IAMUSER.USER_ROLE (USER_ROLE_ID,USER_ID,STATUS,ROLE_ID) values ('101','3010','ACTIVE','2');

Insert into IAMUSER.USER_GRP (USER_GRP_ID,GRP_ID,USER_ID,STATUS) values ('1000','SUPER_SEC_ADMIN_GRP','3000','ACTIVE');
Insert into IAMUSER.USER_GRP (USER_GRP_ID,GRP_ID,USER_ID,STATUS) values ('1001','SUPER_SEC_ADMIN_GRP','3001','ACTIVE');
Insert into IAMUSER.USER_GRP (USER_GRP_ID,GRP_ID,USER_ID,STATUS) values ('1002','END_USER_GRP','3006','ACTIVE');
Insert into IAMUSER.USER_GRP (USER_GRP_ID,GRP_ID,USER_ID,STATUS) values ('1003','HR_GRP','3007','ACTIVE');
Insert into IAMUSER.USER_GRP (USER_GRP_ID,GRP_ID,USER_ID,STATUS) values ('1004','MNGR_GRP','3008','ACTIVE');
Insert into IAMUSER.USER_GRP (USER_GRP_ID,GRP_ID,USER_ID,STATUS) values ('1005','SECURITY_GRP','3009','ACTIVE');

Insert into IAMUSER.AUTH_STATE (USER_ID,AUTH_STATE,TOKEN,AA,EXPIRATION,LAST_LOGIN,IP_ADDRESS) values ('3000',0.0,null,'OPENIAM',0,null,null);
Insert into IAMUSER.AUTH_STATE (USER_ID,AUTH_STATE,TOKEN,AA,EXPIRATION,LAST_LOGIN,IP_ADDRESS) values ('3001',0.0,null,'OPENIAM',0,null,null);
Insert into IAMUSER.AUTH_STATE (USER_ID,AUTH_STATE,TOKEN,AA,EXPIRATION,LAST_LOGIN,IP_ADDRESS) values ('3006',0.0,null,'OPENIAM',0,null,null);
Insert into IAMUSER.AUTH_STATE (USER_ID,AUTH_STATE,TOKEN,AA,EXPIRATION,LAST_LOGIN,IP_ADDRESS) values ('3007',0.0,null,'OPENIAM',0,null,null);
Insert into IAMUSER.AUTH_STATE (USER_ID,AUTH_STATE,TOKEN,AA,EXPIRATION,LAST_LOGIN,IP_ADDRESS) values ('3008',0.0,null,'OPENIAM',0,null,null);
Insert into IAMUSER.AUTH_STATE (USER_ID,AUTH_STATE,TOKEN,AA,EXPIRATION,LAST_LOGIN,IP_ADDRESS) values ('3009',0.0,null,'OPENIAM',0,null,null);

Insert into IAMUSER.AUTH_LEVEL (AUTH_LEVEL_ID,AUTH_LEVEL_NAME,AUTH_LEVEL_DIG) values ('CERT_AUTH','Certification Authentication',2);
Insert into IAMUSER.AUTH_LEVEL (AUTH_LEVEL_ID,AUTH_LEVEL_NAME,AUTH_LEVEL_DIG) values ('PASSWORD_AUTH','Password Authentication',1);
