use openiam;

DELETE FROM res_to_res_membership WHERE MEMBER_RESOURCE_ID IN('CONTENT_PROV_ROOT', 'CONTENT_PROV_EDIT', 'CONTENT_PROV_SEARCH_CHILD',
                                                              'CONTENT_PROV_SEARCH', 'CONTENT_PROV_NEW','CONTENT_PROV_EDIT_SEARCH',
                                                              'CONTENT_PROV_NEW_EDIT',	'CONTENT_PROV_EDIT_CURRENT','CONTENT_PROV_SERVER',
                                                              'CONTENT_PROV_URL_PATTERN', 'URI_PATTERN_EDIT', 'URI_PATTERN_EDT_PROV_SEARCH',
                                                              'URI_PATTERN_EDT_PTRN_SEARCH', 'URI_PATTERN_EDIT_NEW_PATTERN',
                                                              'URI_PATTERN_EDIT_PATTERN', 'URI_PATTERN_EDIT_META');

DELETE FROM res_to_res_membership WHERE RESOURCE_ID IN('CONTENT_PROV_ROOT', 'CONTENT_PROV_EDIT', 'CONTENT_PROV_SEARCH_CHILD',
                                                       'CONTENT_PROV_SEARCH', 'CONTENT_PROV_NEW','CONTENT_PROV_EDIT_SEARCH',
                                                       'CONTENT_PROV_NEW_EDIT',	'CONTENT_PROV_EDIT_CURRENT','CONTENT_PROV_SERVER',
                                                       'CONTENT_PROV_URL_PATTERN', 'URI_PATTERN_EDIT', 'URI_PATTERN_EDT_PROV_SEARCH',
                                                       'URI_PATTERN_EDT_PTRN_SEARCH', 'URI_PATTERN_EDIT_NEW_PATTERN',
                                                       'URI_PATTERN_EDIT_PATTERN', 'URI_PATTERN_EDIT_META');

DELETE FROM RESOURCE_PROP WHERE RESOURCE_ID IN('CONTENT_PROV_ROOT', 'CONTENT_PROV_EDIT', 'CONTENT_PROV_SEARCH_CHILD',
                                               'CONTENT_PROV_SEARCH', 'CONTENT_PROV_NEW','CONTENT_PROV_EDIT_SEARCH',
                                               'CONTENT_PROV_NEW_EDIT',	'CONTENT_PROV_EDIT_CURRENT','CONTENT_PROV_SERVER',
                                               'CONTENT_PROV_URL_PATTERN', 'URI_PATTERN_EDIT', 'URI_PATTERN_EDT_PROV_SEARCH',
                                               'URI_PATTERN_EDT_PTRN_SEARCH', 'URI_PATTERN_EDIT_NEW_PATTERN',
                                               'URI_PATTERN_EDIT_PATTERN', 'URI_PATTERN_EDIT_META');

DELETE FROM RES WHERE RESOURCE_ID IN('CONTENT_PROV_ROOT', 'CONTENT_PROV_EDIT', 'CONTENT_PROV_SEARCH_CHILD',
                                     'CONTENT_PROV_SEARCH', 'CONTENT_PROV_NEW','CONTENT_PROV_EDIT_SEARCH',
                                     'CONTENT_PROV_NEW_EDIT',	'CONTENT_PROV_EDIT_CURRENT','CONTENT_PROV_SERVER',
                                     'CONTENT_PROV_URL_PATTERN', 'URI_PATTERN_EDIT', 'URI_PATTERN_EDT_PROV_SEARCH',
                                     'URI_PATTERN_EDT_PTRN_SEARCH', 'URI_PATTERN_EDIT_NEW_PATTERN',
                                     'URI_PATTERN_EDIT_PATTERN', 'URI_PATTERN_EDIT_META');


INSERT INTO RES (RESOURCE_ID, RESOURCE_TYPE_ID, NAME, DESCRIPTION, URL) VALUES('CONTENT_PROV_SEARCH_CHILD', 'MENU_ITEM', 'CONTENT_PROV_SEARCH_CHILD', 'Content Provider Search', '/webconsole-am/contentProviders.html');
INSERT INTO RESOURCE_PROP (RESOURCE_PROP_ID, RESOURCE_ID, NAME, PROP_VALUE) VALUES ('CONTENT_PROV_SEARCH_CHILD_PUB', 'CONTENT_PROV_SEARCH_CHILD', 'MENU_IS_PUBLIC', 'true');
INSERT INTO RESOURCE_PROP (RESOURCE_PROP_ID, RESOURCE_ID, NAME, PROP_VALUE) VALUES ('CONTENT_PROV_SEARCH_CHILD_PUB_DESC', 'CONTENT_PROV_SEARCH_CHILD', 'MENU_DISPLAY_NAME', 'Content Providers');
INSERT INTO res_to_res_membership (RESOURCE_ID, MEMBER_RESOURCE_ID) VALUES('ACC_CONTROL', 'CONTENT_PROV_SEARCH_CHILD');

INSERT INTO RES (RESOURCE_ID, RESOURCE_TYPE_ID, NAME, DESCRIPTION) VALUES('CONTENT_PROV_ROOT', 'MENU_ITEM', 'CONTENT_PROV_ROOT', 'Content Provider Root Menu');
INSERT INTO RESOURCE_PROP (RESOURCE_PROP_ID, RESOURCE_ID, NAME, PROP_VALUE) VALUES ('CONTENT_PROV_ROOT_PUB', 'CONTENT_PROV_ROOT', 'MENU_IS_PUBLIC', 'true');
INSERT INTO RESOURCE_PROP (RESOURCE_PROP_ID, RESOURCE_ID, NAME, PROP_VALUE) VALUES ('CONTENT_PROV_ROOT_DESC', 'CONTENT_PROV_ROOT', 'MENU_DISPLAY_NAME', 'Content Provider Root Menu');


INSERT INTO RES (RESOURCE_ID, RESOURCE_TYPE_ID, NAME, DESCRIPTION, URL) VALUES('CONTENT_PROV_SEARCH', 'MENU_ITEM', 'CONTENT_PROV_SEARCH', 'Search Content Providers', '/webconsole-am/contentProviders.html');
INSERT INTO RESOURCE_PROP (RESOURCE_PROP_ID, RESOURCE_ID, NAME, PROP_VALUE) VALUES ('CONTENT_PROV_SEARCH_PUB', 'CONTENT_PROV_SEARCH', 'MENU_IS_PUBLIC', 'true');
INSERT INTO RESOURCE_PROP (RESOURCE_PROP_ID, RESOURCE_ID, NAME, PROP_VALUE) VALUES ('CONTENT_PROV_SEARCH_DESC', 'CONTENT_PROV_SEARCH', 'MENU_DISPLAY_NAME', 'Search Content Providers');


INSERT INTO RES (RESOURCE_ID, RESOURCE_TYPE_ID, NAME, DESCRIPTION, URL) VALUES('CONTENT_PROV_NEW', 'MENU_ITEM', 'CONTENT_PROV_NEW', 'Create Content Provider', '/webconsole-am/newContentProvider.html');
INSERT INTO RESOURCE_PROP (RESOURCE_PROP_ID, RESOURCE_ID, NAME, PROP_VALUE) VALUES ('CONTENT_PROV_NEW_PUB', 'CONTENT_PROV_NEW', 'MENU_IS_PUBLIC', 'true');
INSERT INTO RESOURCE_PROP (RESOURCE_PROP_ID, RESOURCE_ID, NAME, PROP_VALUE) VALUES ('CONTENT_PROV_NEW_DSC', 'CONTENT_PROV_NEW', 'MENU_DISPLAY_NAME', 'Create New Provider');

INSERT INTO res_to_res_membership (RESOURCE_ID, MEMBER_RESOURCE_ID) VALUES('CONTENT_PROV_ROOT', 'CONTENT_PROV_SEARCH');
INSERT INTO res_to_res_membership (RESOURCE_ID, MEMBER_RESOURCE_ID) VALUES('CONTENT_PROV_ROOT', 'CONTENT_PROV_NEW');




INSERT INTO RES (RESOURCE_ID, RESOURCE_TYPE_ID, NAME, DESCRIPTION) VALUES('CONTENT_PROV_EDIT', 'MENU_ITEM', 'CONTENT_PROV_EDIT', 'Content Provider Edit Menu');
INSERT INTO RESOURCE_PROP (RESOURCE_PROP_ID, RESOURCE_ID, NAME, PROP_VALUE) VALUES ('CONTENT_PROV_EDIT_PUB', 'CONTENT_PROV_EDIT', 'MENU_IS_PUBLIC', 'true');
INSERT INTO RESOURCE_PROP (RESOURCE_PROP_ID, RESOURCE_ID, NAME, PROP_VALUE) VALUES ('CONTENT_PROV_EDIT_DESC', 'CONTENT_PROV_EDIT', 'MENU_DISPLAY_NAME', 'Content Provider Edit Menu');


INSERT INTO RES (RESOURCE_ID, RESOURCE_TYPE_ID, NAME, DESCRIPTION, URL) VALUES('CONTENT_PROV_EDIT_SEARCH', 'MENU_ITEM', 'CONTENT_PROV_EDIT_SEARCH', 'Back to Search', '/webconsole-am/contentProviders.html');
INSERT INTO RESOURCE_PROP (RESOURCE_PROP_ID, RESOURCE_ID, NAME, PROP_VALUE) VALUES ('CONTENT_PROV_EDIT_SEARCH_PUB', 'CONTENT_PROV_EDIT_SEARCH', 'MENU_IS_PUBLIC', 'true');
INSERT INTO RESOURCE_PROP (RESOURCE_PROP_ID, RESOURCE_ID, NAME, PROP_VALUE) VALUES ('CONTENT_PROV_EDIT_SEARCH_DESC', 'CONTENT_PROV_EDIT_SEARCH', 'MENU_DISPLAY_NAME', 'Back to Search');


INSERT INTO RES (RESOURCE_ID, RESOURCE_TYPE_ID, NAME, DESCRIPTION, URL) VALUES('CONTENT_PROV_NEW_EDIT', 'MENU_ITEM', 'CONTENT_PROV_NEW_EDIT', 'Create Content Provider', '/webconsole-am/newContentProvider.html');
INSERT INTO RESOURCE_PROP (RESOURCE_PROP_ID, RESOURCE_ID, NAME, PROP_VALUE) VALUES ('CONTENT_PROV_NEW_EDIT_PUB', 'CONTENT_PROV_NEW_EDIT', 'MENU_IS_PUBLIC', 'true');
INSERT INTO RESOURCE_PROP (RESOURCE_PROP_ID, RESOURCE_ID, NAME, PROP_VALUE) VALUES ('ACONTENT_PROV_NEW_EDIT_PUB_DESC', 'CONTENT_PROV_NEW_EDIT', 'MENU_DISPLAY_NAME', 'Create New Provider');

INSERT INTO RES (RESOURCE_ID, RESOURCE_TYPE_ID, NAME, DESCRIPTION, URL) VALUES('CONTENT_PROV_EDIT_CURRENT', 'MENU_ITEM', 'CONTENT_PROV_EDIT_CURRENT', 'Edit Current Provider', '/webconsole-am/editContentProvider.html');
INSERT INTO RESOURCE_PROP (RESOURCE_PROP_ID, RESOURCE_ID, NAME, PROP_VALUE) VALUES ('CONTENT_PROV_EDIT_CURRENT_PUB', 'CONTENT_PROV_EDIT_CURRENT', 'MENU_IS_PUBLIC', 'true');
INSERT INTO RESOURCE_PROP (RESOURCE_PROP_ID, RESOURCE_ID, NAME, PROP_VALUE) VALUES ('CONTENT_PROV_EDIT_CURRENT_DESC', 'CONTENT_PROV_EDIT_CURRENT', 'MENU_DISPLAY_NAME', 'Edit Provider');

INSERT INTO RES (RESOURCE_ID, RESOURCE_TYPE_ID, NAME, DESCRIPTION, URL) VALUES('CONTENT_PROV_SERVER', 'MENU_ITEM', 'CONTENT_PROV_SERVER', 'Application Servers', '/webconsole-am/contentProviderServers.html');
INSERT INTO RESOURCE_PROP (RESOURCE_PROP_ID, RESOURCE_ID, NAME, PROP_VALUE) VALUES ('CONTENT_PROV_SERVER_PUB', 'CONTENT_PROV_SERVER', 'MENU_IS_PUBLIC', 'true');
INSERT INTO RESOURCE_PROP (RESOURCE_PROP_ID, RESOURCE_ID, NAME, PROP_VALUE) VALUES ('CONTENT_PROV_SERVER_CURRENT_DESC', 'CONTENT_PROV_SERVER', 'MENU_DISPLAY_NAME', 'Application Servers');

INSERT INTO RES (RESOURCE_ID, RESOURCE_TYPE_ID, NAME, DESCRIPTION, URL) VALUES('CONTENT_PROV_URL_PATTERN', 'MENU_ITEM', 'CONTENT_PROV_URL_PATTERN', 'Url Patterns', '/webconsole-am/contentProviderPatterns.html');
INSERT INTO RESOURCE_PROP (RESOURCE_PROP_ID, RESOURCE_ID, NAME, PROP_VALUE) VALUES ('CONTENT_PROV_URL_PATTERN_PUB', 'CONTENT_PROV_URL_PATTERN', 'MENU_IS_PUBLIC', 'true');
INSERT INTO RESOURCE_PROP (RESOURCE_PROP_ID, RESOURCE_ID, NAME, PROP_VALUE) VALUES ('CONTENT_PROV_URL_PATTERN_CURRENT_DESC', 'CONTENT_PROV_URL_PATTERN', 'MENU_DISPLAY_NAME', 'Url Patterns');


INSERT INTO res_to_res_membership (RESOURCE_ID, MEMBER_RESOURCE_ID) VALUES('CONTENT_PROV_EDIT', 'CONTENT_PROV_EDIT_SEARCH');
INSERT INTO res_to_res_membership (RESOURCE_ID, MEMBER_RESOURCE_ID) VALUES('CONTENT_PROV_EDIT', 'CONTENT_PROV_NEW_EDIT');
INSERT INTO res_to_res_membership (RESOURCE_ID, MEMBER_RESOURCE_ID) VALUES('CONTENT_PROV_EDIT', 'CONTENT_PROV_EDIT_CURRENT');
INSERT INTO res_to_res_membership (RESOURCE_ID, MEMBER_RESOURCE_ID) VALUES('CONTENT_PROV_EDIT', 'CONTENT_PROV_SERVER');
INSERT INTO res_to_res_membership (RESOURCE_ID, MEMBER_RESOURCE_ID) VALUES('CONTENT_PROV_EDIT', 'CONTENT_PROV_URL_PATTERN');


INSERT INTO RES (RESOURCE_ID, RESOURCE_TYPE_ID, NAME, DESCRIPTION) VALUES('URI_PATTERN_EDIT', 'MENU_ITEM', 'URI_PATTERN_EDIT', 'URI Pattern Edit Menu');
INSERT INTO RESOURCE_PROP (RESOURCE_PROP_ID, RESOURCE_ID, NAME, PROP_VALUE) VALUES ('URI_PATTERN_EDIT_PUB', 'URI_PATTERN_EDIT', 'MENU_IS_PUBLIC', 'true');
INSERT INTO RESOURCE_PROP (RESOURCE_PROP_ID, RESOURCE_ID, NAME, PROP_VALUE) VALUES ('URI_PATTERN_EDIT_DESC', 'URI_PATTERN_EDIT', 'MENU_DISPLAY_NAME', 'URI Pattern Edit Menu');

INSERT INTO RES (RESOURCE_ID, RESOURCE_TYPE_ID, NAME, DESCRIPTION, URL) VALUES('URI_PATTERN_EDT_PROV_SEARCH', 'MENU_ITEM', 'URI_PATTERN_EDT_PROV_SEARCH', 'Context Provider Search', '/webconsole-am/contentProviders.html');
INSERT INTO RESOURCE_PROP (RESOURCE_PROP_ID, RESOURCE_ID, NAME, PROP_VALUE) VALUES ('URI_PATTERN_EDT_PROV_SEARCH_PUB', 'URI_PATTERN_EDT_PROV_SEARCH', 'MENU_IS_PUBLIC', 'true');
INSERT INTO RESOURCE_PROP (RESOURCE_PROP_ID, RESOURCE_ID, NAME, PROP_VALUE) VALUES ('URI_PATTERN_EDT_PROV_SEARCH_DESC', 'URI_PATTERN_EDT_PROV_SEARCH', 'MENU_DISPLAY_NAME', 'Context Provider Search');

INSERT INTO RES (RESOURCE_ID, RESOURCE_TYPE_ID, NAME, DESCRIPTION, URL) VALUES('URI_PATTERN_EDT_PTRN_SEARCH', 'MENU_ITEM', 'URI_PATTERN_EDT_PTRN_SEARCH', 'URI Pattern Search', '/webconsole-am/contentProviderPatterns.html');
INSERT INTO RESOURCE_PROP (RESOURCE_PROP_ID, RESOURCE_ID, NAME, PROP_VALUE) VALUES ('URI_PATTERN_EDT_PTRN_SEARCH_PUB', 'URI_PATTERN_EDT_PTRN_SEARCH', 'MENU_IS_PUBLIC', 'true');
INSERT INTO RESOURCE_PROP (RESOURCE_PROP_ID, RESOURCE_ID, NAME, PROP_VALUE) VALUES ('URI_PATTERN_EDT_PTRN_SEARCH_DESC', 'URI_PATTERN_EDT_PTRN_SEARCH', 'MENU_DISPLAY_NAME', 'URI Pattern Search');

INSERT INTO RES (RESOURCE_ID, RESOURCE_TYPE_ID, NAME, DESCRIPTION, URL) VALUES('URI_PATTERN_EDIT_NEW_PATTERN', 'MENU_ITEM', 'URI_PATTERN_EDIT_NEW_PATTERN', 'Create URI Pattern', '/webconsole-am/newProviderPattern.html');
INSERT INTO RESOURCE_PROP (RESOURCE_PROP_ID, RESOURCE_ID, NAME, PROP_VALUE) VALUES ('URI_PATTERN_EDIT_NEW_PATTERN_PUB', 'URI_PATTERN_EDIT_NEW_PATTERN', 'MENU_IS_PUBLIC', 'true');
INSERT INTO RESOURCE_PROP (RESOURCE_PROP_ID, RESOURCE_ID, NAME, PROP_VALUE) VALUES ('URI_PATTERN_EDIT_NEW_PATTERN_DESC', 'URI_PATTERN_EDIT_NEW_PATTERN', 'MENU_DISPLAY_NAME', 'Create URI Pattern');

INSERT INTO RES (RESOURCE_ID, RESOURCE_TYPE_ID, NAME, DESCRIPTION, URL) VALUES('URI_PATTERN_EDIT_PATTERN', 'MENU_ITEM', 'URI_PATTERN_EDIT_PATTERN', 'Edit URI Pattern', '/webconsole-am/editProviderPattern.html');
INSERT INTO RESOURCE_PROP (RESOURCE_PROP_ID, RESOURCE_ID, NAME, PROP_VALUE) VALUES ('URI_PATTERN_EDIT_PATTERN_PUB', 'URI_PATTERN_EDIT_PATTERN', 'MENU_IS_PUBLIC', 'true');
INSERT INTO RESOURCE_PROP (RESOURCE_PROP_ID, RESOURCE_ID, NAME, PROP_VALUE) VALUES ('URI_PATTERN_EDIT_PATTERN_DESC', 'URI_PATTERN_EDIT_PATTERN', 'MENU_DISPLAY_NAME', 'Edit URI Pattern');

INSERT INTO RES (RESOURCE_ID, RESOURCE_TYPE_ID, NAME, DESCRIPTION, URL) VALUES('URI_PATTERN_EDIT_META', 'MENU_ITEM', 'URI_PATTERN_EDIT_META', 'URI Pattern Meta data', '/webconsole-am/patternMetadata.html');
INSERT INTO RESOURCE_PROP (RESOURCE_PROP_ID, RESOURCE_ID, NAME, PROP_VALUE) VALUES ('URI_PATTERN_EDIT_META_PUB', 'URI_PATTERN_EDIT_META', 'MENU_IS_PUBLIC', 'true');
INSERT INTO RESOURCE_PROP (RESOURCE_PROP_ID, RESOURCE_ID, NAME, PROP_VALUE) VALUES ('URI_PATTERN_EDIT_META_DESC', 'URI_PATTERN_EDIT_META', 'MENU_DISPLAY_NAME', 'URI Pattern Meta data');


INSERT INTO res_to_res_membership (RESOURCE_ID, MEMBER_RESOURCE_ID) VALUES('URI_PATTERN_EDIT', 'URI_PATTERN_EDT_PROV_SEARCH');
INSERT INTO res_to_res_membership (RESOURCE_ID, MEMBER_RESOURCE_ID) VALUES('URI_PATTERN_EDIT', 'URI_PATTERN_EDT_PTRN_SEARCH');
INSERT INTO res_to_res_membership (RESOURCE_ID, MEMBER_RESOURCE_ID) VALUES('URI_PATTERN_EDIT', 'URI_PATTERN_EDIT_NEW_PATTERN');
INSERT INTO res_to_res_membership (RESOURCE_ID, MEMBER_RESOURCE_ID) VALUES('URI_PATTERN_EDIT', 'URI_PATTERN_EDIT_PATTERN');
INSERT INTO res_to_res_membership (RESOURCE_ID, MEMBER_RESOURCE_ID) VALUES('URI_PATTERN_EDIT', 'URI_PATTERN_EDIT_META');



